Timestamp,From Bank,Account,To Bank,Account.1,Amount Received,Receiving Currency,Amount Paid,Payment Currency,Payment Format,Is Laundering
2026-01-01 08:00:00,0,A200,0,A150,261.31,USD,261.31,USD,ACH,0
2026-01-01 08:00:00,1,A241,4,A169,976.82,USD,976.82,USD,ACH,0
2026-01-01 08:01:00,1,A1,3,A218,143.19,USD,143.19,USD,ACH,0
2026-01-01 08:03:00,1,A21,2,A182,331.4,USD,331.4,USD,ACH,0
2026-01-01 08:03:00,2,A157,3,A38,256.63,USD,256.63,USD,ACH,0
2026-01-01 08:06:00,1,A171,1,A291,187.1,USD,187.1,USD,ACH,0
2026-01-01 08:08:00,4,A189,1,A1,605.82,USD,605.82,USD,ACH,0
2026-01-01 08:09:00,2,A142,4,A224,1097.39,USD,1097.39,USD,ACH,0
2026-01-01 08:10:00,0,A250,1,A21,243.08,USD,243.08,USD,ACH,0
2026-01-01 08:11:00,4,A109,1,A246,191.33,USD,191.33,USD,ACH,0
2026-01-01 08:11:00,4,A109,4,A289,1675.99,USD,1675.99,USD,ACH,0
2026-01-01 08:13:00,1,A206,3,A68,679.86,USD,679.86,USD,ACH,0
2026-01-01 08:14:00,0,A205,1,A176,979.78,USD,979.78,USD,ACH,0
2026-01-01 08:15:00,2,A12,0,A135,113.52,USD,113.52,USD,ACH,0
2026-01-01 08:15:00,3,A253,1,A276,140.16,USD,140.16,USD,ACH,0
2026-01-01 08:17:00,4,A194,2,A292,251.29,USD,251.29,USD,ACH,0
2026-01-01 08:20:00,4,A84,4,A99,603.82,USD,603.82,USD,ACH,0
2026-01-01 08:21:00,2,A292,3,A183,516.39,USD,516.39,USD,ACH,0
2026-01-01 08:23:00,1,A246,2,A217,1216.67,USD,1216.67,USD,ACH,0
2026-01-01 08:24:00,3,A268,2,A247,923.57,USD,923.57,USD,ACH,0
2026-01-01 08:25:00,1,A291,2,A197,544.47,USD,544.47,USD,ACH,0
2026-01-01 08:26:00,2,A67,3,A148,425.67,USD,425.67,USD,ACH,0
2026-01-01 08:27:00,4,A259,0,A250,753.26,USD,753.26,USD,ACH,0
2026-01-01 08:27:00,1,A281,4,A229,471.2,USD,471.2,USD,ACH,0
2026-01-01 08:30:00,2,A102,3,A118,618.27,USD,618.27,USD,ACH,0
2026-01-01 08:32:00,1,A21,2,A102,145.57,USD,145.57,USD,ACH,0
2026-01-01 08:32:00,1,A201,3,A48,857.21,USD,857.21,USD,ACH,0
2026-01-01 08:35:00,1,A171,2,A242,1259.33,USD,1259.33,USD,ACH,0
2026-01-01 08:35:00,4,A184,3,A173,288.88,USD,288.88,USD,ACH,0
2026-01-01 08:37:00,2,A247,0,A285,243.74,USD,243.74,USD,ACH,0
2026-01-01 08:39:00,1,A266,3,A43,539.02,USD,539.02,USD,ACH,0
2026-01-01 08:40:00,1,A136,2,A77,358.97,USD,358.97,USD,ACH,0
2026-01-01 08:42:00,0,A25,1,A296,694.73,USD,694.73,USD,ACH,0
2026-01-01 08:48:00,2,A187,2,A2,217.71,USD,217.71,USD,ACH,0
2026-01-01 08:51:00,1,A6,4,A124,329.43,USD,329.43,USD,ACH,0
2026-01-01 08:55:00,2,A237,0,A235,1688.66,USD,1688.66,USD,ACH,0
2026-01-01 09:00:00,1,A221,2,A142,145.54,USD,145.54,USD,ACH,0
2026-01-01 09:01:00,3,A133,1,A136,55.93,USD,55.93,USD,ACH,0
2026-01-01 09:01:00,4,A224,2,A247,1201.28,USD,1201.28,USD,ACH,0
2026-01-01 09:02:00,3,A153,3,A168,230.88,USD,230.88,USD,ACH,0
2026-01-01 09:02:00,0,A265,0,A135,990.82,USD,990.82,USD,ACH,0
2026-01-01 09:03:00,2,A17,0,A45,412.82,USD,412.82,USD,ACH,0
2026-01-01 09:03:00,2,A282,4,A104,224.62,USD,224.62,USD,ACH,0
2026-01-01 09:05:00,1,A106,4,A49,1036.84,USD,1036.84,USD,ACH,0
2026-01-01 09:05:00,1,A141,1,A6,201.67,USD,201.67,USD,ACH,0
2026-01-01 09:05:00,0,A285,3,A63,1155.9,USD,1155.9,USD,ACH,0
2026-01-01 09:06:00,1,A96,4,A49,223.93,USD,223.93,USD,ACH,0
2026-01-01 09:15:00,0,A65,1,A221,742.57,USD,742.57,USD,ACH,0
2026-01-01 09:17:00,4,A79,4,A149,243.27,USD,243.27,USD,ACH,0
2026-01-01 09:17:00,2,A267,4,A299,386.88,USD,386.88,USD,ACH,0
2026-01-01 09:18:00,4,A59,3,A68,203.42,USD,203.42,USD,ACH,0
2026-01-01 09:18:00,1,A126,1,A206,192.71,USD,192.71,USD,ACH,0
2026-01-01 09:18:00,3,A298,1,A131,350.52,USD,350.52,USD,ACH,0
2026-01-01 09:19:00,4,A119,4,A79,573.79,USD,573.79,USD,ACH,0
2026-01-01 09:19:00,1,A206,0,A110,261.47,USD,261.47,USD,ACH,0
2026-01-01 09:19:00,0,A295,2,A77,615.12,USD,615.12,USD,ACH,0
2026-01-01 09:22:00,3,A3,3,A198,946.76,USD,946.76,USD,ACH,0
2026-01-01 09:24:00,0,A5,0,A125,194.06,USD,194.06,USD,ACH,0
2026-01-01 09:24:00,3,A288,3,A23,633.4,USD,633.4,USD,ACH,0
2026-01-01 09:25:00,4,A64,3,A123,356.58,USD,356.58,USD,ACH,0
2026-01-01 09:25:00,0,A115,4,A84,88.79,USD,88.79,USD,ACH,0
2026-01-01 09:26:00,1,A46,1,A156,349.81,USD,349.81,USD,ACH,0
2026-01-01 09:27:00,0,A115,1,A1,696.94,USD,696.94,USD,ACH,0
2026-01-01 09:27:00,1,A141,4,A59,540.52,USD,540.52,USD,ACH,0
2026-01-01 09:27:00,3,A158,3,A163,299.57,USD,299.57,USD,ACH,0
2026-01-01 09:28:00,4,A219,3,A113,472.75,USD,472.75,USD,ACH,0
2026-01-01 09:29:00,3,A178,0,A210,368.64,USD,368.64,USD,ACH,0
2026-01-01 09:31:00,4,A204,2,A292,1173.63,USD,1173.63,USD,ACH,0
2026-01-01 09:36:00,3,A143,1,A71,166.12,USD,166.12,USD,ACH,0
2026-01-01 09:37:00,4,A54,1,A156,674.57,USD,674.57,USD,ACH,0
2026-01-01 09:39:00,0,A170,1,A241,357.91,USD,357.91,USD,ACH,0
2026-01-01 09:40:00,0,A95,4,A209,270.03,USD,270.03,USD,ACH,0
2026-01-01 09:40:00,4,A179,4,A39,1222.75,USD,1222.75,USD,ACH,0
2026-01-01 09:41:00,4,A49,3,A63,316.13,USD,316.13,USD,ACH,0
2026-01-01 09:41:00,4,A119,1,A266,796.46,USD,796.46,USD,ACH,0
2026-01-01 09:43:00,3,A68,1,A1,352.38,USD,352.38,USD,ACH,0
2026-01-01 09:45:00,0,A130,4,A114,82.3,USD,82.3,USD,ACH,0
2026-01-01 09:45:00,0,A240,0,A160,131.89,USD,131.89,USD,ACH,0
2026-01-01 09:47:00,1,A26,1,A86,486.79,USD,486.79,USD,ACH,0
2026-01-01 09:49:00,2,A137,1,A261,738.2,USD,738.2,USD,ACH,0
2026-01-01 09:50:00,3,A93,1,A281,278.07,USD,278.07,USD,ACH,0
2026-01-01 09:53:00,2,A132,1,A296,440.49,USD,440.49,USD,ACH,0
2026-01-01 09:54:00,3,A98,1,A196,835.98,USD,835.98,USD,ACH,0
2026-01-01 09:54:00,3,A273,1,A46,347.14,USD,347.14,USD,ACH,0
2026-01-01 09:55:00,3,A63,0,A15,317.74,USD,317.74,USD,ACH,0
2026-01-01 09:57:00,0,A15,3,A133,174.09,USD,174.09,USD,ACH,0
2026-01-01 09:57:00,0,A90,1,A161,286.96,USD,286.96,USD,ACH,0
2026-01-01 09:58:00,1,A131,0,A55,147.21,USD,147.21,USD,ACH,0
2026-01-01 10:01:00,2,A197,1,A11,580.09,USD,580.09,USD,ACH,0
2026-01-01 10:02:00,4,A29,0,A250,1103.74,USD,1103.74,USD,ACH,0
2026-01-01 10:04:00,3,A138,2,A232,395.06,USD,395.06,USD,ACH,0
2026-01-01 10:06:00,4,A159,0,A220,323.37,USD,323.37,USD,ACH,0
2026-01-01 10:08:00,2,A177,1,A226,323.15,USD,323.15,USD,ACH,1
2026-01-01 10:10:00,1,A111,3,A138,109.7,USD,109.7,USD,ACH,0
2026-01-01 10:10:00,2,A152,0,A150,591.3,USD,591.3,USD,ACH,0
2026-01-01 10:11:00,0,A225,3,A133,542.98,USD,542.98,USD,ACH,0
2026-01-01 10:12:00,1,A91,4,A4,103.64,USD,103.64,USD,ACH,0
2026-01-01 10:15:00,4,A244,1,A106,272.47,USD,272.47,USD,ACH,0
2026-01-01 10:19:00,2,A77,0,A200,564.73,USD,564.73,USD,ACH,0
2026-01-01 10:20:00,3,A228,2,A272,281.28,USD,281.28,USD,ACH,0
2026-01-01 10:21:00,3,A73,2,A127,267.66,USD,267.66,USD,ACH,0
2026-01-01 10:21:00,3,A273,2,A77,608.64,USD,608.64,USD,ACH,0
2026-01-01 10:22:00,1,A266,0,A185,292.52,USD,292.52,USD,ACH,0
2026-01-01 10:24:00,0,A210,3,A48,489.97,USD,489.97,USD,ACH,0
2026-01-01 10:26:00,2,A82,0,A90,141.32,USD,141.32,USD,ACH,0
2026-01-01 10:26:00,3,A173,3,A193,576.47,USD,576.47,USD,ACH,0
2026-01-01 10:27:00,3,A18,3,A248,268.46,USD,268.46,USD,ACH,0
2026-01-01 10:27:00,4,A214,2,A247,248.59,USD,248.59,USD,ACH,0
2026-01-01 10:28:00,3,A118,0,A280,214.98,USD,214.98,USD,ACH,0
2026-01-01 10:28:00,4,A239,3,A3,90.49,USD,90.49,USD,ACH,0
2026-01-01 10:28:00,4,A284,4,A174,137.54,USD,137.54,USD,ACH,0
2026-01-01 10:29:00,0,A10,3,A233,463.58,USD,463.58,USD,ACH,0
2026-01-01 10:31:00,0,A140,4,A14,352.33,USD,352.33,USD,ACH,0
2026-01-01 10:31:00,4,A144,3,A158,467.07,USD,467.07,USD,ACH,0
2026-01-01 10:31:00,4,A229,4,A214,440.56,USD,440.56,USD,ACH,0
2026-01-01 10:37:00,3,A33,2,A167,703.58,USD,703.58,USD,ACH,0
2026-01-01 10:38:00,2,A52,1,A241,498.16,USD,498.16,USD,ACH,0
2026-01-01 10:38:00,2,A117,4,A219,656.31,USD,656.31,USD,ACH,0
2026-01-01 10:38:00,4,A124,0,A25,480.1,USD,480.1,USD,ACH,0
2026-01-01 10:38:00,4,A299,2,A67,958.58,USD,958.58,USD,ACH,0
2026-01-01 10:39:00,4,A234,4,A154,211.44,USD,211.44,USD,ACH,0
2026-01-01 10:40:00,3,A8,0,A65,151.73,USD,151.73,USD,ACH,0
2026-01-01 10:41:00,1,A186,3,A163,728.43,USD,728.43,USD,ACH,0
2026-01-01 10:41:00,2,A242,3,A138,310.12,USD,310.12,USD,ACH,0
2026-01-01 10:43:00,3,A218,3,A198,97.18,USD,97.18,USD,ACH,0
2026-01-01 10:44:00,2,A2,1,A6,262.78,USD,262.78,USD,ACH,0
2026-01-01 10:46:00,1,A16,3,A293,1509.04,USD,1509.04,USD,ACH,0
2026-01-01 10:47:00,1,A251,2,A142,429.09,USD,429.09,USD,ACH,0
2026-01-01 10:51:00,0,A30,2,A152,407.06,USD,407.06,USD,ACH,0
2026-01-01 10:51:00,2,A192,1,A46,285.11,USD,285.11,USD,ACH,0
2026-01-01 10:52:00,4,A164,4,A59,456.74,USD,456.74,USD,ACH,0
2026-01-01 10:59:00,4,A174,3,A128,280.71,USD,280.71,USD,ACH,0
2026-01-01 11:08:00,4,A264,1,A296,199.39,USD,199.39,USD,ACH,0
2026-01-01 11:08:00,2,A287,1,A96,649.08,USD,649.08,USD,ACH,0
2026-01-01 11:08:00,3,A293,4,A44,129.68,USD,129.68,USD,ACH,0
2026-01-01 11:10:00,4,A19,2,A67,484.59,USD,484.59,USD,ACH,0
2026-01-01 11:10:00,3,A283,2,A297,318.66,USD,318.66,USD,ACH,0
2026-01-01 11:12:00,1,A31,2,A272,546.99,USD,546.99,USD,ACH,0
2026-01-01 11:13:00,1,A61,1,A156,401.83,USD,401.83,USD,ACH,0
2026-01-01 11:16:00,3,A193,2,A92,120.5,USD,120.5,USD,ACH,0
2026-01-01 11:17:00,1,A76,3,A103,1009.5,USD,1009.5,USD,ACH,0
2026-01-01 11:18:00,2,A62,4,A114,200.57,USD,200.57,USD,ACH,0
2026-01-01 11:18:00,4,A139,3,A158,274.87,USD,274.87,USD,ACH,0
2026-01-01 11:19:00,3,A233,1,A286,87.55,USD,87.55,USD,ACH,0
2026-01-01 11:23:00,3,A128,4,A69,896.45,USD,896.45,USD,ACH,0
2026-01-01 11:24:00,2,A242,4,A279,140.69,USD,140.69,USD,ACH,0
2026-01-01 11:25:00,2,A32,0,A45,65.34,USD,65.34,USD,ACH,0
2026-01-01 11:26:00,0,A190,2,A157,189.59,USD,189.59,USD,ACH,0
2026-01-01 11:26:00,1,A281,2,A87,633.93,USD,633.93,USD,ACH,0
2026-01-01 11:27:00,2,A37,4,A184,1179.01,USD,1179.01,USD,ACH,0
2026-01-01 11:27:00,0,A105,3,A88,374.13,USD,374.13,USD,ACH,0
2026-01-01 11:28:00,2,A177,4,A74,208.88,USD,208.88,USD,ACH,0
2026-01-01 11:28:00,4,A294,0,A40,1215.68,USD,1215.68,USD,ACH,0
2026-01-01 11:29:00,0,A155,4,A19,177.05,USD,177.05,USD,ACH,0
2026-01-01 11:33:00,4,A84,4,A159,261.93,USD,261.93,USD,ACH,0
2026-01-01 11:33:00,4,A224,4,A9,229.18,USD,229.18,USD,ACH,0
2026-01-01 11:36:00,2,A182,1,A141,315.04,USD,315.04,USD,ACH,0
2026-01-01 11:36:00,0,A270,4,A299,82.72,USD,82.72,USD,ACH,0
2026-01-01 11:37:00,0,A15,4,A299,281.0,USD,281.0,USD,ACH,0
2026-01-01 11:37:00,1,A101,0,A285,209.29,USD,209.29,USD,ACH,0
2026-01-01 11:39:00,2,A102,0,A60,750.62,USD,750.62,USD,ACH,0
2026-01-01 11:40:00,4,A89,0,A270,366.29,USD,366.29,USD,ACH,0
2026-01-01 11:41:00,2,A7,4,A169,488.82,USD,488.82,USD,ACH,0
2026-01-01 11:43:00,1,A26,2,A202,555.03,USD,555.03,USD,ACH,0
2026-01-01 11:44:00,0,A80,0,A245,147.18,USD,147.18,USD,ACH,0
2026-01-01 11:45:00,1,A1,4,A289,401.63,USD,401.63,USD,ACH,0
2026-01-01 11:46:00,2,A257,0,A210,428.01,USD,428.01,USD,ACH,0
2026-01-01 11:47:00,3,A83,1,A231,949.49,USD,949.49,USD,ACH,0
2026-01-01 11:51:00,4,A39,3,A198,335.7,USD,335.7,USD,ACH,0
2026-01-01 11:51:00,4,A194,2,A232,1141.27,USD,1141.27,USD,ACH,0
2026-01-01 11:53:00,1,A51,3,A178,69.55,USD,69.55,USD,ACH,0
2026-01-01 11:53:00,2,A262,3,A283,494.12,USD,494.12,USD,ACH,0
2026-01-01 11:56:00,1,A296,0,A85,256.35,USD,256.35,USD,ACH,0
2026-01-01 12:00:00,1,A116,4,A109,2845.88,USD,2845.88,USD,Wire,0
2026-01-01 12:00:00,1,A171,4,A164,2020.52,USD,2020.52,USD,Wire,0
2026-01-01 12:01:00,0,A280,3,A298,140.05,USD,140.05,USD,ACH,0
2026-01-01 12:02:00,4,A34,2,A132,1104.64,USD,1104.64,USD,ACH,0
2026-01-01 12:02:00,2,A97,1,A6,659.8,USD,659.8,USD,ACH,0
2026-01-01 12:02:00,4,A169,4,A244,246.62,USD,246.62,USD,ACH,0
2026-01-01 12:03:00,0,A250,3,A243,1894.79,USD,1894.79,USD,Wire,0
2026-01-01 12:03:00,0,A265,3,A258,2852.71,USD,2852.71,USD,Wire,0
2026-01-01 12:04:00,4,A14,2,A7,2523.31,USD,2523.31,USD,Wire,0
2026-01-01 12:05:00,2,A12,0,A5,2267.07,USD,2267.07,USD,Wire,0
2026-01-01 12:05:00,3,A248,2,A27,341.34,USD,341.34,USD,ACH,0
2026-01-01 12:06:00,4,A119,2,A112,1550.71,USD,1550.71,USD,Wire,0
2026-01-01 12:06:00,4,A194,2,A187,2868.71,USD,2868.71,USD,Wire,0
2026-01-01 12:07:00,4,A139,4,A9,1139.61,USD,1139.61,USD,ACH,0
2026-01-01 12:07:00,3,A168,4,A9,660.61,USD,660.61,USD,ACH,0
2026-01-01 12:07:00,3,A238,1,A231,1346.04,USD,1346.04,USD,Wire,0
2026-01-01 12:07:00,1,A276,4,A269,3128.43,USD,3128.43,USD,Wire,0
2026-01-01 12:08:00,2,A212,0,A205,2449.66,USD,2449.66,USD,Wire,0
2026-01-01 12:08:00,2,A297,0,A290,1201.49,USD,1201.49,USD,Wire,0
2026-01-01 12:10:00,4,A24,4,A214,310.28,USD,310.28,USD,ACH,0
2026-01-01 12:10:00,2,A62,0,A55,2006.33,USD,2006.33,USD,Wire,0
2026-01-01 12:10:00,4,A89,2,A82,1826.17,USD,1826.17,USD,Wire,0
2026-01-01 12:10:00,1,A121,4,A114,1885.94,USD,1885.94,USD,Wire,0
2026-01-01 12:11:00,2,A97,0,A90,1366.18,USD,1366.18,USD,Wire,0
2026-01-01 12:11:00,0,A125,1,A11,918.79,USD,918.79,USD,ACH,0
2026-01-01 12:11:00,4,A214,2,A207,2426.85,USD,2426.85,USD,Wire,0
2026-01-01 12:11:00,1,A241,4,A234,2066.14,USD,2066.14,USD,Wire,0
2026-01-01 12:12:00,2,A162,0,A155,2432.08,USD,2432.08,USD,Wire,0
2026-01-01 12:12:00,4,A254,2,A247,2653.31,USD,2653.31,USD,Wire,0
2026-01-01 12:13:00,1,A46,4,A39,3243.07,USD,3243.07,USD,Wire,0
2026-01-01 12:13:00,0,A245,4,A259,421.35,USD,421.35,USD,ACH,0
2026-01-01 12:14:00,1,A271,4,A264,2204.65,USD,2204.65,USD,Wire,0
2026-01-01 12:15:00,0,A0,3,A13,69.32,USD,69.32,USD,ACH,0
2026-01-01 12:15:00,4,A134,1,A191,284.07,USD,284.07,USD,ACH,0
2026-01-01 12:17:00,0,A235,3,A228,2946.72,USD,2946.72,USD,Wire,0
2026-01-01 12:18:00,1,A296,4,A289,3091.34,USD,3091.34,USD,Wire,0
2026-01-01 12:19:00,0,A60,3,A293,174.25,USD,174.25,USD,ACH,0
2026-01-01 12:19:00,1,A216,4,A209,2947.69,USD,2947.69,USD,Wire,0
2026-01-01 12:19:00,0,A275,3,A268,2709.51,USD,2709.51,USD,Wire,0
2026-01-01 12:19:00,4,A294,2,A287,2528.94,USD,2528.94,USD,Wire,0
2026-01-01 12:20:00,4,A109,2,A122,2697.16,USD,2697.16,USD,Wire,0
2026-01-01 12:20:00,3,A113,4,A244,133.23,USD,133.23,USD,ACH,0
2026-01-01 12:20:00,4,A164,2,A177,1894.62,USD,1894.62,USD,Wire,0
2026-01-01 12:20:00,1,A216,1,A286,669.65,USD,669.65,USD,ACH,0
2026-01-01 12:21:00,0,A45,1,A166,251.94,USD,251.94,USD,ACH,0
2026-01-01 12:23:00,3,A243,1,A256,1770.8,USD,1770.8,USD,Wire,0
2026-01-01 12:23:00,3,A258,1,A271,2731.04,USD,2731.04,USD,Wire,0
2026-01-01 12:24:00,2,A7,0,A20,2398.46,USD,2398.46,USD,Wire,0
2026-01-01 12:25:00,0,A5,3,A18,2090.31,USD,2090.31,USD,Wire,0
2026-01-01 12:25:00,4,A14,2,A117,312.91,USD,312.91,USD,ACH,0
2026-01-01 12:26:00,2,A112,0,A125,1425.12,USD,1425.12,USD,Wire,0
2026-01-01 12:26:00,2,A187,0,A200,2769.03,USD,2769.03,USD,Wire,0
2026-01-01 12:27:00,0,A135,4,A209,447.83,USD,447.83,USD,ACH,0
2026-01-01 12:27:00,1,A231,4,A244,1244.73,USD,1244.73,USD,Wire,0
2026-01-01 12:27:00,4,A269,2,A282,2890.63,USD,2890.63,USD,Wire,0
2026-01-01 12:27:00,4,A299,1,A156,565.11,USD,565.11,USD,ACH,0
2026-01-01 12:28:00,0,A205,3,A218,2328.93,USD,2328.93,USD,Wire,0
2026-01-01 12:28:00,0,A290,3,A3,1148.19,USD,1148.19,USD,Wire,0
2026-01-01 12:29:00,3,A23,1,A91,135.69,USD,135.69,USD,ACH,0
2026-01-01 12:29:00,4,A154,2,A62,317.15,USD,317.15,USD,ACH,0
2026-01-01 12:30:00,0,A55,3,A68,1881.55,USD,1881.55,USD,Wire,0
2026-01-01 12:30:00,2,A82,0,A95,1784.79,USD,1784.79,USD,Wire,0
2026-01-01 12:30:00,4,A114,2,A127,1858.19,USD,1858.19,USD,Wire,0
2026-01-01 12:30:00,2,A162,1,A151,544.73,USD,544.73,USD,ACH,0
2026-01-01 12:31:00,0,A90,3,A103,1240.64,USD,1240.64,USD,Wire,0
2026-01-01 12:31:00,2,A157,3,A113,599.6,USD,599.6,USD,ACH,0
2026-01-01 12:31:00,2,A207,0,A220,2279.63,USD,2279.63,USD,Wire,0
2026-01-01 12:31:00,4,A234,2,A247,1970.51,USD,1970.51,USD,Wire,0
2026-01-01 12:32:00,0,A155,3,A168,2280.4,USD,2280.4,USD,Wire,0
2026-01-01 12:32:00,2,A247,0,A260,2538.08,USD,2538.08,USD,Wire,0
2026-01-01 12:33:00,4,A39,2,A52,3086.79,USD,3086.79,USD,Wire,0
2026-01-01 12:34:00,4,A264,2,A277,2002.44,USD,2002.44,USD,Wire,0
2026-01-01 12:36:00,0,A235,0,A85,142.37,USD,142.37,USD,ACH,0
2026-01-01 12:37:00,3,A228,1,A241,2823.17,USD,2823.17,USD,Wire,0
2026-01-01 12:38:00,0,A70,0,A155,489.8,USD,489.8,USD,ACH,0
2026-01-01 12:38:00,4,A289,2,A2,3050.64,USD,3050.64,USD,Wire,0
2026-01-01 12:39:00,4,A209,2,A222,2718.3,USD,2718.3,USD,Wire,0
2026-01-01 12:39:00,3,A268,1,A281,2657.0,USD,2657.0,USD,Wire,0
2026-01-01 12:39:00,2,A287,0,A0,2483.35,USD,2483.35,USD,Wire,0
2026-01-01 12:41:00,4,A154,4,A134,1054.24,USD,1054.24,USD,ACH,0
2026-01-01 12:41:00,3,A298,4,A104,487.41,USD,487.41,USD,ACH,0
2026-01-01 12:42:00,0,A250,4,A279,749.31,USD,749.31,USD,ACH,0
2026-01-01 12:43:00,1,A86,0,A25,473.63,USD,473.63,USD,ACH,0
2026-01-01 12:43:00,3,A203,4,A19,128.3,USD,128.3,USD,ACH,0
2026-01-01 12:44:00,2,A87,2,A82,640.28,USD,640.28,USD,ACH,0
2026-01-01 12:45:00,2,A167,0,A20,149.67,USD,149.67,USD,ACH,0
2026-01-01 12:45:00,0,A175,0,A110,96.47,USD,96.47,USD,ACH,0
2026-01-01 12:46:00,4,A79,1,A81,335.07,USD,335.07,USD,ACH,0
2026-01-01 12:46:00,0,A275,4,A169,522.9,USD,522.9,USD,ACH,0
2026-01-01 12:47:00,4,A169,1,A96,583.19,USD,583.19,USD,ACH,0
2026-01-01 12:47:00,2,A217,1,A81,780.52,USD,780.52,USD,ACH,0
2026-01-01 12:49:00,4,A44,1,A171,697.13,USD,697.13,USD,ACH,0
2026-01-01 12:50:00,2,A202,4,A84,245.31,USD,245.31,USD,ACH,0
2026-01-01 12:52:00,4,A184,2,A87,149.95,USD,149.95,USD,ACH,0
2026-01-01 12:53:00,0,A50,1,A266,146.2,USD,146.2,USD,ACH,0
2026-01-01 12:54:00,0,A100,2,A102,310.97,USD,310.97,USD,ACH,0
2026-01-01 12:55:00,1,A66,3,A293,537.07,USD,537.07,USD,ACH,0
2026-01-01 12:58:00,2,A132,2,A152,1099.86,USD,1099.86,USD,ACH,0
2026-01-01 12:58:00,0,A195,1,A66,184.68,USD,184.68,USD,ACH,0
2026-01-01 13:00:00,2,A257,2,A262,811.21,USD,811.21,USD,ACH,0
2026-01-01 13:00:00,2,A282,0,A10,264.22,USD,264.22,USD,ACH,0
2026-01-01 13:02:00,3,A158,0,A65,412.47,USD,412.47,USD,ACH,0
2026-01-01 13:04:00,2,A122,4,A149,188.17,USD,188.17,USD,ACH,0
2026-01-01 13:05:00,3,A123,0,A200,370.82,USD,370.82,USD,ACH,0
2026-01-01 13:06:00,0,A210,3,A73,185.29,USD,185.29,USD,ACH,0
2026-01-01 13:10:00,0,A110,3,A43,139.7,USD,139.7,USD,ACH,0
2026-01-01 13:12:00,1,A256,1,A261,139.58,USD,139.58,USD,ACH,0
2026-01-01 13:13:00,0,A5,0,A195,800.59,USD,800.59,USD,ACH,0
2026-01-01 13:15:00,4,A99,0,A125,704.43,USD,704.43,USD,ACH,0
2026-01-01 13:16:00,4,A239,2,A287,726.76,USD,726.76,USD,ACH,0
2026-01-01 13:17:00,3,A58,1,A191,2510.94,USD,2510.94,USD,ACH,0
2026-01-01 13:18:00,2,A172,0,A20,2004.38,USD,2004.38,USD,ACH,0
2026-01-01 13:18:00,4,A174,4,A229,313.3,USD,313.3,USD,ACH,0
2026-01-01 13:19:00,4,A274,1,A26,599.14,USD,599.14,USD,ACH,0
2026-01-01 13:22:00,1,A116,1,A216,2014.55,USD,2014.55,USD,ACH,0
2026-01-01 13:22:00,2,A227,1,A286,1457.35,USD,1457.35,USD,ACH,0
2026-01-01 13:24:00,3,A143,1,A31,155.0,USD,155.0,USD,ACH,0
2026-01-01 13:24:00,2,A217,2,A42,143.73,USD,143.73,USD,ACH,0
2026-01-01 13:25:00,1,A36,1,A246,758.61,USD,758.61,USD,ACH,0
2026-01-01 13:25:00,0,A155,4,A19,199.45,USD,199.45,USD,ACH,0
2026-01-01 13:28:00,2,A142,0,A70,387.36,USD,387.36,USD,ACH,0
2026-01-01 13:28:00,1,A216,1,A111,152.09,USD,152.09,USD,ACH,0
2026-01-01 13:28:00,3,A278,4,A24,778.33,USD,778.33,USD,ACH,0
2026-01-01 13:30:00,4,A59,2,A57,663.71,USD,663.71,USD,ACH,0
2026-01-01 13:32:00,2,A147,2,A237,780.17,USD,780.17,USD,ACH,0
2026-01-01 13:34:00,3,A233,2,A212,589.73,USD,589.73,USD,ACH,0
2026-01-01 13:36:00,4,A189,4,A184,861.85,USD,861.85,USD,ACH,0
2026-01-01 13:38:00,3,A103,0,A145,203.71,USD,203.71,USD,ACH,0
2026-01-01 13:40:00,1,A56,3,A278,1064.62,USD,1064.62,USD,ACH,0
2026-01-01 13:41:00,2,A32,0,A175,309.59,USD,309.59,USD,ACH,0
2026-01-01 13:42:00,1,A146,1,A191,366.52,USD,366.52,USD,ACH,0
2026-01-01 13:46:00,3,A33,1,A256,608.07,USD,608.07,USD,ACH,0
2026-01-01 13:49:00,4,A29,2,A82,1068.47,USD,1068.47,USD,ACH,0
2026-01-01 13:51:00,2,A92,4,A244,1433.96,USD,1433.96,USD,ACH,0
2026-01-01 13:51:00,1,A251,2,A267,226.28,USD,226.28,USD,ACH,0
2026-01-01 13:53:00,3,A238,1,A76,306.72,USD,306.72,USD,ACH,0
2026-01-01 13:54:00,2,A57,0,A195,303.87,USD,303.87,USD,ACH,0
2026-01-01 13:54:00,3,A108,4,A164,587.77,USD,587.77,USD,ACH,0
2026-01-01 13:54:00,2,A237,2,A172,159.76,USD,159.76,USD,ACH,0
2026-01-01 13:57:00,0,A185,1,A101,136.67,USD,136.67,USD,ACH,0
2026-01-01 13:57:00,3,A238,2,A187,685.65,USD,685.65,USD,ACH,0
2026-01-01 13:58:00,3,A268,2,A217,611.68,USD,611.68,USD,ACH,0
2026-01-01 13:59:00,1,A156,3,A238,510.68,USD,510.68,USD,ACH,0
2026-01-01 14:00:00,2,A212,4,A79,198.68,USD,198.68,USD,ACH,0
2026-01-01 14:01:00,4,A114,1,A136,346.4,USD,346.4,USD,ACH,0
2026-01-01 14:03:00,1,A131,0,A145,221.71,USD,221.71,USD,ACH,0
2026-01-01 14:04:00,0,A35,2,A222,626.01,USD,626.01,USD,ACH,0
2026-01-01 14:06:00,4,A279,4,A259,886.89,USD,886.89,USD,ACH,0
2026-01-01 14:07:00,4,A69,1,A171,700.55,USD,700.55,USD,ACH,0
2026-01-01 14:10:00,4,A279,4,A204,1496.66,USD,1496.66,USD,ACH,0
2026-01-01 14:12:00,1,A16,4,A259,106.85,USD,106.85,USD,ACH,0
2026-01-01 14:14:00,1,A41,1,A96,276.64,USD,276.64,USD,ACH,0
2026-01-01 14:16:00,0,A20,2,A22,104.59,USD,104.59,USD,ACH,0
2026-01-01 14:16:00,0,A290,2,A167,186.23,USD,186.23,USD,ACH,0
2026-01-01 14:17:00,1,A111,3,A38,134.23,USD,134.23,USD,ACH,0
2026-01-01 14:20:00,4,A49,3,A183,359.83,USD,359.83,USD,ACH,0
2026-01-01 14:20:00,0,A165,0,A135,1113.16,USD,1113.16,USD,ACH,0
2026-01-01 14:22:00,2,A107,0,A170,164.08,USD,164.08,USD,ACH,0
2026-01-01 14:24:00,1,A81,4,A24,335.39,USD,335.39,USD,ACH,0
2026-01-01 14:26:00,0,A105,3,A38,602.51,USD,602.51,USD,ACH,0
2026-01-01 14:26:00,1,A191,0,A55,137.61,USD,137.61,USD,ACH,0
2026-01-01 14:29:00,1,A196,1,A41,474.88,USD,474.88,USD,ACH,0
2026-01-01 14:31:00,3,A258,0,A80,299.97,USD,299.97,USD,ACH,0
2026-01-01 14:32:00,0,A150,2,A217,143.61,USD,143.61,USD,ACH,0
2026-01-01 14:32:00,0,A165,0,A270,239.68,USD,239.68,USD,ACH,0
2026-01-01 14:32:00,1,A236,4,A284,1191.04,USD,1191.04,USD,ACH,0
2026-01-01 14:32:00,2,A262,0,A145,138.03,USD,138.03,USD,ACH,0
2026-01-01 14:34:00,2,A47,2,A247,948.51,USD,948.51,USD,ACH,0
2026-01-01 14:34:00,3,A113,0,A180,538.84,USD,538.84,USD,ACH,0
2026-01-01 14:34:00,2,A187,1,A166,408.22,USD,408.22,USD,ACH,0
2026-01-01 14:35:00,0,A190,0,A280,202.39,USD,202.39,USD,ACH,0
2026-01-01 14:39:00,3,A243,1,A21,1635.77,USD,1635.77,USD,ACH,0
2026-01-01 14:43:00,3,A218,4,A254,543.33,USD,543.33,USD,ACH,0
2026-01-01 14:44:00,1,A86,0,A240,247.89,USD,247.89,USD,ACH,0
2026-01-01 14:44:00,3,A248,1,A161,392.89,USD,392.89,USD,ACH,0
2026-01-01 14:44:00,4,A259,1,A121,1087.43,USD,1087.43,USD,ACH,0
2026-01-01 14:45:00,1,A231,3,A183,600.82,USD,600.82,USD,ACH,0
2026-01-01 14:46:00,4,A249,3,A108,1230.5,USD,1230.5,USD,ACH,0
2026-01-01 14:47:00,1,A71,2,A92,203.44,USD,203.44,USD,ACH,0
2026-01-01 14:48:00,2,A207,2,A77,1947.35,USD,1947.35,USD,ACH,0
2026-01-01 14:49:00,4,A149,4,A119,465.99,USD,465.99,USD,ACH,0
2026-01-01 14:52:00,1,A286,3,A18,981.38,USD,981.38,USD,ACH,0
2026-01-01 14:53:00,2,A27,0,A75,1208.57,USD,1208.57,USD,ACH,0
2026-01-01 14:53:00,3,A43,2,A2,797.73,USD,797.73,USD,ACH,0
2026-01-01 14:54:00,3,A108,4,A224,746.05,USD,746.05,USD,ACH,0
2026-01-01 15:01:00,3,A48,2,A272,363.92,USD,363.92,USD,ACH,0
2026-01-01 15:02:00,2,A127,2,A212,353.98,USD,353.98,USD,ACH,0
2026-01-01 15:02:00,0,A185,1,A221,295.36,USD,295.36,USD,ACH,0
2026-01-01 15:05:00,3,A73,2,A297,310.79,USD,310.79,USD,ACH,0
2026-01-01 15:05:00,4,A74,3,A93,262.66,USD,262.66,USD,ACH,0
2026-01-01 15:05:00,3,A183,2,A182,783.55,USD,783.55,USD,ACH,0
2026-01-01 15:06:00,1,A121,3,A153,324.61,USD,324.61,USD,ACH,0
2026-01-01 15:06:00,3,A223,1,A236,504.77,USD,504.77,USD,ACH,0
2026-01-01 15:07:00,2,A77,1,A136,607.69,USD,607.69,USD,ACH,0
2026-01-01 15:08:00,0,A230,0,A235,135.06,USD,135.06,USD,ACH,0
2026-01-01 15:09:00,0,A20,0,A5,152.01,USD,152.01,USD,ACH,0
2026-01-01 15:09:00,1,A161,2,A127,351.91,USD,351.91,USD,ACH,0
2026-01-01 15:09:00,0,A235,2,A137,458.13,USD,458.13,USD,ACH,0
2026-01-01 15:09:00,2,A277,1,A31,395.5,USD,395.5,USD,ACH,0
2026-01-01 15:14:00,4,A209,0,A140,466.14,USD,466.14,USD,ACH,0
2026-01-01 15:17:00,0,A175,4,A134,266.21,USD,266.21,USD,ACH,0
2026-01-01 15:19:00,1,A261,3,A68,200.66,USD,200.66,USD,ACH,0
2026-01-01 15:22:00,0,A80,1,A56,104.74,USD,104.74,USD,ACH,0
2026-01-01 15:23:00,2,A222,1,A36,168.3,USD,168.3,USD,ACH,0
2026-01-01 15:24:00,1,A246,4,A69,176.04,USD,176.04,USD,ACH,0
2026-01-01 15:25:00,0,A40,2,A237,100.1,USD,100.1,USD,ACH,1
2026-01-01 15:29:00,3,A198,4,A149,131.62,USD,131.62,USD,ACH,0
2026-01-01 15:30:00,3,A78,1,A291,274.29,USD,274.29,USD,ACH,0
2026-01-01 15:32:00,2,A252,2,A207,213.65,USD,213.65,USD,ACH,0
2026-01-01 15:33:00,4,A269,4,A299,398.8,USD,398.8,USD,ACH,0
2026-01-01 15:35:00,3,A13,4,A79,140.98,USD,140.98,USD,ACH,0
2026-01-01 15:35:00,3,A198,4,A24,981.54,USD,981.54,USD,ACH,0
2026-01-01 15:36:00,2,A232,4,A19,1037.07,USD,1037.07,USD,ACH,0
2026-01-01 15:37:00,0,A225,2,A27,370.56,USD,370.56,USD,ACH,0
2026-01-01 15:38:00,0,A135,2,A192,453.79,USD,453.79,USD,ACH,0
2026-01-01 15:38:00,2,A297,3,A188,95.64,USD,95.64,USD,ACH,0
2026-01-01 15:43:00,2,A117,4,A114,1586.94,USD,1586.94,USD,ACH,0
2026-01-01 15:44:00,0,A70,4,A134,165.05,USD,165.05,USD,ACH,0
2026-01-01 15:47:00,0,A180,4,A259,624.65,USD,624.65,USD,ACH,0
2026-01-01 15:48:00,4,A159,3,A118,847.88,USD,847.88,USD,ACH,0
2026-01-01 15:48:00,2,A197,3,A248,378.07,USD,378.07,USD,ACH,0
2026-01-01 15:50:00,3,A38,0,A0,572.81,USD,572.81,USD,ACH,0
2026-01-01 15:51:00,3,A18,2,A57,1429.38,USD,1429.38,USD,ACH,0
2026-01-01 15:55:00,3,A83,1,A246,375.69,USD,375.69,USD,ACH,0
2026-01-01 15:57:00,3,A283,0,A225,408.62,USD,408.62,USD,ACH,0
2026-01-01 15:58:00,3,A48,3,A133,166.7,USD,166.7,USD,ACH,0
2026-01-01 15:58:00,0,A120,2,A142,712.38,USD,712.38,USD,ACH,0
2026-01-01 16:00:00,3,A28,2,A247,713.06,USD,713.06,USD,ACH,0
2026-01-01 16:02:00,4,A199,0,A230,712.23,USD,712.23,USD,ACH,0
2026-01-01 16:02:00,0,A255,0,A70,380.54,USD,380.54,USD,ACH,0
2026-01-01 16:05:00,0,A125,1,A191,546.82,USD,546.82,USD,ACH,0
2026-01-01 16:07:00,3,A3,4,A239,824.03,USD,824.03,USD,ACH,0
2026-01-01 16:07:00,1,A101,2,A17,474.98,USD,474.98,USD,ACH,0
2026-01-01 16:08:00,3,A148,3,A88,630.88,USD,630.88,USD,ACH,0
2026-01-01 16:09:00,2,A202,2,A252,131.88,USD,131.88,USD,ACH,0
2026-01-01 16:12:00,3,A58,4,A64,514.54,USD,514.54,USD,ACH,0
2026-01-01 16:14:00,1,A6,0,A145,1827.59,USD,1827.59,USD,ACH,0
2026-01-01 16:16:00,4,A9,4,A249,964.17,USD,964.17,USD,ACH,0
2026-01-01 16:18:00,3,A63,1,A91,433.26,USD,433.26,USD,ACH,0
2026-01-01 16:19:00,2,A272,0,A225,78.41,USD,78.41,USD,ACH,0
2026-01-01 16:21:00,2,A137,3,A18,777.74,USD,777.74,USD,ACH,0
2026-01-01 16:22:00,0,A150,4,A89,284.14,USD,284.14,USD,ACH,0
2026-01-01 16:24:00,3,A228,1,A1,485.95,USD,485.95,USD,ACH,0
2026-01-01 16:25:00,2,A297,0,A235,593.24,USD,593.24,USD,ACH,0
2026-01-01 16:26:00,1,A96,1,A286,654.34,USD,654.34,USD,ACH,0
2026-01-01 16:26:00,4,A129,2,A87,915.88,USD,915.88,USD,ACH,0
2026-01-01 16:26:00,3,A258,2,A77,799.8,USD,799.8,USD,ACH,0
2026-01-01 16:28:00,1,A181,3,A223,285.15,USD,285.15,USD,ACH,0
2026-01-01 16:29:00,0,A75,1,A76,354.88,USD,354.88,USD,ACH,0
2026-01-01 16:29:00,4,A199,1,A11,404.06,USD,404.06,USD,ACH,0
2026-01-01 16:30:00,3,A223,4,A29,269.92,USD,269.92,USD,ACH,0
2026-01-01 16:32:00,1,A136,1,A106,896.53,USD,896.53,USD,ACH,0
2026-01-01 16:32:00,1,A211,2,A197,241.43,USD,241.43,USD,ACH,0
2026-01-01 16:33:00,1,A121,1,A46,332.72,USD,332.72,USD,ACH,0
2026-01-01 16:35:00,2,A42,0,A280,2964.11,USD,2964.11,USD,ACH,0
2026-01-01 16:37:00,1,A81,1,A146,216.1,USD,216.1,USD,ACH,0
2026-01-01 16:38:00,0,A10,3,A163,137.34,USD,137.34,USD,ACH,0
2026-01-01 16:38:00,0,A220,0,A105,293.34,USD,293.34,USD,ACH,0
2026-01-01 16:40:00,2,A227,3,A178,341.54,USD,341.54,USD,ACH,0
2026-01-01 16:41:00,1,A56,2,A147,105.69,USD,105.69,USD,ACH,0
2026-01-01 16:42:00,2,A112,2,A62,222.48,USD,222.48,USD,ACH,0
2026-01-01 16:47:00,3,A263,0,A195,353.01,USD,353.01,USD,ACH,0
2026-01-01 16:51:00,0,A180,2,A122,314.86,USD,314.86,USD,ACH,0
2026-01-01 16:51:00,4,A254,3,A273,316.47,USD,316.47,USD,ACH,0
2026-01-01 16:51:00,2,A287,0,A280,148.21,USD,148.21,USD,ACH,0
2026-01-01 16:57:00,3,A98,2,A287,1332.42,USD,1332.42,USD,ACH,0
2026-01-01 16:57:00,1,A151,4,A29,204.07,USD,204.07,USD,ACH,0
2026-01-01 16:58:00,1,A91,3,A63,195.01,USD,195.01,USD,ACH,0
2026-01-01 17:01:00,3,A53,4,A109,1112.24,USD,1112.24,USD,ACH,0
2026-01-01 17:01:00,2,A72,2,A67,534.43,USD,534.43,USD,ACH,0
2026-01-01 17:01:00,1,A271,0,A155,394.2,USD,394.2,USD,ACH,0
2026-01-01 17:02:00,1,A276,2,A177,254.69,USD,254.69,USD,ACH,0
2026-01-01 17:06:00,1,A226,4,A259,969.35,USD,969.35,USD,ACH,0
2026-01-01 17:06:00,0,A260,0,A30,149.13,USD,149.13,USD,ACH,0
2026-01-01 17:12:00,4,A4,0,A190,472.23,USD,472.23,USD,ACH,0
2026-01-01 17:15:00,2,A22,4,A84,329.87,USD,329.87,USD,ACH,0
2026-01-01 17:18:00,2,A127,0,A55,2001.98,USD,2001.98,USD,ACH,0
2026-01-01 17:18:00,0,A145,0,A255,265.98,USD,265.98,USD,ACH,0
2026-01-01 17:19:00,2,A107,0,A255,323.09,USD,323.09,USD,ACH,0
2026-01-01 17:20:00,1,A11,2,A12,266.29,USD,266.29,USD,ACH,0
2026-01-01 17:21:00,2,A162,1,A16,304.27,USD,304.27,USD,ACH,0
2026-01-01 17:23:00,0,A255,0,A295,99.57,USD,99.57,USD,ACH,0
2026-01-01 17:24:00,2,A47,3,A58,304.05,USD,304.05,USD,ACH,0
2026-01-01 17:24:00,4,A94,4,A229,197.58,USD,197.58,USD,ACH,0
2026-01-01 17:25:00,3,A8,3,A228,231.02,USD,231.02,USD,ACH,0
2026-01-01 17:25:00,4,A114,4,A34,562.3,USD,562.3,USD,ACH,0
2026-01-01 17:30:00,3,A163,2,A177,145.83,USD,145.83,USD,ACH,0
2026-01-01 17:30:00,4,A164,1,A191,125.64,USD,125.64,USD,ACH,0
2026-01-01 17:30:00,1,A166,2,A2,273.02,USD,273.02,USD,ACH,0
2026-01-01 17:32:00,0,A160,2,A262,216.29,USD,216.29,USD,ACH,0
2026-01-01 17:33:00,2,A22,1,A21,221.78,USD,221.78,USD,ACH,0
2026-01-01 17:33:00,4,A104,0,A0,221.82,USD,221.82,USD,ACH,0
2026-01-01 17:33:00,3,A213,3,A38,174.04,USD,174.04,USD,ACH,0
2026-01-01 17:34:00,2,A152,3,A8,76.71,USD,76.71,USD,ACH,0
2026-01-01 17:36:00,3,A23,3,A258,206.69,USD,206.69,USD,ACH,0
2026-01-01 17:36:00,2,A37,2,A127,290.39,USD,290.39,USD,ACH,1
2026-01-01 17:37:00,4,A264,3,A8,77.73,USD,77.73,USD,ACH,0
2026-01-01 17:37:00,4,A289,1,A296,630.61,USD,630.61,USD,ACH,0
2026-01-01 17:39:00,0,A215,4,A169,267.9,USD,267.9,USD,ACH,0
2026-01-01 17:40:00,4,A249,0,A150,1484.34,USD,1484.34,USD,ACH,0
2026-01-01 17:41:00,1,A221,4,A244,385.67,USD,385.67,USD,ACH,0
2026-01-01 17:42:00,2,A57,4,A49,424.28,USD,424.28,USD,ACH,0
2026-01-01 17:43:00,0,A85,1,A281,182.12,USD,182.12,USD,ACH,0
2026-01-01 17:43:00,3,A188,2,A117,703.88,USD,703.88,USD,ACH,0
2026-01-01 17:43:00,3,A253,1,A6,467.18,USD,467.18,USD,ACH,0
2026-01-01 17:47:00,1,A66,2,A97,547.29,USD,547.29,USD,ACH,0
2026-01-01 17:47:00,3,A88,4,A114,522.69,USD,522.69,USD,ACH,0
2026-01-01 17:49:00,3,A188,3,A103,389.98,USD,389.98,USD,ACH,0
2026-01-01 17:49:00,3,A208,3,A83,763.67,USD,763.67,USD,ACH,0
2026-01-01 17:49:00,0,A290,0,A45,125.06,USD,125.06,USD,ACH,0
2026-01-01 17:50:00,0,A55,2,A117,124.03,USD,124.03,USD,ACH,0
2026-01-01 17:50:00,0,A275,3,A263,241.28,USD,241.28,USD,ACH,0
2026-01-01 17:54:00,1,A176,1,A266,590.06,USD,590.06,USD,ACH,0
2026-01-01 17:56:00,1,A286,0,A230,283.5,USD,283.5,USD,ACH,0
2026-01-02 08:02:00,3,A118,3,A243,746.08,USD,746.08,USD,ACH,0
2026-01-02 08:02:00,3,A218,4,A149,406.91,USD,406.91,USD,ACH,0
2026-01-02 08:06:00,3,A228,1,A161,533.63,USD,533.63,USD,ACH,0
2026-01-02 08:06:00,4,A274,3,A43,1964.29,USD,1964.29,USD,ACH,0
2026-01-02 08:07:00,0,A115,1,A11,103.04,USD,103.04,USD,ACH,0
2026-01-02 08:07:00,2,A172,3,A38,419.4,USD,419.4,USD,ACH,0
2026-01-02 08:07:00,3,A238,0,A125,418.68,USD,418.68,USD,ACH,0
2026-01-02 08:08:00,2,A102,2,A197,671.36,USD,671.36,USD,ACH,0
2026-01-02 08:08:00,3,A223,1,A221,606.26,USD,606.26,USD,ACH,0
2026-01-02 08:08:00,4,A249,0,A195,766.67,USD,766.67,USD,ACH,0
2026-01-02 08:09:00,3,A43,3,A123,1184.24,USD,1184.24,USD,ACH,0
2026-01-02 08:10:00,3,A83,1,A206,166.46,USD,166.46,USD,ACH,0
2026-01-02 08:11:00,0,A220,2,A287,1301.14,USD,1301.14,USD,ACH,0
2026-01-02 08:12:00,2,A217,4,A289,294.77,USD,294.77,USD,ACH,0
2026-01-02 08:16:00,2,A142,2,A112,171.92,USD,171.92,USD,ACH,0
2026-01-02 08:16:00,2,A212,3,A83,628.95,USD,628.95,USD,ACH,0
2026-01-02 08:17:00,1,A176,3,A38,362.98,USD,362.98,USD,ACH,0
2026-01-02 08:17:00,4,A299,3,A208,1636.2,USD,1636.2,USD,ACH,0
2026-01-02 08:21:00,1,A141,3,A83,126.93,USD,126.93,USD,ACH,0
2026-01-02 08:22:00,0,A145,1,A226,568.7,USD,568.7,USD,ACH,0
2026-01-02 08:24:00,3,A13,1,A201,606.43,USD,606.43,USD,ACH,0
2026-01-02 08:27:00,1,A276,1,A286,296.73,USD,296.73,USD,ACH,0
2026-01-02 08:29:00,3,A163,3,A293,328.43,USD,328.43,USD,ACH,0
2026-01-02 08:30:00,3,A263,1,A31,183.09,USD,183.09,USD,ACH,0
2026-01-02 08:31:00,0,A120,4,A249,429.53,USD,429.53,USD,ACH,0
2026-01-02 08:32:00,0,A0,3,A53,619.76,USD,619.76,USD,ACH,0
2026-01-02 08:32:00,4,A214,4,A209,1084.24,USD,1084.24,USD,ACH,0
2026-01-02 08:34:00,1,A281,3,A68,183.58,USD,183.58,USD,ACH,0
2026-01-02 08:35:00,2,A157,0,A60,277.05,USD,277.05,USD,ACH,0
2026-01-02 08:40:00,1,A146,3,A288,277.32,USD,277.32,USD,ACH,0
2026-01-02 08:40:00,1,A286,4,A79,2639.99,USD,2639.99,USD,ACH,0
2026-01-02 08:41:00,3,A63,2,A87,161.89,USD,161.89,USD,ACH,0
2026-01-02 08:41:00,3,A203,0,A80,68.87,USD,68.87,USD,ACH,0
2026-01-02 08:42:00,4,A104,4,A119,47.99,USD,47.99,USD,ACH,0
2026-01-02 08:43:00,1,A46,1,A171,942.6,USD,942.6,USD,ACH,0
2026-01-02 08:44:00,1,A296,4,A14,275.31,USD,275.31,USD,ACH,0
2026-01-02 08:46:00,0,A135,4,A289,734.15,USD,734.15,USD,ACH,0
2026-01-02 08:46:00,3,A233,1,A76,167.73,USD,167.73,USD,ACH,0
2026-01-02 08:50:00,2,A82,2,A182,382.53,USD,382.53,USD,ACH,0
2026-01-02 08:53:00,4,A174,1,A86,386.9,USD,386.9,USD,ACH,0
2026-01-02 08:54:00,4,A54,0,A45,430.57,USD,430.57,USD,ACH,0
2026-01-02 08:54:00,3,A58,2,A97,549.44,USD,549.44,USD,ACH,0
2026-01-02 08:55:00,1,A6,2,A247,654.95,USD,654.95,USD,ACH,0
2026-01-02 08:55:00,1,A291,2,A2,541.32,USD,541.32,USD,ACH,0
2026-01-02 09:00:00,3,A208,3,A213,435.07,USD,435.07,USD,ACH,0
2026-01-02 09:01:00,3,A143,3,A28,342.18,USD,342.18,USD,ACH,0
2026-01-02 09:05:00,4,A209,2,A272,984.32,USD,984.32,USD,ACH,0
2026-01-02 09:06:00,3,A103,2,A72,235.64,USD,235.64,USD,ACH,0
2026-01-02 09:06:00,4,A124,4,A289,376.1,USD,376.1,USD,ACH,0
2026-01-02 09:06:00,3,A128,4,A94,970.07,USD,970.07,USD,ACH,0
2026-01-02 09:07:00,0,A160,4,A224,481.44,USD,481.44,USD,ACH,0
2026-01-02 09:07:00,4,A274,2,A207,201.23,USD,201.23,USD,ACH,0
2026-01-02 09:10:00,3,A48,1,A91,606.0,USD,606.0,USD,ACH,0
2026-01-02 09:13:00,4,A69,0,A215,1024.32,USD,1024.32,USD,ACH,0
2026-01-02 09:13:00,3,A188,0,A220,2060.83,USD,2060.83,USD,ACH,1
2026-01-02 09:13:00,3,A218,1,A126,1650.01,USD,1650.01,USD,ACH,0
2026-01-02 09:13:00,2,A252,0,A240,488.98,USD,488.98,USD,ACH,0
2026-01-02 09:15:00,2,A117,4,A229,624.08,USD,624.08,USD,ACH,0
2026-01-02 09:16:00,0,A30,0,A240,288.26,USD,288.26,USD,ACH,0
2026-01-02 09:18:00,0,A55,1,A176,1697.54,USD,1697.54,USD,ACH,0
2026-01-02 09:20:00,0,A250,3,A133,278.33,USD,278.33,USD,ACH,0
2026-01-02 09:20:00,4,A269,0,A290,594.5,USD,594.5,USD,ACH,0
2026-01-02 09:21:00,1,A1,3,A248,486.65,USD,486.65,USD,ACH,0
2026-01-02 09:22:00,0,A45,2,A252,263.59,USD,263.59,USD,ACH,0
2026-01-02 09:24:00,0,A10,2,A77,246.11,USD,246.11,USD,ACH,0
2026-01-02 09:24:00,3,A143,3,A148,584.9,USD,584.9,USD,ACH,0
2026-01-02 09:25:00,3,A138,3,A273,549.87,USD,549.87,USD,ACH,0
2026-01-02 09:26:00,1,A21,3,A103,702.46,USD,702.46,USD,ACH,0
2026-01-02 09:31:00,3,A8,1,A101,429.29,USD,429.29,USD,ACH,0
2026-01-02 09:31:00,1,A26,3,A188,395.34,USD,395.34,USD,ACH,0
2026-01-02 09:31:00,0,A125,4,A229,532.95,USD,532.95,USD,ACH,0
2026-01-02 09:32:00,0,A260,2,A232,91.06,USD,91.06,USD,ACH,0
2026-01-02 09:34:00,0,A50,0,A250,173.52,USD,173.52,USD,ACH,0
2026-01-02 09:34:00,0,A115,1,A16,385.92,USD,385.92,USD,ACH,0
2026-01-02 09:35:00,4,A14,4,A209,134.83,USD,134.83,USD,ACH,0
2026-01-02 09:35:00,3,A88,4,A264,1465.12,USD,1465.12,USD,ACH,0
2026-01-02 09:36:00,3,A168,3,A198,1145.45,USD,1145.45,USD,ACH,0
2026-01-02 09:38:00,3,A188,1,A96,920.24,USD,920.24,USD,ACH,0
2026-01-02 09:40:00,2,A112,1,A261,270.97,USD,270.97,USD,ACH,0
2026-01-02 09:42:00,0,A275,0,A25,1480.26,USD,1480.26,USD,ACH,0
2026-01-02 09:44:00,0,A210,0,A5,142.95,USD,142.95,USD,ACH,0
2026-01-02 09:44:00,2,A282,3,A233,410.21,USD,410.21,USD,ACH,0
2026-01-02 09:45:00,4,A224,1,A16,1829.0,USD,1829.0,USD,ACH,0
2026-01-02 09:48:00,4,A269,3,A178,1748.78,USD,1748.78,USD,ACH,0
2026-01-02 09:51:00,1,A221,4,A34,157.77,USD,157.77,USD,ACH,0
2026-01-02 09:52:00,2,A177,1,A251,198.59,USD,198.59,USD,ACH,0
2026-01-02 09:55:00,1,A191,0,A75,221.39,USD,221.39,USD,ACH,0
2026-01-02 09:57:00,3,A163,1,A256,189.61,USD,189.61,USD,ACH,0
2026-01-02 09:58:00,2,A17,4,A24,164.26,USD,164.26,USD,ACH,0
2026-01-02 09:58:00,0,A265,1,A206,293.64,USD,293.64,USD,ACH,0
2026-01-02 10:00:00,1,A271,0,A160,116.31,USD,116.31,USD,ACH,0
2026-01-02 10:01:00,4,A49,1,A86,559.32,USD,559.32,USD,ACH,0
2026-01-02 10:02:00,1,A16,3,A168,849.69,USD,849.69,USD,ACH,0
2026-01-02 10:03:00,2,A97,3,A148,311.62,USD,311.62,USD,ACH,0
2026-01-02 10:03:00,0,A165,0,A260,488.37,USD,488.37,USD,ACH,0
2026-01-02 10:03:00,4,A259,2,A142,376.05,USD,376.05,USD,ACH,0
2026-01-02 10:11:00,2,A42,1,A81,411.81,USD,411.81,USD,ACH,0
2026-01-02 10:12:00,4,A144,0,A190,365.56,USD,365.56,USD,ACH,0
2026-01-02 10:12:00,3,A153,4,A224,189.46,USD,189.46,USD,ACH,0
2026-01-02 10:12:00,4,A254,0,A245,198.36,USD,198.36,USD,ACH,0
2026-01-02 10:13:00,4,A224,3,A168,202.78,USD,202.78,USD,ACH,0
2026-01-02 10:15:00,2,A247,1,A26,578.28,USD,578.28,USD,ACH,0
2026-01-02 10:15:00,2,A292,1,A196,886.75,USD,886.75,USD,ACH,0
2026-01-02 10:16:00,4,A289,1,A136,807.35,USD,807.35,USD,ACH,0
2026-01-02 10:17:00,0,A180,2,A257,265.01,USD,265.01,USD,ACH,0
2026-01-02 10:18:00,4,A184,1,A121,823.4,USD,823.4,USD,ACH,0
2026-01-02 10:18:00,3,A193,2,A107,321.07,USD,321.07,USD,ACH,0
2026-01-02 10:22:00,0,A140,2,A297,225.6,USD,225.6,USD,ACH,0
2026-01-02 10:22:00,1,A246,1,A271,528.35,USD,528.35,USD,ACH,0
2026-01-02 10:24:00,1,A231,4,A164,204.35,USD,204.35,USD,ACH,1
2026-01-02 10:25:00,3,A158,3,A138,450.77,USD,450.77,USD,ACH,0
2026-01-02 10:26:00,0,A35,4,A104,1192.9,USD,1192.9,USD,ACH,0
2026-01-02 10:27:00,2,A77,2,A132,628.84,USD,628.84,USD,ACH,0
2026-01-02 10:29:00,0,A60,4,A209,245.06,USD,245.06,USD,ACH,0
2026-01-02 10:31:00,2,A32,1,A291,334.52,USD,334.52,USD,ACH,0
2026-01-02 10:35:00,3,A93,1,A226,223.68,USD,223.68,USD,ACH,0
2026-01-02 10:35:00,4,A129,0,A215,503.49,USD,503.49,USD,ACH,0
2026-01-02 10:36:00,3,A8,1,A116,1014.6,USD,1014.6,USD,ACH,0
2026-01-02 10:36:00,0,A175,4,A149,471.63,USD,471.63,USD,ACH,0
2026-01-02 10:38:00,2,A72,2,A287,118.52,USD,118.52,USD,ACH,0
2026-01-02 10:39:00,1,A21,1,A246,215.91,USD,215.91,USD,ACH,0
2026-01-02 10:40:00,1,A81,1,A111,268.58,USD,268.58,USD,ACH,0
2026-01-02 10:41:00,3,A238,1,A126,587.38,USD,587.38,USD,ACH,0
2026-01-02 10:43:00,0,A5,2,A292,1617.46,USD,1617.46,USD,ACH,1
2026-01-02 10:45:00,1,A36,3,A213,452.73,USD,452.73,USD,ACH,0
2026-01-02 10:46:00,1,A196,2,A237,425.95,USD,425.95,USD,ACH,0
2026-01-02 10:48:00,1,A91,3,A43,541.37,USD,541.37,USD,ACH,0
2026-01-02 10:49:00,0,A150,1,A291,158.93,USD,158.93,USD,ACH,0
2026-01-02 10:50:00,1,A246,3,A103,254.99,USD,254.99,USD,ACH,0
2026-01-02 10:51:00,1,A201,0,A150,279.78,USD,279.78,USD,ACH,0
2026-01-02 10:54:00,3,A78,2,A282,894.24,USD,894.24,USD,ACH,0
2026-01-02 10:55:00,2,A162,4,A239,137.18,USD,137.18,USD,ACH,0
2026-01-02 11:00:00,1,A171,0,A20,114.8,USD,114.8,USD,ACH,0
2026-01-02 11:01:00,4,A9,1,A281,1062.69,USD,1062.69,USD,ACH,0
2026-01-02 11:01:00,0,A250,3,A93,628.67,USD,628.67,USD,ACH,0
2026-01-02 11:01:00,0,A255,3,A193,609.96,USD,609.96,USD,ACH,0
2026-01-02 11:05:00,3,A113,3,A118,144.27,USD,144.27,USD,ACH,0
2026-01-02 11:08:00,0,A235,4,A144,322.64,USD,322.64,USD,ACH,0
2026-01-02 11:09:00,2,A67,1,A211,273.27,USD,273.27,USD,ACH,0
2026-01-02 11:09:00,0,A95,1,A291,1600.49,USD,1600.49,USD,ACH,0
2026-01-02 11:09:00,2,A147,1,A291,360.35,USD,360.35,USD,ACH,0
2026-01-02 11:12:00,4,A89,0,A195,275.31,USD,275.31,USD,ACH,0
2026-01-02 11:13:00,4,A189,3,A118,827.96,USD,827.96,USD,ACH,0
2026-01-02 11:14:00,2,A12,2,A22,409.12,USD,409.12,USD,ACH,0
2026-01-02 11:14:00,3,A183,4,A124,209.26,USD,209.26,USD,ACH,0
2026-01-02 11:15:00,4,A139,3,A108,522.75,USD,522.75,USD,ACH,0
2026-01-02 11:16:00,0,A110,4,A4,63.52,USD,63.52,USD,ACH,0
2026-01-02 11:16:00,3,A133,1,A261,498.38,USD,498.38,USD,ACH,0
2026-01-02 11:20:00,2,A112,4,A64,314.69,USD,314.69,USD,ACH,1
2026-01-02 11:21:00,2,A7,3,A78,382.51,USD,382.51,USD,ACH,0
2026-01-02 11:21:00,3,A173,3,A263,314.9,USD,314.9,USD,ACH,0
2026-01-02 11:24:00,1,A71,2,A107,231.76,USD,231.76,USD,ACH,0
2026-01-02 11:26:00,2,A67,3,A128,1873.91,USD,1873.91,USD,ACH,0
2026-01-02 11:26:00,4,A109,1,A1,1360.08,USD,1360.08,USD,ACH,0
2026-01-02 11:30:00,1,A196,2,A242,710.97,USD,710.97,USD,ACH,0
2026-01-02 11:32:00,4,A79,1,A131,502.45,USD,502.45,USD,ACH,0
2026-01-02 11:35:00,0,A270,3,A198,133.75,USD,133.75,USD,ACH,0
2026-01-02 11:36:00,3,A128,3,A98,654.12,USD,654.12,USD,ACH,0
2026-01-02 11:38:00,0,A15,0,A270,247.34,USD,247.34,USD,ACH,0
2026-01-02 11:38:00,4,A84,1,A226,1012.18,USD,1012.18,USD,ACH,0
2026-01-02 11:39:00,1,A41,0,A170,247.58,USD,247.58,USD,ACH,0
2026-01-02 11:39:00,2,A212,4,A164,207.75,USD,207.75,USD,ACH,0
2026-01-02 11:41:00,0,A280,2,A107,191.22,USD,191.22,USD,ACH,0
2026-01-02 11:43:00,0,A140,0,A260,130.92,USD,130.92,USD,ACH,0
2026-01-02 11:45:00,2,A57,4,A184,821.17,USD,821.17,USD,ACH,0
2026-01-02 11:46:00,3,A208,3,A88,394.45,USD,394.45,USD,ACH,0
2026-01-02 11:47:00,4,A39,2,A27,803.6,USD,803.6,USD,ACH,0
2026-01-02 11:48:00,3,A38,0,A190,588.22,USD,588.22,USD,ACH,0
2026-01-02 11:48:00,1,A86,4,A34,189.04,USD,189.04,USD,ACH,0
2026-01-02 11:48:00,4,A154,3,A268,237.19,USD,237.19,USD,ACH,0
2026-01-02 11:50:00,2,A237,2,A232,883.84,USD,883.84,USD,ACH,0
2026-01-02 11:57:00,2,A242,1,A276,254.71,USD,254.71,USD,ACH,0
2026-01-02 11:59:00,4,A294,4,A194,327.59,USD,327.59,USD,ACH,0
2026-01-02 12:00:00,1,A141,2,A217,103.38,USD,103.38,USD,ACH,0
2026-01-02 12:00:00,1,A296,4,A289,2922.79,USD,2922.79,USD,Wire,0
2026-01-02 12:01:00,0,A25,3,A18,2604.84,USD,2604.84,USD,Wire,0
2026-01-02 12:02:00,4,A134,2,A127,2817.23,USD,2817.23,USD,Wire,0
2026-01-02 12:02:00,4,A144,2,A137,2637.93,USD,2637.93,USD,Wire,0
2026-01-02 12:03:00,1,A191,4,A184,1962.93,USD,1962.93,USD,Wire,0
2026-01-02 12:03:00,0,A190,1,A256,172.75,USD,172.75,USD,ACH,0
2026-01-02 12:03:00,3,A233,1,A226,2598.31,USD,2598.31,USD,Wire,0
2026-01-02 12:03:00,0,A270,3,A263,1711.18,USD,1711.18,USD,Wire,0
2026-01-02 12:04:00,1,A81,4,A74,1927.26,USD,1927.26,USD,Wire,0
2026-01-02 12:04:00,0,A195,3,A188,2826.49,USD,2826.49,USD,Wire,0
2026-01-02 12:05:00,4,A249,2,A242,1537.97,USD,1537.97,USD,Wire,0
2026-01-02 12:05:00,1,A281,4,A274,1991.32,USD,1991.32,USD,Wire,0
2026-01-02 12:05:00,3,A283,1,A276,2478.33,USD,2478.33,USD,Wire,0
2026-01-02 12:05:00,3,A298,4,A129,96.5,USD,96.5,USD,ACH,0
2026-01-02 12:06:00,4,A99,2,A92,1589.71,USD,1589.71,USD,Wire,0
2026-01-02 12:06:00,3,A183,1,A176,2656.68,USD,2656.68,USD,Wire,0
2026-01-02 12:07:00,0,A30,3,A23,1840.96,USD,1840.96,USD,Wire,0
2026-01-02 12:07:00,2,A67,0,A60,1423.99,USD,1423.99,USD,Wire,0
2026-01-02 12:07:00,1,A151,4,A144,2261.14,USD,2261.14,USD,Wire,0
2026-01-02 12:08:00,3,A53,1,A46,2470.12,USD,2470.12,USD,Wire,0
2026-01-02 12:08:00,1,A56,4,A49,3079.04,USD,3079.04,USD,Wire,0
2026-01-02 12:08:00,4,A264,1,A81,249.37,USD,249.37,USD,ACH,1
2026-01-02 12:08:00,3,A273,1,A266,2674.4,USD,2674.4,USD,Wire,0
2026-01-02 12:09:00,4,A184,2,A177,2866.17,USD,2866.17,USD,Wire,0
2026-01-02 12:09:00,1,A261,4,A254,2217.29,USD,2217.29,USD,Wire,0
2026-01-02 12:10:00,1,A26,4,A19,2891.43,USD,2891.43,USD,Wire,0
2026-01-02 12:10:00,4,A29,2,A22,1406.18,USD,1406.18,USD,Wire,0
2026-01-02 12:10:00,3,A198,4,A49,1631.17,USD,1631.17,USD,ACH,0
2026-01-02 12:10:00,3,A288,1,A281,1388.87,USD,1388.87,USD,Wire,0
2026-01-02 12:11:00,3,A43,1,A36,2481.14,USD,2481.14,USD,Wire,0
2026-01-02 12:11:00,4,A84,2,A87,322.21,USD,322.21,USD,ACH,0
2026-01-02 12:11:00,3,A88,2,A82,1454.73,USD,1454.73,USD,ACH,0
2026-01-02 12:11:00,4,A139,2,A132,1478.05,USD,1478.05,USD,Wire,0
2026-01-02 12:11:00,0,A275,3,A268,3090.65,USD,3090.65,USD,Wire,0
2026-01-02 12:12:00,4,A44,2,A37,2472.66,USD,2472.66,USD,Wire,0
2026-01-02 12:12:00,0,A220,3,A213,1733.22,USD,1733.22,USD,Wire,0
2026-01-02 12:12:00,3,A223,1,A216,2530.37,USD,2530.37,USD,Wire,0
2026-01-02 12:12:00,1,A231,0,A115,220.61,USD,220.61,USD,ACH,0
2026-01-02 12:13:00,3,A53,2,A97,240.03,USD,240.03,USD,ACH,0
2026-01-02 12:13:00,2,A102,0,A95,2249.8,USD,2249.8,USD,Wire,0
2026-01-02 12:13:00,4,A174,2,A167,2821.65,USD,2821.65,USD,Wire,0
2026-01-02 12:13:00,1,A176,3,A108,462.45,USD,462.45,USD,ACH,0
2026-01-02 12:13:00,0,A200,3,A193,2030.08,USD,2030.08,USD,Wire,0
2026-01-02 12:13:00,3,A298,1,A291,1648.39,USD,1648.39,USD,Wire,0
2026-01-02 12:15:00,1,A96,4,A89,3106.91,USD,3106.91,USD,Wire,0
2026-01-02 12:15:00,2,A202,0,A195,2352.44,USD,2352.44,USD,Wire,0
2026-01-02 12:15:00,0,A205,3,A198,2889.07,USD,2889.07,USD,Wire,0
2026-01-02 12:15:00,1,A241,4,A234,1920.26,USD,1920.26,USD,Wire,0
2026-01-02 12:16:00,2,A172,1,A276,494.44,USD,494.44,USD,ACH,0
2026-01-02 12:17:00,4,A79,2,A72,1651.66,USD,1651.66,USD,Wire,0
2026-01-02 12:18:00,0,A10,4,A34,219.13,USD,219.13,USD,ACH,0
2026-01-02 12:19:00,0,A15,3,A8,2816.86,USD,2816.86,USD,Wire,0
2026-01-02 12:19:00,0,A215,3,A208,2928.3,USD,2928.3,USD,Wire,0
2026-01-02 12:20:00,4,A289,2,A2,2848.11,USD,2848.11,USD,Wire,0
2026-01-02 12:21:00,3,A18,1,A31,2376.8,USD,2376.8,USD,Wire,0
2026-01-02 12:21:00,3,A168,1,A231,583.09,USD,583.09,USD,ACH,0
2026-01-02 12:22:00,2,A127,0,A140,2555.27,USD,2555.27,USD,Wire,0
2026-01-02 12:22:00,2,A137,0,A150,2551.09,USD,2551.09,USD,Wire,0
2026-01-02 12:23:00,2,A107,4,A34,434.9,USD,434.9,USD,ACH,0
2026-01-02 12:23:00,4,A184,2,A197,1881.37,USD,1881.37,USD,Wire,0
2026-01-02 12:23:00,1,A226,4,A239,2498.72,USD,2498.72,USD,Wire,0
2026-01-02 12:23:00,3,A263,1,A276,1672.02,USD,1672.02,USD,Wire,0
2026-01-02 12:24:00,4,A74,2,A87,1867.37,USD,1867.37,USD,Wire,0
2026-01-02 12:24:00,3,A188,1,A201,2617.99,USD,2617.99,USD,Wire,0
2026-01-02 12:25:00,2,A242,0,A255,1480.66,USD,1480.66,USD,Wire,0
2026-01-02 12:25:00,4,A274,2,A287,1913.91,USD,1913.91,USD,Wire,0
2026-01-02 12:25:00,1,A276,4,A289,2422.4,USD,2422.4,USD,Wire,0
2026-01-02 12:26:00,0,A5,0,A120,676.8,USD,676.8,USD,ACH,0
2026-01-02 12:26:00,4,A14,4,A19,648.85,USD,648.85,USD,ACH,0
2026-01-02 12:26:00,2,A92,0,A105,1445.15,USD,1445.15,USD,Wire,0
2026-01-02 12:26:00,1,A176,4,A189,2497.12,USD,2497.12,USD,Wire,0
2026-01-02 12:26:00,0,A195,2,A152,1351.73,USD,1351.73,USD,ACH,0
2026-01-02 12:26:00,1,A256,0,A20,533.23,USD,533.23,USD,ACH,0
2026-01-02 12:27:00,3,A23,1,A36,1766.83,USD,1766.83,USD,Wire,0
2026-01-02 12:27:00,0,A60,3,A73,1384.96,USD,1384.96,USD,Wire,0
2026-01-02 12:27:00,4,A144,2,A157,2097.08,USD,2097.08,USD,Wire,0
2026-01-02 12:27:00,2,A237,4,A254,1347.17,USD,1347.17,USD,ACH,0
2026-01-02 12:28:00,1,A46,4,A59,2285.98,USD,2285.98,USD,Wire,0
2026-01-02 12:28:00,4,A49,2,A62,2930.47,USD,2930.47,USD,Wire,0
2026-01-02 12:28:00,4,A104,1,A231,434.78,USD,434.78,USD,ACH,0
2026-01-02 12:28:00,2,A157,0,A255,413.2,USD,413.2,USD,ACH,0
2026-01-02 12:28:00,1,A241,4,A214,558.85,USD,558.85,USD,ACH,0
2026-01-02 12:28:00,1,A266,4,A279,2490.68,USD,2490.68,USD,Wire,0
2026-01-02 12:29:00,3,A18,0,A170,323.98,USD,323.98,USD,ACH,0
2026-01-02 12:29:00,2,A177,0,A190,2756.78,USD,2756.78,USD,Wire,0
2026-01-02 12:29:00,4,A254,2,A267,2056.21,USD,2056.21,USD,Wire,0
2026-01-02 12:30:00,4,A19,2,A32,2706.58,USD,2706.58,USD,Wire,0
2026-01-02 12:30:00,2,A22,0,A35,1375.45,USD,1375.45,USD,Wire,0
2026-01-02 12:30:00,1,A281,4,A294,1298.77,USD,1298.77,USD,Wire,0
2026-01-02 12:31:00,1,A36,4,A49,2363.17,USD,2363.17,USD,Wire,0
2026-01-02 12:31:00,2,A132,0,A145,1365.49,USD,1365.49,USD,Wire,0
2026-01-02 12:31:00,3,A268,1,A281,2899.55,USD,2899.55,USD,Wire,0
2026-01-02 12:32:00,2,A37,0,A50,2374.55,USD,2374.55,USD,Wire,0
2026-01-02 12:32:00,3,A213,1,A226,1669.1,USD,1669.1,USD,Wire,0
2026-01-02 12:32:00,1,A216,4,A229,2345.4,USD,2345.4,USD,Wire,0
2026-01-02 12:33:00,0,A95,3,A108,2226.4,USD,2226.4,USD,Wire,0
2026-01-02 12:33:00,2,A167,0,A180,2555.97,USD,2555.97,USD,Wire,0
2026-01-02 12:33:00,3,A193,1,A206,1990.34,USD,1990.34,USD,Wire,0
2026-01-02 12:33:00,1,A291,4,A4,1583.2,USD,1583.2,USD,Wire,0
2026-01-02 12:35:00,4,A89,2,A102,3009.92,USD,3009.92,USD,Wire,0
2026-01-02 12:35:00,0,A195,3,A208,2141.16,USD,2141.16,USD,Wire,0
2026-01-02 12:35:00,3,A198,1,A211,2749.12,USD,2749.12,USD,Wire,0
2026-01-02 12:35:00,4,A234,2,A247,1824.75,USD,1824.75,USD,Wire,0
2026-01-02 12:37:00,2,A72,0,A85,1503.96,USD,1503.96,USD,Wire,0
2026-01-02 12:38:00,0,A75,3,A118,867.06,USD,867.06,USD,ACH,0
2026-01-02 12:39:00,3,A8,1,A21,2644.04,USD,2644.04,USD,Wire,0
2026-01-02 12:39:00,0,A165,1,A146,952.2,USD,952.2,USD,ACH,0
2026-01-02 12:39:00,2,A197,4,A194,217.43,USD,217.43,USD,ACH,0
2026-01-02 12:39:00,3,A208,1,A221,2855.65,USD,2855.65,USD,Wire,0
2026-01-02 12:41:00,1,A111,1,A251,1243.67,USD,1243.67,USD,ACH,0
2026-01-02 12:42:00,0,A275,4,A79,401.38,USD,401.38,USD,ACH,0
2026-01-02 12:43:00,3,A38,1,A121,84.36,USD,84.36,USD,ACH,0
2026-01-02 12:44:00,4,A149,0,A220,1009.6,USD,1009.6,USD,ACH,0
2026-01-02 12:51:00,2,A207,1,A46,122.04,USD,122.04,USD,ACH,0
2026-01-02 12:54:00,3,A58,0,A100,138.64,USD,138.64,USD,ACH,0
2026-01-02 12:56:00,0,A85,3,A48,502.86,USD,502.86,USD,ACH,0
2026-01-02 12:59:00,1,A116,1,A16,251.4,USD,251.4,USD,ACH,0
2026-01-02 12:59:00,0,A205,2,A212,718.9,USD,718.9,USD,ACH,0
2026-01-02 12:59:00,2,A287,2,A227,1172.48,USD,1172.48,USD,ACH,0
2026-01-02 13:02:00,2,A62,0,A10,154.62,USD,154.62,USD,ACH,0
2026-01-02 13:03:00,4,A279,0,A125,1120.36,USD,1120.36,USD,ACH,0
2026-01-02 13:05:00,0,A190,3,A113,315.99,USD,315.99,USD,ACH,0
2026-01-02 13:06:00,1,A31,4,A129,440.55,USD,440.55,USD,ACH,0
2026-01-02 13:11:00,3,A93,4,A269,329.68,USD,329.68,USD,ACH,0
2026-01-02 13:12:00,4,A179,2,A287,361.25,USD,361.25,USD,ACH,0
2026-01-02 13:13:00,1,A186,0,A220,1120.61,USD,1120.61,USD,ACH,0
2026-01-02 13:14:00,1,A126,2,A152,511.29,USD,511.29,USD,ACH,0
2026-01-02 13:17:00,0,A180,2,A162,57.06,USD,57.06,USD,ACH,0
2026-01-02 13:18:00,3,A108,3,A178,524.63,USD,524.63,USD,ACH,0
2026-01-02 13:20:00,1,A121,0,A100,397.47,USD,397.47,USD,ACH,0
2026-01-02 13:22:00,0,A240,1,A56,640.72,USD,640.72,USD,ACH,0
2026-01-02 13:24:00,4,A279,3,A293,287.62,USD,287.62,USD,ACH,0
2026-01-02 13:25:00,1,A251,0,A280,210.69,USD,210.69,USD,ACH,0
2026-01-02 13:26:00,0,A225,0,A80,151.76,USD,151.76,USD,ACH,0
2026-01-02 13:26:00,0,A245,2,A212,530.89,USD,530.89,USD,ACH,0
2026-01-02 13:27:00,3,A283,2,A137,123.66,USD,123.66,USD,ACH,0
2026-01-02 13:29:00,3,A178,3,A223,1912.67,USD,1912.67,USD,ACH,0
2026-01-02 13:31:00,2,A217,2,A272,126.77,USD,126.77,USD,ACH,0
2026-01-02 13:32:00,1,A136,3,A213,590.2,USD,590.2,USD,ACH,0
2026-01-02 13:32:00,3,A258,0,A20,273.08,USD,273.08,USD,ACH,1
2026-01-02 13:35:00,0,A130,1,A11,586.34,USD,586.34,USD,ACH,0
2026-01-02 13:41:00,1,A101,2,A262,192.09,USD,192.09,USD,ACH,0
2026-01-02 13:41:00,4,A119,0,A150,245.58,USD,245.58,USD,ACH,0
2026-01-02 13:43:00,2,A2,4,A209,297.53,USD,297.53,USD,ACH,0
2026-01-02 13:43:00,4,A129,0,A125,519.01,USD,519.01,USD,ACH,0
2026-01-02 13:45:00,0,A35,1,A16,762.84,USD,762.84,USD,ACH,0
2026-01-02 13:49:00,3,A118,3,A198,150.41,USD,150.41,USD,ACH,0
2026-01-02 13:50:00,2,A127,0,A40,2037.12,USD,2037.12,USD,ACH,0
2026-01-02 13:51:00,0,A120,1,A106,97.15,USD,97.15,USD,ACH,0
2026-01-02 13:51:00,0,A175,1,A171,749.33,USD,749.33,USD,ACH,0
2026-01-02 13:52:00,1,A261,3,A258,164.72,USD,164.72,USD,ACH,0
2026-01-02 13:52:00,1,A296,0,A240,232.84,USD,232.84,USD,ACH,0
2026-01-02 13:56:00,2,A57,1,A126,471.82,USD,471.82,USD,ACH,0
2026-01-02 13:56:00,0,A135,2,A7,774.89,USD,774.89,USD,ACH,0
2026-01-02 13:56:00,0,A150,1,A166,96.71,USD,96.71,USD,ACH,0
2026-01-02 13:57:00,1,A11,0,A80,257.96,USD,257.96,USD,ACH,0
2026-01-02 13:57:00,4,A19,3,A188,493.85,USD,493.85,USD,ACH,0
2026-01-02 13:58:00,1,A166,4,A19,207.76,USD,207.76,USD,ACH,0
2026-01-02 14:00:00,4,A9,4,A254,515.65,USD,515.65,USD,ACH,0
2026-01-02 14:01:00,3,A68,1,A151,382.62,USD,382.62,USD,ACH,0
2026-01-02 14:03:00,1,A136,2,A142,349.15,USD,349.15,USD,ACH,0
2026-01-02 14:03:00,1,A216,2,A72,155.05,USD,155.05,USD,ACH,0
2026-01-02 14:06:00,3,A103,4,A189,319.25,USD,319.25,USD,ACH,0
2026-01-02 14:07:00,3,A98,4,A109,311.66,USD,311.66,USD,ACH,0
2026-01-02 14:08:00,3,A253,1,A171,899.73,USD,899.73,USD,ACH,0
2026-01-02 14:10:00,3,A223,1,A296,559.94,USD,559.94,USD,ACH,0
2026-01-02 14:12:00,4,A229,1,A96,418.1,USD,418.1,USD,ACH,0
2026-01-02 14:14:00,4,A74,1,A46,1008.91,USD,1008.91,USD,ACH,0
2026-01-02 14:15:00,3,A148,0,A265,634.37,USD,634.37,USD,ACH,0
2026-01-02 14:20:00,4,A289,2,A212,1709.79,USD,1709.79,USD,ACH,0
2026-01-02 14:21:00,1,A261,0,A210,136.7,USD,136.7,USD,ACH,0
2026-01-02 14:22:00,2,A87,4,A249,502.71,USD,502.71,USD,ACH,0
2026-01-02 14:22:00,3,A273,3,A113,307.0,USD,307.0,USD,ACH,0
2026-01-02 14:24:00,0,A40,0,A65,152.5,USD,152.5,USD,ACH,0
2026-01-02 14:24:00,0,A50,3,A183,221.73,USD,221.73,USD,ACH,0
2026-01-02 14:26:00,4,A34,3,A293,563.26,USD,563.26,USD,ACH,0
2026-01-02 14:27:00,0,A290,2,A277,293.89,USD,293.89,USD,ACH,1
2026-01-02 14:33:00,2,A7,4,A69,381.46,USD,381.46,USD,ACH,0
2026-01-02 14:33:00,4,A234,2,A252,187.37,USD,187.37,USD,ACH,0
2026-01-02 14:37:00,3,A83,1,A286,410.54,USD,410.54,USD,ACH,0
2026-01-02 14:38:00,4,A169,2,A17,1058.01,USD,1058.01,USD,ACH,0
2026-01-02 14:39:00,1,A81,3,A278,351.72,USD,351.72,USD,ACH,0
2026-01-02 14:39:00,1,A156,2,A17,1528.34,USD,1528.34,USD,ACH,0
2026-01-02 14:40:00,0,A80,3,A163,225.22,USD,225.22,USD,ACH,0
2026-01-02 14:40:00,0,A100,3,A273,306.92,USD,306.92,USD,ACH,0
2026-01-02 14:40:00,4,A254,3,A258,854.04,USD,854.04,USD,ACH,0
2026-01-02 14:44:00,0,A20,0,A160,590.0,USD,590.0,USD,ACH,0
2026-01-02 14:44:00,1,A211,3,A53,209.97,USD,209.97,USD,ACH,0
2026-01-02 14:46:00,3,A123,3,A83,107.3,USD,107.3,USD,ACH,0
2026-01-02 14:51:00,4,A109,4,A114,435.52,USD,435.52,USD,ACH,1
2026-01-02 14:53:00,3,A48,3,A158,194.62,USD,194.62,USD,ACH,0
2026-01-02 14:56:00,4,A299,0,A170,346.57,USD,346.57,USD,ACH,0
2026-01-02 14:57:00,0,A230,3,A33,129.79,USD,129.79,USD,ACH,0
2026-01-02 15:05:00,4,A159,3,A263,227.35,USD,227.35,USD,ACH,0
2026-01-02 15:07:00,3,A28,0,A215,131.99,USD,131.99,USD,ACH,1
2026-01-02 15:07:00,1,A86,1,A101,278.35,USD,278.35,USD,ACH,0
2026-01-02 15:07:00,2,A92,2,A182,464.48,USD,464.48,USD,ACH,0
2026-01-02 15:07:00,2,A187,1,A181,605.51,USD,605.51,USD,ACH,0
2026-01-02 15:09:00,3,A173,3,A243,1359.85,USD,1359.85,USD,ACH,0
2026-01-02 15:11:00,4,A94,3,A238,1214.61,USD,1214.61,USD,ACH,0
2026-01-02 15:11:00,4,A134,1,A1,317.53,USD,317.53,USD,ACH,0
2026-01-02 15:11:00,2,A227,0,A170,212.23,USD,212.23,USD,ACH,0
2026-01-02 15:20:00,0,A25,4,A64,201.41,USD,201.41,USD,ACH,0
2026-01-02 15:21:00,3,A28,3,A143,658.5,USD,658.5,USD,ACH,0
2026-01-02 15:23:00,0,A90,2,A112,325.52,USD,325.52,USD,ACH,0
2026-01-02 15:23:00,3,A268,2,A227,729.23,USD,729.23,USD,ACH,0
2026-01-02 15:24:00,1,A51,1,A196,186.56,USD,186.56,USD,ACH,0
2026-01-02 15:25:00,2,A132,4,A64,181.3,USD,181.3,USD,ACH,0
2026-01-02 15:25:00,0,A185,3,A158,465.35,USD,465.35,USD,ACH,0
2026-01-02 15:26:00,2,A232,1,A171,163.77,USD,163.77,USD,ACH,0
2026-01-02 15:27:00,2,A277,2,A62,105.21,USD,105.21,USD,ACH,0
2026-01-02 15:27:00,4,A284,1,A256,66.3,USD,66.3,USD,ACH,0
2026-01-02 15:31:00,4,A184,1,A51,124.57,USD,124.57,USD,ACH,0
2026-01-02 15:32:00,1,A241,3,A173,280.49,USD,280.49,USD,ACH,0
2026-01-02 15:33:00,0,A170,4,A159,423.25,USD,423.25,USD,ACH,0
2026-01-02 15:34:00,2,A92,4,A9,126.47,USD,126.47,USD,ACH,0
2026-01-02 15:34:00,3,A148,2,A17,152.57,USD,152.57,USD,ACH,0
2026-01-02 15:35:00,1,A46,3,A18,225.16,USD,225.16,USD,ACH,0
2026-01-02 15:35:00,3,A138,3,A208,299.0,USD,299.0,USD,ACH,0
2026-01-02 15:39:00,0,A220,0,A270,93.04,USD,93.04,USD,ACH,0
2026-01-02 15:42:00,0,A235,4,A244,183.11,USD,183.11,USD,ACH,0
2026-01-02 15:44:00,4,A114,0,A5,615.56,USD,615.56,USD,ACH,0
2026-01-02 15:45:00,3,A213,3,A268,327.68,USD,327.68,USD,ACH,1
2026-01-02 15:45:00,1,A236,1,A126,1404.47,USD,1404.47,USD,ACH,0
2026-01-02 15:47:00,2,A97,2,A147,361.15,USD,361.15,USD,ACH,0
2026-01-02 15:47:00,4,A244,0,A160,466.49,USD,466.49,USD,ACH,0
2026-01-02 15:48:00,2,A202,1,A281,170.35,USD,170.35,USD,ACH,0
2026-01-02 15:48:00,1,A216,3,A258,1106.19,USD,1106.19,USD,ACH,0
2026-01-02 15:48:00,4,A264,4,A274,329.4,USD,329.4,USD,ACH,1
2026-01-02 15:49:00,1,A101,0,A240,536.0,USD,536.0,USD,ACH,0
2026-01-02 15:49:00,4,A124,3,A93,428.26,USD,428.26,USD,ACH,0
2026-01-02 15:49:00,1,A236,4,A169,103.36,USD,103.36,USD,ACH,0
2026-01-02 15:50:00,4,A44,4,A199,418.2,USD,418.2,USD,ACH,0
2026-01-02 15:51:00,1,A26,2,A262,490.87,USD,490.87,USD,ACH,0
2026-01-02 15:51:00,2,A127,3,A168,639.72,USD,639.72,USD,ACH,0
2026-01-02 15:55:00,3,A253,4,A109,345.75,USD,345.75,USD,ACH,0
2026-01-02 15:56:00,1,A66,1,A16,573.19,USD,573.19,USD,ACH,0
2026-01-02 15:56:00,4,A99,4,A49,162.32,USD,162.32,USD,ACH,0
2026-01-02 15:56:00,0,A155,2,A22,242.03,USD,242.03,USD,ACH,1
2026-01-02 15:56:00,3,A293,2,A122,96.58,USD,96.58,USD,ACH,0
2026-01-02 15:57:00,3,A248,0,A100,205.45,USD,205.45,USD,ACH,0
2026-01-02 15:58:00,2,A22,4,A89,263.25,USD,263.25,USD,ACH,0
2026-01-02 16:02:00,3,A68,2,A137,943.96,USD,943.96,USD,ACH,0
2026-01-02 16:03:00,3,A278,4,A59,420.68,USD,420.68,USD,ACH,0
2026-01-02 16:04:00,2,A17,4,A64,664.3,USD,664.3,USD,ACH,0
2026-01-02 16:04:00,0,A45,0,A140,607.24,USD,607.24,USD,ACH,0
2026-01-02 16:05:00,2,A137,2,A132,308.0,USD,308.0,USD,ACH,0
2026-01-02 16:06:00,1,A156,1,A176,318.65,USD,318.65,USD,ACH,0
2026-01-02 16:07:00,1,A76,2,A72,463.11,USD,463.11,USD,ACH,0
2026-01-02 16:07:00,1,A116,3,A98,196.46,USD,196.46,USD,ACH,0
2026-01-02 16:07:00,4,A239,2,A62,1189.75,USD,1189.75,USD,ACH,0
2026-01-02 16:08:00,1,A61,1,A146,249.97,USD,249.97,USD,ACH,0
2026-01-02 16:09:00,2,A122,3,A158,213.45,USD,213.45,USD,ACH,0
2026-01-02 16:09:00,2,A177,0,A125,885.32,USD,885.32,USD,ACH,0
2026-01-02 16:11:00,1,A291,4,A134,324.06,USD,324.06,USD,ACH,0
2026-01-02 16:12:00,3,A288,4,A19,449.78,USD,449.78,USD,ACH,0
2026-01-02 16:13:00,2,A192,0,A115,433.36,USD,433.36,USD,ACH,0
2026-01-02 16:13:00,2,A267,0,A275,99.25,USD,99.25,USD,ACH,1
2026-01-02 16:13:00,3,A283,2,A22,252.62,USD,252.62,USD,ACH,0
2026-01-02 16:14:00,4,A204,3,A148,223.56,USD,223.56,USD,ACH,0
2026-01-02 16:14:00,0,A215,1,A251,843.24,USD,843.24,USD,ACH,0
2026-01-02 16:14:00,1,A226,3,A203,397.41,USD,397.41,USD,ACH,0
2026-01-02 16:16:00,4,A59,3,A78,518.52,USD,518.52,USD,ACH,0
2026-01-02 16:16:00,0,A65,0,A105,81.36,USD,81.36,USD,ACH,0
2026-01-02 16:18:00,2,A37,1,A251,1080.07,USD,1080.07,USD,ACH,0
2026-01-02 16:18:00,2,A52,3,A253,1106.4,USD,1106.4,USD,ACH,0
2026-01-02 16:19:00,4,A4,3,A188,634.05,USD,634.05,USD,ACH,0
2026-01-02 16:19:00,3,A248,2,A32,609.41,USD,609.41,USD,ACH,0
2026-01-02 16:20:00,0,A260,1,A46,336.23,USD,336.23,USD,ACH,0
2026-01-02 16:20:00,0,A285,2,A207,220.83,USD,220.83,USD,ACH,0
2026-01-02 16:27:00,0,A295,3,A158,387.58,USD,387.58,USD,ACH,0
2026-01-02 16:28:00,0,A105,0,A245,452.73,USD,452.73,USD,ACH,0
2026-01-02 16:28:00,1,A181,0,A55,232.07,USD,232.07,USD,ACH,0
2026-01-02 16:30:00,3,A78,0,A65,355.51,USD,355.51,USD,ACH,0
2026-01-02 16:32:00,2,A132,4,A274,744.75,USD,744.75,USD,ACH,0
2026-01-02 16:33:00,4,A29,4,A179,508.03,USD,508.03,USD,ACH,0
2026-01-02 16:35:00,2,A27,3,A183,168.75,USD,168.75,USD,ACH,0
2026-01-02 16:40:00,1,A106,4,A29,568.34,USD,568.34,USD,ACH,0
2026-01-02 16:40:00,1,A206,1,A256,144.47,USD,144.47,USD,ACH,0
2026-01-02 16:40:00,3,A243,3,A48,123.67,USD,123.67,USD,ACH,0
2026-01-02 16:45:00,2,A247,3,A53,217.44,USD,217.44,USD,ACH,0
2026-01-02 16:45:00,2,A262,2,A232,384.47,USD,384.47,USD,ACH,0
2026-01-02 16:46:00,0,A15,4,A69,491.3,USD,491.3,USD,ACH,0
2026-01-02 16:46:00,1,A96,1,A61,289.73,USD,289.73,USD,ACH,0
2026-01-02 16:48:00,2,A2,4,A79,214.73,USD,214.73,USD,ACH,0
2026-01-02 16:51:00,2,A47,4,A239,502.93,USD,502.93,USD,ACH,0
2026-01-02 16:54:00,2,A152,1,A221,462.5,USD,462.5,USD,ACH,0
2026-01-02 16:55:00,2,A52,3,A58,322.28,USD,322.28,USD,ACH,1
2026-01-02 16:55:00,2,A297,0,A60,279.29,USD,279.29,USD,ACH,1
2026-01-02 16:57:00,4,A24,1,A101,447.76,USD,447.76,USD,ACH,0
2026-01-02 16:57:00,3,A158,1,A186,441.8,USD,441.8,USD,ACH,0
2026-01-02 16:57:00,1,A281,2,A272,245.52,USD,245.52,USD,ACH,0
2026-01-02 16:58:00,3,A63,4,A169,585.22,USD,585.22,USD,ACH,0
2026-01-02 17:00:00,0,A195,3,A113,743.18,USD,743.18,USD,ACH,0
2026-01-02 17:01:00,4,A199,4,A49,455.31,USD,455.31,USD,ACH,0
2026-01-02 17:03:00,3,A13,3,A38,579.09,USD,579.09,USD,ACH,0
2026-01-02 17:03:00,0,A295,1,A126,396.03,USD,396.03,USD,ACH,0
2026-01-02 17:06:00,2,A272,3,A178,159.94,USD,159.94,USD,ACH,0
2026-01-02 17:06:00,4,A284,2,A32,424.89,USD,424.89,USD,ACH,0
2026-01-02 17:08:00,2,A182,1,A121,389.24,USD,389.24,USD,ACH,0
2026-01-02 17:09:00,1,A56,3,A213,504.65,USD,504.65,USD,ACH,0
2026-01-02 17:10:00,1,A161,3,A123,213.75,USD,213.75,USD,ACH,0
2026-01-02 17:11:00,3,A33,4,A124,453.76,USD,453.76,USD,ACH,0
2026-01-02 17:11:00,4,A194,2,A112,331.92,USD,331.92,USD,ACH,0
2026-01-02 17:11:00,0,A225,0,A245,790.23,USD,790.23,USD,ACH,0
2026-01-02 17:14:00,3,A23,4,A19,219.82,USD,219.82,USD,ACH,0
2026-01-02 17:14:00,1,A151,2,A142,314.34,USD,314.34,USD,ACH,0
2026-01-02 17:14:00,4,A219,1,A296,173.58,USD,173.58,USD,ACH,0
2026-01-02 17:15:00,1,A131,2,A297,297.81,USD,297.81,USD,ACH,0
2026-01-02 17:15:00,2,A267,4,A224,495.88,USD,495.88,USD,ACH,0
2026-01-02 17:17:00,0,A200,3,A268,170.16,USD,170.16,USD,ACH,0
2026-01-02 17:22:00,1,A181,0,A110,78.75,USD,78.75,USD,ACH,0
2026-01-02 17:23:00,2,A77,4,A294,422.15,USD,422.15,USD,ACH,0
2026-01-02 17:23:00,2,A167,1,A101,336.4,USD,336.4,USD,ACH,0
2026-01-02 17:26:00,1,A171,3,A278,231.61,USD,231.61,USD,ACH,0
2026-01-02 17:30:00,2,A257,3,A143,896.17,USD,896.17,USD,ACH,0
2026-01-02 17:31:00,0,A55,2,A157,937.75,USD,937.75,USD,ACH,0
2026-01-02 17:33:00,3,A263,0,A190,534.37,USD,534.37,USD,ACH,0
2026-01-02 17:34:00,1,A41,0,A230,386.2,USD,386.2,USD,ACH,0
2026-01-02 17:34:00,4,A64,4,A199,417.87,USD,417.87,USD,ACH,0
2026-01-02 17:34:00,3,A73,0,A140,846.43,USD,846.43,USD,ACH,0
2026-01-02 17:34:00,2,A222,4,A284,1329.91,USD,1329.91,USD,ACH,0
2026-01-02 17:36:00,4,A69,2,A277,2345.66,USD,2345.66,USD,ACH,0
2026-01-02 17:41:00,3,A98,4,A94,676.51,USD,676.51,USD,ACH,0
2026-01-02 17:42:00,0,A70,4,A164,248.54,USD,248.54,USD,ACH,0
2026-01-02 17:42:00,4,A164,1,A276,347.43,USD,347.43,USD,ACH,1
2026-01-02 17:42:00,0,A245,4,A194,1799.7,USD,1799.7,USD,ACH,0
2026-01-02 17:43:00,2,A277,4,A34,480.38,USD,480.38,USD,ACH,0
2026-01-02 17:46:00,2,A142,0,A90,413.28,USD,413.28,USD,ACH,0
2026-01-02 17:46:00,3,A198,4,A139,398.35,USD,398.35,USD,ACH,0
2026-01-02 17:47:00,0,A200,0,A290,114.77,USD,114.77,USD,ACH,0
2026-01-02 17:49:00,2,A207,1,A31,283.47,USD,283.47,USD,ACH,0
2026-01-02 17:50:00,1,A186,4,A109,239.96,USD,239.96,USD,ACH,0
2026-01-02 17:51:00,4,A74,4,A254,1231.07,USD,1231.07,USD,ACH,0
2026-01-02 17:52:00,3,A3,2,A2,84.63,USD,84.63,USD,ACH,0
2026-01-02 17:53:00,4,A54,3,A168,261.03,USD,261.03,USD,ACH,0
2026-01-02 17:54:00,3,A43,1,A126,212.84,USD,212.84,USD,ACH,0
2026-01-02 17:54:00,2,A272,0,A75,1309.67,USD,1309.67,USD,ACH,0
2026-01-02 17:57:00,2,A232,3,A13,691.77,USD,691.77,USD,ACH,0
2026-01-02 17:57:00,4,A234,1,A11,128.58,USD,128.58,USD,ACH,0
2026-01-02 17:57:00,1,A266,2,A72,149.37,USD,149.37,USD,ACH,0
2026-01-02 17:58:00,4,A149,4,A224,693.04,USD,693.04,USD,ACH,0
2026-01-03 08:01:00,4,A89,4,A274,363.33,USD,363.33,USD,ACH,1
2026-01-03 08:06:00,0,A285,3,A133,707.73,USD,707.73,USD,ACH,0
2026-01-03 08:07:00,1,A136,4,A219,1113.29,USD,1113.29,USD,ACH,0
2026-01-03 08:08:00,3,A208,0,A215,391.59,USD,391.59,USD,ACH,1
2026-01-03 08:09:00,3,A238,1,A226,990.0,USD,990.0,USD,ACH,0
2026-01-03 08:09:00,0,A245,3,A108,403.04,USD,403.04,USD,ACH,0
2026-01-03 08:10:00,1,A261,1,A241,280.07,USD,280.07,USD,ACH,0
2026-01-03 08:11:00,2,A107,3,A58,414.65,USD,414.65,USD,ACH,0
2026-01-03 08:14:00,1,A211,1,A26,244.05,USD,244.05,USD,ACH,0
2026-01-03 08:15:00,0,A85,0,A160,424.87,USD,424.87,USD,ACH,0
2026-01-03 08:15:00,2,A112,4,A14,517.92,USD,517.92,USD,ACH,0
2026-01-03 08:17:00,4,A64,4,A184,427.06,USD,427.06,USD,ACH,0
2026-01-03 08:17:00,3,A73,4,A259,320.84,USD,320.84,USD,ACH,0
2026-01-03 08:18:00,2,A222,0,A150,460.44,USD,460.44,USD,ACH,0
2026-01-03 08:22:00,3,A188,1,A111,283.21,USD,283.21,USD,ACH,1
2026-01-03 08:23:00,1,A236,1,A186,915.67,USD,915.67,USD,ACH,0
2026-01-03 08:25:00,1,A1,1,A71,160.99,USD,160.99,USD,ACH,0
2026-01-03 08:25:00,1,A121,0,A210,173.77,USD,173.77,USD,ACH,0
2026-01-03 08:25:00,1,A166,4,A74,515.54,USD,515.54,USD,ACH,0
2026-01-03 08:27:00,0,A50,3,A98,596.33,USD,596.33,USD,ACH,0
2026-01-03 08:28:00,4,A14,3,A268,201.91,USD,201.91,USD,ACH,0
2026-01-03 08:30:00,2,A7,1,A51,257.02,USD,257.02,USD,ACH,0
2026-01-03 08:30:00,2,A102,4,A99,91.61,USD,91.61,USD,ACH,0
2026-01-03 08:31:00,2,A32,1,A181,233.33,USD,233.33,USD,ACH,0
2026-01-03 08:32:00,4,A39,2,A27,167.27,USD,167.27,USD,ACH,0
2026-01-03 08:34:00,3,A203,0,A35,1381.6,USD,1381.6,USD,ACH,0
2026-01-03 08:35:00,2,A167,0,A260,449.25,USD,449.25,USD,ACH,1
2026-01-03 08:38:00,4,A69,3,A138,452.15,USD,452.15,USD,ACH,0
2026-01-03 08:38:00,4,A144,1,A216,139.1,USD,139.1,USD,ACH,0
2026-01-03 08:40:00,0,A145,2,A242,162.83,USD,162.83,USD,ACH,0
2026-01-03 08:41:00,2,A17,1,A186,644.64,USD,644.64,USD,ACH,0
2026-01-03 08:44:00,0,A220,1,A111,78.98,USD,78.98,USD,ACH,0
2026-01-03 08:45:00,3,A268,2,A132,370.78,USD,370.78,USD,ACH,0
2026-01-03 08:48:00,3,A93,4,A219,392.22,USD,392.22,USD,ACH,0
2026-01-03 08:49:00,3,A38,0,A220,1011.53,USD,1011.53,USD,ACH,0
2026-01-03 08:49:00,1,A101,0,A235,69.74,USD,69.74,USD,ACH,0
2026-01-03 08:50:00,4,A199,4,A189,1271.54,USD,1271.54,USD,ACH,0
2026-01-03 08:51:00,1,A156,4,A49,139.19,USD,139.19,USD,ACH,0
2026-01-03 08:52:00,4,A274,4,A89,184.76,USD,184.76,USD,ACH,0
2026-01-03 08:53:00,0,A90,2,A142,344.85,USD,344.85,USD,ACH,0
2026-01-03 08:58:00,4,A79,3,A123,266.12,USD,266.12,USD,ACH,0
2026-01-03 08:58:00,1,A271,1,A266,256.51,USD,256.51,USD,ACH,0
2026-01-03 08:59:00,3,A3,4,A14,395.9,USD,395.9,USD,ACH,0
2026-01-03 08:59:00,4,A39,3,A93,1525.19,USD,1525.19,USD,ACH,0
2026-01-03 08:59:00,1,A241,1,A136,463.2,USD,463.2,USD,ACH,0
2026-01-03 09:02:00,1,A246,3,A243,360.98,USD,360.98,USD,ACH,0
2026-01-03 09:03:00,4,A219,3,A288,1303.62,USD,1303.62,USD,ACH,0
2026-01-03 09:05:00,4,A239,3,A178,391.27,USD,391.27,USD,ACH,0
2026-01-03 09:05:00,4,A249,4,A294,961.25,USD,961.25,USD,ACH,0
2026-01-03 09:06:00,0,A80,2,A2,396.95,USD,396.95,USD,ACH,0
2026-01-03 09:07:00,2,A92,0,A15,463.18,USD,463.18,USD,ACH,0
2026-01-03 09:07:00,4,A99,1,A216,384.53,USD,384.53,USD,ACH,0
2026-01-03 09:07:00,4,A164,4,A224,351.04,USD,351.04,USD,ACH,0
2026-01-03 09:08:00,0,A75,1,A141,206.2,USD,206.2,USD,ACH,0
2026-01-03 09:08:00,4,A159,1,A61,217.9,USD,217.9,USD,ACH,0
2026-01-03 09:08:00,4,A299,3,A223,668.02,USD,668.02,USD,ACH,0
2026-01-03 09:09:00,2,A207,4,A4,249.41,USD,249.41,USD,ACH,0
2026-01-03 09:09:00,0,A280,1,A276,232.17,USD,232.17,USD,ACH,0
2026-01-03 09:10:00,4,A199,2,A162,516.8,USD,516.8,USD,ACH,0
2026-01-03 09:12:00,4,A274,2,A62,1530.98,USD,1530.98,USD,ACH,0
2026-01-03 09:14:00,0,A120,4,A219,811.64,USD,811.64,USD,ACH,0
2026-01-03 09:14:00,3,A238,3,A143,424.27,USD,424.27,USD,ACH,0
2026-01-03 09:15:00,2,A162,0,A180,250.14,USD,250.14,USD,ACH,0
2026-01-03 09:15:00,3,A218,1,A31,442.11,USD,442.11,USD,ACH,0
2026-01-03 09:17:00,4,A289,2,A237,1367.69,USD,1367.69,USD,ACH,1
2026-01-03 09:17:00,1,A291,0,A185,1107.69,USD,1107.69,USD,ACH,0
2026-01-03 09:19:00,0,A20,4,A99,240.0,USD,240.0,USD,ACH,0
2026-01-03 09:19:00,3,A228,0,A90,217.57,USD,217.57,USD,ACH,0
2026-01-03 09:20:00,0,A10,3,A78,381.94,USD,381.94,USD,ACH,0
2026-01-03 09:22:00,0,A70,3,A298,607.27,USD,607.27,USD,ACH,0
2026-01-03 09:22:00,2,A277,4,A129,856.41,USD,856.41,USD,ACH,0
2026-01-03 09:23:00,0,A130,2,A77,211.28,USD,211.28,USD,ACH,0
2026-01-03 09:26:00,4,A189,1,A26,586.38,USD,586.38,USD,ACH,0
2026-01-03 09:27:00,3,A148,4,A194,1170.2,USD,1170.2,USD,ACH,0
2026-01-03 09:29:00,1,A71,1,A76,223.02,USD,223.02,USD,ACH,1
2026-01-03 09:29:00,2,A87,1,A171,463.57,USD,463.57,USD,ACH,0
2026-01-03 09:30:00,3,A148,2,A77,704.36,USD,704.36,USD,ACH,0
2026-01-03 09:30:00,3,A198,2,A122,132.1,USD,132.1,USD,ACH,0
2026-01-03 09:31:00,4,A259,0,A160,1102.32,USD,1102.32,USD,ACH,0
2026-01-03 09:31:00,3,A278,3,A18,358.34,USD,358.34,USD,ACH,0
2026-01-03 09:32:00,1,A161,3,A188,421.28,USD,421.28,USD,ACH,0
2026-01-03 09:32:00,4,A229,2,A187,929.38,USD,929.38,USD,ACH,0
2026-01-03 09:33:00,1,A176,2,A127,291.75,USD,291.75,USD,ACH,0
2026-01-03 09:34:00,4,A209,4,A214,923.89,USD,923.89,USD,ACH,0
2026-01-03 09:35:00,3,A38,0,A155,348.48,USD,348.48,USD,ACH,0
2026-01-03 09:39:00,2,A212,0,A95,218.71,USD,218.71,USD,ACH,0
2026-01-03 09:40:00,3,A138,4,A184,837.71,USD,837.71,USD,ACH,0
2026-01-03 09:40:00,1,A181,2,A42,307.43,USD,307.43,USD,ACH,0
2026-01-03 09:40:00,0,A250,4,A229,208.45,USD,208.45,USD,ACH,0
2026-01-03 09:42:00,4,A149,3,A93,235.16,USD,235.16,USD,ACH,0
2026-01-03 09:42:00,0,A170,3,A278,404.78,USD,404.78,USD,ACH,0
2026-01-03 09:43:00,4,A174,2,A147,388.46,USD,388.46,USD,ACH,0
2026-01-03 09:43:00,3,A283,0,A205,160.82,USD,160.82,USD,ACH,0
2026-01-03 09:46:00,4,A244,1,A46,617.68,USD,617.68,USD,ACH,0
2026-01-03 09:48:00,1,A131,0,A50,543.22,USD,543.22,USD,ACH,0
2026-01-03 09:48:00,2,A167,3,A143,882.49,USD,882.49,USD,ACH,0
2026-01-03 09:48:00,1,A191,0,A140,216.35,USD,216.35,USD,ACH,0
2026-01-03 09:54:00,4,A14,2,A267,497.59,USD,497.59,USD,ACH,0
2026-01-03 09:56:00,2,A122,0,A145,184.22,USD,184.22,USD,ACH,0
2026-01-03 09:58:00,3,A23,2,A247,554.24,USD,554.24,USD,ACH,0
2026-01-03 10:00:00,0,A200,1,A6,145.19,USD,145.19,USD,ACH,0
2026-01-03 10:04:00,1,A116,2,A17,274.02,USD,274.02,USD,ACH,0
2026-01-03 10:05:00,1,A296,4,A284,601.01,USD,601.01,USD,ACH,0
2026-01-03 10:07:00,0,A190,0,A90,123.4,USD,123.4,USD,ACH,0
2026-01-03 10:09:00,4,A84,2,A62,332.87,USD,332.87,USD,ACH,0
2026-01-03 10:09:00,3,A178,3,A258,314.16,USD,314.16,USD,ACH,0
2026-01-03 10:11:00,4,A139,0,A60,361.9,USD,361.9,USD,ACH,0
2026-01-03 10:11:00,1,A286,2,A22,307.98,USD,307.98,USD,ACH,0
2026-01-03 10:12:00,3,A243,1,A96,241.87,USD,241.87,USD,ACH,0
2026-01-03 10:13:00,3,A18,0,A10,149.72,USD,149.72,USD,ACH,0
2026-01-03 10:14:00,2,A202,3,A263,146.01,USD,146.01,USD,ACH,0
2026-01-03 10:16:00,0,A135,0,A150,3911.71,USD,3911.71,USD,ACH,0
2026-01-03 10:16:00,2,A292,2,A262,636.98,USD,636.98,USD,ACH,0
2026-01-03 10:19:00,4,A64,4,A49,423.23,USD,423.23,USD,ACH,0
2026-01-03 10:19:00,4,A104,0,A100,262.13,USD,262.13,USD,ACH,0
2026-01-03 10:20:00,2,A177,2,A202,1186.06,USD,1186.06,USD,ACH,0
2026-01-03 10:20:00,0,A215,2,A292,187.83,USD,187.83,USD,ACH,0
2026-01-03 10:21:00,3,A123,2,A22,64.31,USD,64.31,USD,ACH,0
2026-01-03 10:21:00,2,A232,2,A162,153.38,USD,153.38,USD,ACH,0
2026-01-03 10:25:00,1,A186,1,A66,367.09,USD,367.09,USD,ACH,0
2026-01-03 10:27:00,3,A193,2,A292,669.22,USD,669.22,USD,ACH,0
2026-01-03 10:29:00,4,A294,0,A250,575.74,USD,575.74,USD,ACH,0
2026-01-03 10:30:00,4,A29,2,A267,541.22,USD,541.22,USD,ACH,0
2026-01-03 10:30:00,1,A116,1,A41,225.96,USD,225.96,USD,ACH,0
2026-01-03 10:30:00,2,A182,3,A143,296.38,USD,296.38,USD,ACH,0
2026-01-03 10:30:00,4,A209,3,A13,1039.98,USD,1039.98,USD,ACH,0
2026-01-03 10:32:00,1,A56,4,A124,886.79,USD,886.79,USD,ACH,0
2026-01-03 10:38:00,4,A129,2,A47,394.72,USD,394.72,USD,ACH,0
2026-01-03 10:38:00,0,A270,2,A202,174.71,USD,174.71,USD,ACH,0
2026-01-03 10:41:00,4,A29,1,A276,1528.76,USD,1528.76,USD,ACH,0
2026-01-03 10:42:00,4,A189,1,A206,300.61,USD,300.61,USD,ACH,0
2026-01-03 10:45:00,4,A49,3,A43,343.89,USD,343.89,USD,ACH,1
2026-01-03 10:45:00,3,A58,4,A104,872.96,USD,872.96,USD,ACH,0
2026-01-03 10:46:00,3,A208,3,A178,249.56,USD,249.56,USD,ACH,1
2026-01-03 10:48:00,2,A42,3,A168,505.95,USD,505.95,USD,ACH,0
2026-01-03 10:48:00,2,A287,0,A245,202.46,USD,202.46,USD,ACH,0
2026-01-03 10:49:00,3,A43,0,A270,825.45,USD,825.45,USD,ACH,0
2026-01-03 10:49:00,2,A187,1,A191,628.32,USD,628.32,USD,ACH,0
2026-01-03 10:49:00,1,A231,2,A42,347.91,USD,347.91,USD,ACH,0
2026-01-03 10:51:00,3,A83,3,A208,406.86,USD,406.86,USD,ACH,0
2026-01-03 10:51:00,0,A140,1,A171,372.49,USD,372.49,USD,ACH,0
2026-01-03 10:51:00,2,A217,3,A88,360.94,USD,360.94,USD,ACH,0
2026-01-03 10:54:00,2,A157,4,A184,480.74,USD,480.74,USD,ACH,0
2026-01-03 10:55:00,0,A175,0,A15,660.4,USD,660.4,USD,ACH,0
2026-01-03 10:56:00,0,A35,0,A275,170.78,USD,170.78,USD,ACH,0
2026-01-03 11:01:00,0,A125,2,A132,1561.81,USD,1561.81,USD,ACH,0
2026-01-03 11:02:00,2,A297,1,A146,468.76,USD,468.76,USD,ACH,0
2026-01-03 11:03:00,1,A76,4,A99,281.51,USD,281.51,USD,ACH,0
2026-01-03 11:05:00,2,A72,1,A256,823.42,USD,823.42,USD,ACH,0
2026-01-03 11:08:00,3,A128,1,A201,163.46,USD,163.46,USD,ACH,0
2026-01-03 11:11:00,0,A90,4,A74,157.1,USD,157.1,USD,ACH,0
2026-01-03 11:11:00,4,A184,3,A153,515.86,USD,515.86,USD,ACH,0
2026-01-03 11:13:00,2,A37,3,A193,391.74,USD,391.74,USD,ACH,0
2026-01-03 11:16:00,1,A151,1,A271,130.43,USD,130.43,USD,ACH,0
2026-01-03 11:17:00,1,A226,4,A144,1000.1,USD,1000.1,USD,ACH,1
2026-01-03 11:18:00,4,A194,4,A59,252.99,USD,252.99,USD,ACH,0
2026-01-03 11:19:00,4,A169,0,A170,1197.09,USD,1197.09,USD,ACH,0
2026-01-03 11:20:00,4,A194,4,A109,651.88,USD,651.88,USD,ACH,1
2026-01-03 11:21:00,3,A193,2,A12,300.49,USD,300.49,USD,ACH,0
2026-01-03 11:23:00,3,A143,0,A5,454.38,USD,454.38,USD,ACH,0
2026-01-03 11:25:00,3,A88,1,A281,455.84,USD,455.84,USD,ACH,0
2026-01-03 11:25:00,0,A115,0,A20,192.35,USD,192.35,USD,ACH,0
2026-01-03 11:26:00,1,A6,1,A151,249.99,USD,249.99,USD,ACH,0
2026-01-03 11:27:00,3,A223,0,A80,672.85,USD,672.85,USD,ACH,0
2026-01-03 11:28:00,4,A104,3,A18,318.6,USD,318.6,USD,ACH,0
2026-01-03 11:28:00,2,A117,0,A90,2090.25,USD,2090.25,USD,ACH,0
2026-01-03 11:36:00,1,A206,2,A297,427.48,USD,427.48,USD,ACH,0
2026-01-03 11:37:00,0,A35,0,A295,848.4,USD,848.4,USD,ACH,0
2026-01-03 11:37:00,1,A196,3,A38,129.76,USD,129.76,USD,ACH,0
2026-01-03 11:38:00,1,A146,4,A74,415.21,USD,415.21,USD,ACH,0
2026-01-03 11:38:00,2,A227,1,A261,308.05,USD,308.05,USD,ACH,0
2026-01-03 11:39:00,0,A125,0,A45,402.66,USD,402.66,USD,ACH,0
2026-01-03 11:41:00,2,A257,3,A53,972.27,USD,972.27,USD,ACH,0
2026-01-03 11:42:00,2,A242,1,A211,533.0,USD,533.0,USD,ACH,1
2026-01-03 11:45:00,3,A33,3,A283,405.6,USD,405.6,USD,ACH,0
2026-01-03 11:45:00,0,A100,1,A241,282.85,USD,282.85,USD,ACH,0
2026-01-03 11:45:00,2,A197,0,A295,458.4,USD,458.4,USD,ACH,0
2026-01-03 11:46:00,4,A94,0,A45,141.23,USD,141.23,USD,ACH,0
2026-01-03 11:49:00,4,A279,2,A242,529.18,USD,529.18,USD,ACH,0
2026-01-03 11:50:00,1,A86,4,A189,235.25,USD,235.25,USD,ACH,0
2026-01-03 11:57:00,2,A57,1,A256,374.78,USD,374.78,USD,ACH,0
2026-01-03 11:58:00,3,A113,3,A148,118.2,USD,118.2,USD,ACH,0
2026-01-03 12:00:00,0,A35,3,A28,2948.02,USD,2948.02,USD,Wire,0
2026-01-03 12:00:00,4,A139,3,A43,988.59,USD,988.59,USD,ACH,0
2026-01-03 12:00:00,2,A262,0,A255,2218.71,USD,2218.71,USD,Wire,0
2026-01-03 12:01:00,4,A219,2,A212,1702.25,USD,1702.25,USD,Wire,0
2026-01-03 12:02:00,2,A67,4,A29,205.88,USD,205.88,USD,ACH,0
2026-01-03 12:02:00,1,A76,4,A69,3069.32,USD,3069.32,USD,Wire,0
2026-01-03 12:02:00,4,A104,2,A97,2547.52,USD,2547.52,USD,Wire,0
2026-01-03 12:02:00,0,A265,3,A258,2847.12,USD,2847.12,USD,Wire,0
2026-01-03 12:03:00,4,A84,2,A77,2413.94,USD,2413.94,USD,Wire,0
2026-01-03 12:03:00,1,A146,4,A139,3025.33,USD,3025.33,USD,Wire,0
2026-01-03 12:03:00,2,A152,3,A153,341.55,USD,341.55,USD,ACH,0
2026-01-03 12:03:00,0,A200,3,A193,1734.62,USD,1734.62,USD,Wire,0
2026-01-03 12:04:00,1,A61,4,A54,1858.87,USD,1858.87,USD,Wire,0
2026-01-03 12:04:00,1,A86,4,A79,2831.0,USD,2831.0,USD,Wire,0
2026-01-03 12:04:00,4,A204,2,A197,2495.85,USD,2495.85,USD,Wire,0
2026-01-03 12:04:00,1,A226,4,A219,2988.73,USD,2988.73,USD,Wire,0
2026-01-03 12:04:00,3,A263,1,A256,2691.71,USD,2691.71,USD,Wire,0
2026-01-03 12:04:00,0,A285,3,A278,2709.39,USD,2709.39,USD,Wire,0
2026-01-03 12:04:00,0,A295,0,A245,187.01,USD,187.01,USD,ACH,0
2026-01-03 12:04:00,2,A2,0,A295,2175.11,USD,2175.11,USD,Wire,0
2026-01-03 12:05:00,3,A213,1,A206,2642.63,USD,2642.63,USD,Wire,0
2026-01-03 12:06:00,3,A83,1,A76,2367.35,USD,2367.35,USD,Wire,0
2026-01-03 12:08:00,0,A275,3,A268,2958.13,USD,2958.13,USD,Wire,0
2026-01-03 12:09:00,1,A41,4,A34,2163.1,USD,2163.1,USD,Wire,0
2026-01-03 12:09:00,1,A61,3,A148,52.21,USD,52.21,USD,ACH,0
2026-01-03 12:09:00,0,A95,3,A88,2820.2,USD,2820.2,USD,Wire,0
2026-01-03 12:09:00,1,A166,4,A159,3028.77,USD,3028.77,USD,Wire,0
2026-01-03 12:10:00,3,A63,1,A56,2244.66,USD,2244.66,USD,Wire,0
2026-01-03 12:10:00,2,A112,0,A105,2284.1,USD,2284.1,USD,Wire,0
2026-01-03 12:10:00,1,A156,4,A149,3235.97,USD,3235.97,USD,Wire,0
2026-01-03 12:10:00,0,A230,0,A250,112.24,USD,112.24,USD,ACH,0
2026-01-03 12:11:00,2,A2,1,A71,1096.14,USD,1096.14,USD,ACH,0
2026-01-03 12:11:00,4,A259,2,A252,1791.1,USD,1791.1,USD,Wire,0
2026-01-03 12:11:00,4,A274,2,A267,2585.98,USD,2585.98,USD,Wire,0
2026-01-03 12:11:00,3,A293,1,A286,2684.77,USD,2684.77,USD,Wire,0
2026-01-03 12:12:00,0,A80,3,A73,1655.47,USD,1655.47,USD,Wire,0
2026-01-03 12:12:00,0,A75,3,A43,620.45,USD,620.45,USD,ACH,0
2026-01-03 12:12:00,1,A196,4,A189,3050.93,USD,3050.93,USD,Wire,0
2026-01-03 12:12:00,4,A239,2,A232,1519.56,USD,1519.56,USD,Wire,0
2026-01-03 12:12:00,3,A293,0,A135,104.77,USD,104.77,USD,ACH,0
2026-01-03 12:13:00,1,A46,3,A23,149.77,USD,149.77,USD,ACH,0
2026-01-03 12:13:00,2,A82,0,A75,2320.48,USD,2320.48,USD,Wire,0
2026-01-03 12:14:00,0,A10,3,A3,1699.13,USD,1699.13,USD,Wire,0
2026-01-03 12:14:00,0,A70,3,A63,1876.56,USD,1876.56,USD,Wire,0
2026-01-03 12:14:00,2,A287,0,A280,1093.51,USD,1093.51,USD,Wire,0
2026-01-03 12:15:00,3,A68,0,A0,725.8,USD,725.8,USD,ACH,0
2026-01-03 12:15:00,3,A78,0,A250,293.44,USD,293.44,USD,ACH,0
2026-01-03 12:15:00,4,A134,2,A127,2434.99,USD,2434.99,USD,Wire,0
2026-01-03 12:15:00,4,A284,4,A279,153.71,USD,153.71,USD,ACH,0
2026-01-03 12:16:00,4,A44,2,A37,2415.99,USD,2415.99,USD,Wire,0
2026-01-03 12:16:00,1,A101,4,A94,1994.06,USD,1994.06,USD,Wire,0
2026-01-03 12:16:00,4,A139,2,A132,1765.18,USD,1765.18,USD,Wire,0
2026-01-03 12:16:00,3,A193,1,A186,2649.25,USD,2649.25,USD,Wire,0
2026-01-03 12:16:00,3,A283,1,A276,2320.26,USD,2320.26,USD,Wire,0
2026-01-03 12:17:00,2,A62,0,A55,2174.32,USD,2174.32,USD,Wire,0
2026-01-03 12:17:00,3,A263,3,A28,205.8,USD,205.8,USD,ACH,0
2026-01-03 12:17:00,3,A278,1,A271,1659.02,USD,1659.02,USD,Wire,0
2026-01-03 12:18:00,1,A66,4,A59,3022.11,USD,3022.11,USD,Wire,0
2026-01-03 12:18:00,4,A159,0,A130,806.72,USD,806.72,USD,ACH,0
2026-01-03 12:18:00,1,A171,4,A164,1890.55,USD,1890.55,USD,Wire,0
2026-01-03 12:19:00,0,A185,1,A246,392.46,USD,392.46,USD,ACH,1
2026-01-03 12:19:00,0,A205,3,A198,2737.07,USD,2737.07,USD,Wire,0
2026-01-03 12:20:00,3,A28,1,A41,2703.16,USD,2703.16,USD,Wire,0
2026-01-03 12:20:00,0,A105,1,A81,513.62,USD,513.62,USD,ACH,0
2026-01-03 12:20:00,0,A255,3,A268,2122.42,USD,2122.42,USD,Wire,0
2026-01-03 12:21:00,2,A212,0,A225,1559.31,USD,1559.31,USD,Wire,0
2026-01-03 12:21:00,0,A275,4,A14,1191.55,USD,1191.55,USD,ACH,0
2026-01-03 12:22:00,4,A69,2,A82,3008.95,USD,3008.95,USD,Wire,0
2026-01-03 12:22:00,3,A83,4,A44,234.05,USD,234.05,USD,ACH,0
2026-01-03 12:22:00,2,A97,0,A110,2411.72,USD,2411.72,USD,Wire,0
2026-01-03 12:22:00,3,A258,1,A271,2655.01,USD,2655.01,USD,Wire,0
2026-01-03 12:23:00,2,A77,0,A90,2266.39,USD,2266.39,USD,Wire,0
2026-01-03 12:23:00,4,A139,2,A152,2944.53,USD,2944.53,USD,Wire,0
2026-01-03 12:23:00,3,A193,1,A206,1604.96,USD,1604.96,USD,Wire,0
2026-01-03 12:24:00,4,A54,2,A67,1724.0,USD,1724.0,USD,Wire,0
2026-01-03 12:24:00,3,A63,4,A229,162.76,USD,162.76,USD,ACH,0
2026-01-03 12:24:00,4,A79,2,A92,2752.34,USD,2752.34,USD,Wire,0
2026-01-03 12:24:00,2,A172,3,A3,370.54,USD,370.54,USD,ACH,0
2026-01-03 12:24:00,2,A197,0,A210,2369.92,USD,2369.92,USD,Wire,0
2026-01-03 12:24:00,4,A219,2,A232,2696.94,USD,2696.94,USD,Wire,0
2026-01-03 12:24:00,1,A256,4,A269,2576.24,USD,2576.24,USD,Wire,0
2026-01-03 12:24:00,3,A278,1,A291,2527.12,USD,2527.12,USD,Wire,0
2026-01-03 12:24:00,0,A295,3,A8,2013.05,USD,2013.05,USD,Wire,0
2026-01-03 12:25:00,1,A206,4,A219,2572.8,USD,2572.8,USD,Wire,0
2026-01-03 12:26:00,4,A44,1,A11,252.46,USD,252.46,USD,ACH,0
2026-01-03 12:26:00,1,A76,4,A89,2318.13,USD,2318.13,USD,Wire,0
2026-01-03 12:28:00,3,A268,1,A281,2914.24,USD,2914.24,USD,Wire,0
2026-01-03 12:29:00,4,A34,2,A47,2038.14,USD,2038.14,USD,Wire,0
2026-01-03 12:29:00,3,A88,1,A101,2698.42,USD,2698.42,USD,Wire,0
2026-01-03 12:29:00,4,A159,2,A172,2770.51,USD,2770.51,USD,Wire,0
2026-01-03 12:29:00,4,A219,1,A291,99.89,USD,99.89,USD,ACH,0
2026-01-03 12:30:00,1,A56,4,A69,2146.41,USD,2146.41,USD,Wire,0
2026-01-03 12:30:00,0,A105,3,A118,2219.97,USD,2219.97,USD,Wire,0
2026-01-03 12:30:00,4,A149,2,A162,3183.74,USD,3183.74,USD,Wire,0
2026-01-03 12:31:00,2,A252,0,A265,1693.81,USD,1693.81,USD,Wire,0
2026-01-03 12:31:00,2,A267,0,A280,2508.8,USD,2508.8,USD,Wire,0
2026-01-03 12:31:00,1,A286,4,A299,2557.2,USD,2557.2,USD,Wire,0
2026-01-03 12:32:00,1,A41,1,A216,157.93,USD,157.93,USD,ACH,0
2026-01-03 12:32:00,3,A73,1,A86,1531.25,USD,1531.25,USD,Wire,0
2026-01-03 12:32:00,4,A189,2,A202,2999.43,USD,2999.43,USD,Wire,0
2026-01-03 12:32:00,2,A232,0,A245,1503.96,USD,1503.96,USD,Wire,0
2026-01-03 12:33:00,0,A75,3,A88,2285.39,USD,2285.39,USD,Wire,0
2026-01-03 12:34:00,3,A3,1,A16,1636.46,USD,1636.46,USD,Wire,0
2026-01-03 12:34:00,3,A63,1,A76,1699.96,USD,1699.96,USD,Wire,0
2026-01-03 12:34:00,0,A280,3,A293,986.97,USD,986.97,USD,Wire,0
2026-01-03 12:35:00,2,A127,0,A140,2233.67,USD,2233.67,USD,Wire,0
2026-01-03 12:36:00,2,A37,0,A50,2188.23,USD,2188.23,USD,Wire,0
2026-01-03 12:36:00,1,A56,0,A50,408.97,USD,408.97,USD,ACH,0
2026-01-03 12:36:00,4,A94,2,A107,1953.02,USD,1953.02,USD,Wire,0
2026-01-03 12:36:00,2,A132,0,A145,1648.12,USD,1648.12,USD,Wire,0
2026-01-03 12:36:00,0,A165,3,A88,207.07,USD,207.07,USD,ACH,0
2026-01-03 12:36:00,1,A186,4,A199,2482.25,USD,2482.25,USD,Wire,0
2026-01-03 12:36:00,1,A276,4,A289,2188.04,USD,2188.04,USD,Wire,0
2026-01-03 12:36:00,4,A299,3,A43,1559.12,USD,1559.12,USD,ACH,0
2026-01-03 12:37:00,0,A25,2,A207,146.72,USD,146.72,USD,ACH,0
2026-01-03 12:37:00,0,A55,3,A68,2127.22,USD,2127.22,USD,Wire,0
2026-01-03 12:37:00,1,A271,4,A284,1498.96,USD,1498.96,USD,Wire,0
2026-01-03 12:38:00,4,A59,2,A72,2939.37,USD,2939.37,USD,Wire,0
2026-01-03 12:38:00,1,A66,3,A13,175.07,USD,175.07,USD,ACH,0
2026-01-03 12:38:00,2,A147,0,A45,321.39,USD,321.39,USD,ACH,0
2026-01-03 12:38:00,4,A164,2,A177,1783.88,USD,1783.88,USD,Wire,0
2026-01-03 12:39:00,3,A198,1,A211,2701.69,USD,2701.69,USD,Wire,0
2026-01-03 12:42:00,3,A258,2,A152,321.18,USD,321.18,USD,ACH,0
2026-01-03 12:43:00,1,A16,0,A30,52.3,USD,52.3,USD,ACH,0
2026-01-03 12:44:00,2,A192,1,A251,55.08,USD,55.08,USD,ACH,0
2026-01-03 12:44:00,4,A249,3,A173,4150.19,USD,4150.19,USD,ACH,0
2026-01-03 12:46:00,2,A197,3,A73,432.84,USD,432.84,USD,ACH,0
2026-01-03 12:46:00,3,A203,0,A185,173.49,USD,173.49,USD,ACH,0
2026-01-03 12:47:00,0,A5,2,A142,400.19,USD,400.19,USD,ACH,0
2026-01-03 12:47:00,1,A11,2,A267,201.59,USD,201.59,USD,ACH,0
2026-01-03 12:48:00,1,A141,3,A173,51.09,USD,51.09,USD,ACH,0
2026-01-03 12:53:00,4,A154,4,A229,127.13,USD,127.13,USD,ACH,0
2026-01-03 12:53:00,3,A253,4,A89,773.33,USD,773.33,USD,ACH,0
2026-01-03 12:55:00,4,A94,2,A122,146.61,USD,146.61,USD,ACH,0
2026-01-03 12:55:00,4,A204,0,A100,535.46,USD,535.46,USD,ACH,0
2026-01-03 12:56:00,0,A55,0,A80,293.45,USD,293.45,USD,ACH,0
2026-01-03 12:56:00,0,A275,2,A2,592.78,USD,592.78,USD,ACH,0
2026-01-03 12:57:00,0,A160,3,A108,141.81,USD,141.81,USD,ACH,0
2026-01-03 12:58:00,3,A298,4,A49,385.71,USD,385.71,USD,ACH,0
2026-01-03 12:59:00,2,A202,3,A278,80.49,USD,80.49,USD,ACH,0
2026-01-03 13:00:00,1,A31,3,A58,235.05,USD,235.05,USD,ACH,0
2026-01-03 13:01:00,4,A124,4,A159,499.74,USD,499.74,USD,ACH,0
2026-01-03 13:04:00,0,A240,1,A146,231.53,USD,231.53,USD,ACH,0
2026-01-03 13:08:00,4,A9,2,A212,685.85,USD,685.85,USD,ACH,0
2026-01-03 13:08:00,1,A126,4,A54,211.12,USD,211.12,USD,ACH,0
2026-01-03 13:08:00,2,A132,4,A169,411.91,USD,411.91,USD,ACH,0
2026-01-03 13:08:00,4,A229,0,A130,788.1,USD,788.1,USD,ACH,0
2026-01-03 13:09:00,1,A221,2,A297,422.41,USD,422.41,USD,ACH,0
2026-01-03 13:10:00,4,A234,2,A167,241.11,USD,241.11,USD,ACH,1
2026-01-03 13:10:00,3,A253,1,A116,116.98,USD,116.98,USD,ACH,0
2026-01-03 13:16:00,1,A281,3,A213,97.59,USD,97.59,USD,ACH,0
2026-01-03 13:19:00,0,A195,2,A82,98.58,USD,98.58,USD,ACH,0
2026-01-03 13:20:00,2,A217,0,A115,486.18,USD,486.18,USD,ACH,0
2026-01-03 13:24:00,1,A46,2,A22,1261.28,USD,1261.28,USD,ACH,1
2026-01-03 13:24:00,1,A61,2,A32,194.54,USD,194.54,USD,ACH,0
2026-01-03 13:24:00,0,A150,4,A184,534.23,USD,534.23,USD,ACH,0
2026-01-03 13:25:00,2,A267,4,A239,177.98,USD,177.98,USD,ACH,0
2026-01-03 13:29:00,0,A0,1,A281,655.15,USD,655.15,USD,ACH,0
2026-01-03 13:31:00,0,A290,3,A63,369.83,USD,369.83,USD,ACH,0
2026-01-03 13:33:00,3,A78,1,A106,1300.4,USD,1300.4,USD,ACH,0
2026-01-03 13:34:00,0,A65,3,A138,436.25,USD,436.25,USD,ACH,0
2026-01-03 13:36:00,3,A173,2,A272,946.26,USD,946.26,USD,ACH,0
2026-01-03 13:42:00,1,A21,4,A89,125.62,USD,125.62,USD,ACH,0
2026-01-03 13:42:00,0,A115,0,A185,720.24,USD,720.24,USD,ACH,0
2026-01-03 13:44:00,1,A111,0,A45,128.93,USD,128.93,USD,ACH,0
2026-01-03 13:46:00,0,A160,0,A165,317.05,USD,317.05,USD,ACH,0
2026-01-03 13:47:00,1,A196,1,A81,907.46,USD,907.46,USD,ACH,0
2026-01-03 13:49:00,2,A277,1,A121,704.94,USD,704.94,USD,ACH,0
2026-01-03 13:51:00,3,A98,3,A8,542.37,USD,542.37,USD,ACH,0
2026-01-03 13:51:00,3,A143,1,A26,136.44,USD,136.44,USD,ACH,0
2026-01-03 13:52:00,0,A40,2,A227,215.91,USD,215.91,USD,ACH,0
2026-01-03 13:56:00,0,A45,2,A272,1171.6,USD,1171.6,USD,ACH,0
2026-01-03 13:56:00,3,A68,2,A27,759.5,USD,759.5,USD,ACH,0
2026-01-03 13:57:00,4,A99,3,A138,628.35,USD,628.35,USD,ACH,0
2026-01-03 13:57:00,3,A198,0,A185,352.58,USD,352.58,USD,ACH,1
2026-01-03 13:58:00,4,A44,0,A200,123.74,USD,123.74,USD,ACH,0
2026-01-03 13:58:00,4,A119,2,A247,426.0,USD,426.0,USD,ACH,0
2026-01-03 13:58:00,0,A185,3,A243,1447.9,USD,1447.9,USD,ACH,0
2026-01-03 13:58:00,4,A244,3,A168,533.37,USD,533.37,USD,ACH,1
2026-01-03 14:01:00,4,A174,2,A97,765.47,USD,765.47,USD,ACH,0
2026-01-03 14:02:00,1,A26,0,A120,247.48,USD,247.48,USD,ACH,0
2026-01-03 14:04:00,2,A77,3,A193,919.21,USD,919.21,USD,ACH,0
2026-01-03 14:05:00,3,A218,1,A36,644.3,USD,644.3,USD,ACH,0
2026-01-03 14:05:00,2,A242,3,A83,128.83,USD,128.83,USD,ACH,0
2026-01-03 14:06:00,0,A80,1,A276,310.82,USD,310.82,USD,ACH,0
2026-01-03 14:06:00,0,A175,4,A289,594.29,USD,594.29,USD,ACH,0
2026-01-03 14:06:00,4,A264,3,A108,561.21,USD,561.21,USD,ACH,0
2026-01-03 14:09:00,3,A213,1,A6,1493.72,USD,1493.72,USD,ACH,0
2026-01-03 14:12:00,1,A266,3,A163,507.14,USD,507.14,USD,ACH,0
2026-01-03 14:12:00,2,A282,3,A178,197.52,USD,197.52,USD,ACH,0
2026-01-03 14:16:00,4,A19,2,A67,997.73,USD,997.73,USD,ACH,0
2026-01-03 14:21:00,1,A286,4,A229,774.41,USD,774.41,USD,ACH,0
2026-01-03 14:23:00,0,A205,4,A24,179.37,USD,179.37,USD,ACH,0
2026-01-03 14:24:00,1,A106,0,A100,248.91,USD,248.91,USD,ACH,0
2026-01-03 14:27:00,1,A121,4,A99,151.54,USD,151.54,USD,ACH,0
2026-01-03 14:29:00,1,A81,4,A14,335.9,USD,335.9,USD,ACH,0
2026-01-03 14:30:00,3,A108,3,A83,878.2,USD,878.2,USD,ACH,0
2026-01-03 14:32:00,0,A120,3,A143,121.49,USD,121.49,USD,ACH,0
2026-01-03 14:32:00,4,A264,3,A218,251.1,USD,251.1,USD,ACH,0
2026-01-03 14:33:00,0,A180,2,A22,421.04,USD,421.04,USD,ACH,0
2026-01-03 14:34:00,2,A27,2,A82,189.28,USD,189.28,USD,ACH,0
2026-01-03 14:37:00,3,A138,1,A111,368.01,USD,368.01,USD,ACH,0
2026-01-03 14:38:00,1,A191,2,A67,447.67,USD,447.67,USD,ACH,0
2026-01-03 14:39:00,4,A224,3,A33,151.81,USD,151.81,USD,ACH,0
2026-01-03 14:40:00,2,A22,3,A118,272.44,USD,272.44,USD,ACH,0
2026-01-03 14:41:00,1,A126,3,A93,2009.05,USD,2009.05,USD,ACH,0
2026-01-03 14:43:00,1,A211,2,A27,154.4,USD,154.4,USD,ACH,0
2026-01-03 14:44:00,2,A67,3,A113,291.13,USD,291.13,USD,ACH,0
2026-01-03 14:44:00,3,A118,1,A171,427.13,USD,427.13,USD,ACH,1
2026-01-03 14:44:00,2,A172,3,A3,174.5,USD,174.5,USD,ACH,0
2026-01-03 14:46:00,4,A129,0,A170,574.04,USD,574.04,USD,ACH,0
2026-01-03 14:46:00,4,A254,0,A20,378.75,USD,378.75,USD,ACH,1
2026-01-03 14:47:00,3,A133,1,A46,245.07,USD,245.07,USD,ACH,0
2026-01-03 14:47:00,4,A134,2,A32,203.93,USD,203.93,USD,ACH,0
2026-01-03 14:51:00,3,A28,3,A213,415.36,USD,415.36,USD,ACH,0
2026-01-03 14:52:00,2,A52,3,A3,131.73,USD,131.73,USD,ACH,0
2026-01-03 14:52:00,4,A109,3,A268,972.04,USD,972.04,USD,ACH,0
2026-01-03 14:53:00,0,A255,1,A251,653.09,USD,653.09,USD,ACH,0
2026-01-03 14:54:00,1,A76,2,A242,668.89,USD,668.89,USD,ACH,0
2026-01-03 14:56:00,3,A3,2,A97,135.49,USD,135.49,USD,ACH,0
2026-01-03 14:56:00,3,A133,0,A170,240.23,USD,240.23,USD,ACH,0
2026-01-03 14:56:00,0,A260,0,A175,384.43,USD,384.43,USD,ACH,0
2026-01-03 14:56:00,0,A265,0,A215,343.72,USD,343.72,USD,ACH,0
2026-01-03 14:58:00,2,A252,0,A190,1095.77,USD,1095.77,USD,ACH,0
2026-01-03 14:59:00,1,A146,0,A25,1226.58,USD,1226.58,USD,ACH,0
2026-01-03 15:01:00,0,A30,4,A279,693.46,USD,693.46,USD,ACH,0
2026-01-03 15:01:00,0,A55,1,A206,606.46,USD,606.46,USD,ACH,0
2026-01-03 15:03:00,3,A13,3,A298,161.05,USD,161.05,USD,ACH,0
2026-01-03 15:06:00,0,A50,0,A235,116.86,USD,116.86,USD,ACH,0
2026-01-03 15:06:00,2,A272,3,A8,588.28,USD,588.28,USD,ACH,0
2026-01-03 15:07:00,1,A276,0,A275,1156.87,USD,1156.87,USD,ACH,0
2026-01-03 15:07:00,2,A287,4,A114,668.35,USD,668.35,USD,ACH,0
2026-01-03 15:09:00,1,A241,1,A21,346.43,USD,346.43,USD,ACH,0
2026-01-03 15:10:00,1,A266,4,A299,269.77,USD,269.77,USD,ACH,0
2026-01-03 15:13:00,0,A285,3,A123,245.67,USD,245.67,USD,ACH,0
2026-01-03 15:15:00,1,A91,3,A248,210.73,USD,210.73,USD,ACH,0
2026-01-03 15:16:00,0,A235,3,A68,710.78,USD,710.78,USD,ACH,0
2026-01-03 15:16:00,3,A288,0,A120,295.72,USD,295.72,USD,ACH,0
2026-01-03 15:17:00,1,A96,0,A50,583.71,USD,583.71,USD,ACH,0
2026-01-03 15:17:00,0,A110,3,A68,168.76,USD,168.76,USD,ACH,0
2026-01-03 15:19:00,3,A48,2,A112,594.33,USD,594.33,USD,ACH,0
2026-01-03 15:19:00,2,A132,2,A27,273.37,USD,273.37,USD,ACH,0
2026-01-03 15:19:00,0,A295,3,A23,161.17,USD,161.17,USD,ACH,0
2026-01-03 15:24:00,2,A112,4,A34,546.86,USD,546.86,USD,ACH,0
2026-01-03 15:27:00,3,A248,4,A39,387.35,USD,387.35,USD,ACH,0
2026-01-03 15:29:00,2,A17,3,A253,608.47,USD,608.47,USD,ACH,0
2026-01-03 15:29:00,1,A111,3,A103,258.11,USD,258.11,USD,ACH,0
2026-01-03 15:30:00,2,A142,4,A279,651.85,USD,651.85,USD,ACH,0
2026-01-03 15:30:00,0,A225,0,A265,215.63,USD,215.63,USD,ACH,0
2026-01-03 15:31:00,0,A270,1,A296,115.58,USD,115.58,USD,ACH,0
2026-01-03 15:32:00,3,A63,0,A185,540.7,USD,540.7,USD,ACH,0
2026-01-03 15:32:00,3,A98,0,A120,701.66,USD,701.66,USD,ACH,0
2026-01-03 15:33:00,3,A23,3,A103,458.21,USD,458.21,USD,ACH,0
2026-01-03 15:33:00,0,A95,2,A287,378.69,USD,378.69,USD,ACH,0
2026-01-03 15:35:00,3,A223,0,A140,465.06,USD,465.06,USD,ACH,0
2026-01-03 15:35:00,1,A251,1,A66,226.44,USD,226.44,USD,ACH,0
2026-01-03 15:39:00,4,A34,4,A94,818.08,USD,818.08,USD,ACH,0
2026-01-03 15:39:00,2,A87,0,A205,253.81,USD,253.81,USD,ACH,0
2026-01-03 15:40:00,2,A107,4,A99,170.24,USD,170.24,USD,ACH,0
2026-01-03 15:40:00,0,A140,0,A50,292.38,USD,292.38,USD,ACH,0
2026-01-03 15:41:00,0,A45,2,A252,185.44,USD,185.44,USD,ACH,0
2026-01-03 15:42:00,4,A214,3,A53,294.72,USD,294.72,USD,ACH,0
2026-01-03 15:46:00,3,A103,1,A86,585.59,USD,585.59,USD,ACH,0
2026-01-03 15:47:00,1,A221,0,A15,108.36,USD,108.36,USD,ACH,0
2026-01-03 15:48:00,0,A40,0,A190,251.26,USD,251.26,USD,ACH,0
2026-01-03 15:51:00,1,A36,1,A221,143.06,USD,143.06,USD,ACH,1
2026-01-03 15:53:00,1,A246,3,A248,1441.09,USD,1441.09,USD,ACH,0
2026-01-03 15:54:00,3,A43,3,A253,351.09,USD,351.09,USD,ACH,0
2026-01-03 15:54:00,3,A273,1,A206,2192.02,USD,2192.02,USD,ACH,0
2026-01-03 15:55:00,2,A97,1,A201,327.6,USD,327.6,USD,ACH,0
2026-01-03 15:55:00,3,A163,4,A209,613.02,USD,613.02,USD,ACH,0
2026-01-03 16:00:00,3,A108,2,A297,479.63,USD,479.63,USD,ACH,0
2026-01-03 16:02:00,4,A114,1,A221,347.57,USD,347.57,USD,ACH,0
2026-01-03 16:02:00,2,A147,0,A140,237.54,USD,237.54,USD,ACH,0
2026-01-03 16:03:00,2,A127,3,A233,2116.83,USD,2116.83,USD,ACH,0
2026-01-03 16:04:00,3,A268,3,A88,385.67,USD,385.67,USD,ACH,0
2026-01-03 16:06:00,4,A24,3,A48,373.08,USD,373.08,USD,ACH,0
2026-01-03 16:07:00,2,A47,4,A264,2859.95,USD,2859.95,USD,ACH,0
2026-01-03 16:07:00,3,A53,1,A16,507.17,USD,507.17,USD,ACH,0
2026-01-03 16:07:00,0,A210,2,A47,259.75,USD,259.75,USD,ACH,0
2026-01-03 16:12:00,4,A74,2,A162,567.91,USD,567.91,USD,ACH,0
2026-01-03 16:16:00,3,A168,3,A213,1749.37,USD,1749.37,USD,ACH,0
2026-01-03 16:20:00,2,A12,3,A148,272.5,USD,272.5,USD,ACH,0
2026-01-03 16:21:00,2,A282,3,A203,142.92,USD,142.92,USD,ACH,0
2026-01-03 16:25:00,3,A158,0,A170,297.03,USD,297.03,USD,ACH,0
2026-01-03 16:27:00,4,A24,2,A152,282.05,USD,282.05,USD,ACH,0
2026-01-03 16:27:00,3,A248,4,A129,613.05,USD,613.05,USD,ACH,0
2026-01-03 16:28:00,2,A237,4,A149,878.17,USD,878.17,USD,ACH,0
2026-01-03 16:37:00,2,A47,2,A62,87.6,USD,87.6,USD,ACH,0
2026-01-03 16:38:00,2,A177,0,A150,1062.09,USD,1062.09,USD,ACH,0
2026-01-03 16:39:00,2,A192,0,A245,403.27,USD,403.27,USD,ACH,0
2026-01-03 16:42:00,3,A153,3,A218,386.4,USD,386.4,USD,ACH,0
2026-01-03 16:43:00,3,A183,4,A9,461.27,USD,461.27,USD,ACH,0
2026-01-03 16:45:00,4,A134,3,A13,349.37,USD,349.37,USD,ACH,0
2026-01-03 16:45:00,1,A201,0,A135,386.6,USD,386.6,USD,ACH,0
2026-01-03 16:48:00,2,A262,3,A228,165.54,USD,165.54,USD,ACH,0
2026-01-03 16:49:00,1,A51,3,A38,227.78,USD,227.78,USD,ACH,0
2026-01-03 16:49:00,4,A114,3,A168,644.84,USD,644.84,USD,ACH,0
2026-01-03 16:49:00,3,A273,4,A14,185.17,USD,185.17,USD,ACH,0
2026-01-03 16:51:00,3,A188,2,A282,761.08,USD,761.08,USD,ACH,1
2026-01-03 16:52:00,0,A15,2,A102,516.49,USD,516.49,USD,ACH,0
2026-01-03 16:52:00,1,A186,3,A43,416.61,USD,416.61,USD,ACH,0
2026-01-03 16:52:00,2,A247,0,A105,2140.42,USD,2140.42,USD,ACH,0
2026-01-03 16:54:00,2,A237,0,A125,612.81,USD,612.81,USD,ACH,0
2026-01-03 16:54:00,3,A278,4,A249,1125.96,USD,1125.96,USD,ACH,0
2026-01-03 16:57:00,4,A59,3,A3,1663.87,USD,1663.87,USD,ACH,0
2026-01-03 16:57:00,4,A69,1,A281,955.03,USD,955.03,USD,ACH,0
2026-01-03 16:58:00,2,A137,4,A179,257.86,USD,257.86,USD,ACH,0
2026-01-03 17:00:00,2,A247,0,A45,385.72,USD,385.72,USD,ACH,0
2026-01-03 17:02:00,0,A60,1,A266,209.6,USD,209.6,USD,ACH,0
2026-01-03 17:02:00,3,A228,0,A220,784.37,USD,784.37,USD,ACH,0
2026-01-03 17:07:00,4,A4,2,A92,793.85,USD,793.85,USD,ACH,0
2026-01-03 17:08:00,3,A298,4,A164,716.95,USD,716.95,USD,ACH,0
2026-01-03 17:10:00,2,A97,1,A291,1136.34,USD,1136.34,USD,ACH,0
2026-01-03 17:10:00,3,A123,3,A98,237.68,USD,237.68,USD,ACH,0
2026-01-03 17:11:00,0,A15,0,A285,361.87,USD,361.87,USD,ACH,0
2026-01-03 17:12:00,2,A82,1,A251,560.69,USD,560.69,USD,ACH,0
2026-01-03 17:12:00,3,A183,1,A191,784.25,USD,784.25,USD,ACH,0
2026-01-03 17:15:00,1,A141,2,A157,249.36,USD,249.36,USD,ACH,0
2026-01-03 17:16:00,3,A8,0,A225,171.17,USD,171.17,USD,ACH,1
2026-01-03 17:18:00,1,A66,4,A4,555.99,USD,555.99,USD,ACH,0
2026-01-03 17:20:00,2,A62,3,A93,78.71,USD,78.71,USD,ACH,0
2026-01-03 17:20:00,0,A155,3,A173,648.96,USD,648.96,USD,ACH,0
2026-01-03 17:26:00,4,A179,2,A7,815.65,USD,815.65,USD,ACH,0
2026-01-03 17:27:00,4,A4,0,A210,420.61,USD,420.61,USD,ACH,0
2026-01-03 17:27:00,1,A216,4,A274,958.06,USD,958.06,USD,ACH,1
2026-01-03 17:31:00,2,A37,3,A118,216.88,USD,216.88,USD,ACH,0
2026-01-03 17:31:00,4,A169,1,A241,983.22,USD,983.22,USD,ACH,0
2026-01-03 17:35:00,1,A171,0,A240,158.85,USD,158.85,USD,ACH,0
2026-01-03 17:36:00,3,A48,4,A169,1955.15,USD,1955.15,USD,ACH,0
2026-01-03 17:36:00,4,A164,1,A176,1123.7,USD,1123.7,USD,ACH,0
2026-01-03 17:38:00,2,A22,0,A160,204.51,USD,204.51,USD,ACH,0
2026-01-03 17:40:00,0,A205,0,A10,1799.97,USD,1799.97,USD,ACH,0
2026-01-03 17:40:00,3,A233,2,A12,58.76,USD,58.76,USD,ACH,0
2026-01-03 17:40:00,0,A260,2,A52,279.29,USD,279.29,USD,ACH,0
2026-01-03 17:42:00,4,A9,1,A191,276.5,USD,276.5,USD,ACH,0
2026-01-03 17:43:00,2,A2,4,A69,50.51,USD,50.51,USD,ACH,0
2026-01-03 17:43:00,0,A145,2,A77,580.3,USD,580.3,USD,ACH,0
2026-01-03 17:44:00,1,A86,1,A26,275.62,USD,275.62,USD,ACH,0
2026-01-03 17:45:00,1,A256,1,A271,2981.47,USD,2981.47,USD,ACH,0
2026-01-03 17:46:00,3,A28,1,A236,522.28,USD,522.28,USD,ACH,0
2026-01-03 17:47:00,0,A130,4,A89,222.58,USD,222.58,USD,ACH,0
2026-01-03 17:48:00,4,A59,2,A37,172.53,USD,172.53,USD,ACH,0
2026-01-03 17:50:00,4,A294,2,A227,597.86,USD,597.86,USD,ACH,0
2026-01-03 17:51:00,1,A26,2,A257,771.73,USD,771.73,USD,ACH,0
2026-01-03 17:54:00,4,A54,0,A115,322.2,USD,322.2,USD,ACH,0
2026-01-03 17:55:00,2,A127,1,A241,399.49,USD,399.49,USD,ACH,0
2026-01-03 17:57:00,4,A269,3,A8,1045.86,USD,1045.86,USD,ACH,0
2026-01-04 08:00:00,0,A225,1,A196,298.95,USD,298.95,USD,ACH,0
2026-01-04 08:03:00,2,A292,3,A278,526.84,USD,526.84,USD,ACH,0
2026-01-04 08:06:00,4,A164,2,A57,162.23,USD,162.23,USD,ACH,0
2026-01-04 08:09:00,4,A244,4,A134,153.58,USD,153.58,USD,ACH,0
2026-01-04 08:15:00,3,A23,2,A192,317.4,USD,317.4,USD,ACH,0
2026-01-04 08:16:00,4,A114,1,A61,945.95,USD,945.95,USD,ACH,0
2026-01-04 08:17:00,3,A33,2,A77,659.29,USD,659.29,USD,ACH,0
2026-01-04 08:17:00,0,A180,2,A122,251.14,USD,251.14,USD,ACH,0
2026-01-04 08:18:00,0,A10,1,A86,217.4,USD,217.4,USD,ACH,0
2026-01-04 08:18:00,3,A43,2,A232,703.55,USD,703.55,USD,ACH,0
2026-01-04 08:18:00,4,A214,4,A289,838.41,USD,838.41,USD,ACH,0
2026-01-04 08:19:00,0,A285,2,A202,288.49,USD,288.49,USD,ACH,0
2026-01-04 08:22:00,0,A275,0,A225,268.93,USD,268.93,USD,ACH,0
2026-01-04 08:23:00,4,A124,4,A249,408.39,USD,408.39,USD,ACH,0
2026-01-04 08:24:00,3,A178,2,A187,999.82,USD,999.82,USD,ACH,0
2026-01-04 08:25:00,1,A76,2,A72,803.54,USD,803.54,USD,ACH,0
2026-01-04 08:25:00,3,A173,0,A95,361.52,USD,361.52,USD,ACH,0
2026-01-04 08:27:00,0,A60,2,A222,252.54,USD,252.54,USD,ACH,0
2026-01-04 08:27:00,3,A63,3,A173,102.0,USD,102.0,USD,ACH,1
2026-01-04 08:30:00,4,A239,0,A205,584.86,USD,584.86,USD,ACH,0
2026-01-04 08:30:00,2,A282,4,A169,130.4,USD,130.4,USD,ACH,0
2026-01-04 08:31:00,4,A274,1,A76,303.14,USD,303.14,USD,ACH,0
2026-01-04 08:32:00,3,A293,1,A196,618.93,USD,618.93,USD,ACH,0
2026-01-04 08:34:00,4,A34,1,A191,116.22,USD,116.22,USD,ACH,0
2026-01-04 08:35:00,3,A68,3,A278,847.28,USD,847.28,USD,ACH,0
2026-01-04 08:36:00,1,A241,4,A104,481.17,USD,481.17,USD,ACH,0
2026-01-04 08:38:00,3,A203,4,A99,399.44,USD,399.44,USD,ACH,0
2026-01-04 08:39:00,2,A37,0,A240,340.12,USD,340.12,USD,ACH,0
2026-01-04 08:43:00,4,A254,1,A226,708.89,USD,708.89,USD,ACH,0
2026-01-04 08:46:00,0,A70,2,A47,96.9,USD,96.9,USD,ACH,0
2026-01-04 08:48:00,2,A2,3,A153,480.17,USD,480.17,USD,ACH,0
2026-01-04 08:48:00,0,A130,3,A43,241.17,USD,241.17,USD,ACH,0
2026-01-04 08:49:00,3,A163,4,A104,609.84,USD,609.84,USD,ACH,0
2026-01-04 08:50:00,2,A182,2,A47,261.48,USD,261.48,USD,ACH,0
2026-01-04 08:50:00,2,A187,0,A85,316.21,USD,316.21,USD,ACH,0
2026-01-04 08:52:00,4,A234,0,A210,666.33,USD,666.33,USD,ACH,0
2026-01-04 08:54:00,4,A14,3,A38,525.31,USD,525.31,USD,ACH,0
2026-01-04 08:55:00,3,A243,3,A168,209.33,USD,209.33,USD,ACH,0
2026-01-04 08:56:00,4,A289,1,A281,633.16,USD,633.16,USD,ACH,0
2026-01-04 08:58:00,1,A11,4,A239,235.29,USD,235.29,USD,ACH,0
2026-01-04 08:58:00,4,A234,4,A124,194.09,USD,194.09,USD,ACH,0
2026-01-04 08:59:00,1,A106,0,A260,1183.66,USD,1183.66,USD,ACH,0
2026-01-04 09:00:00,4,A264,4,A9,1009.08,USD,1009.08,USD,ACH,0
2026-01-04 09:02:00,0,A25,2,A47,401.31,USD,401.31,USD,ACH,0
2026-01-04 09:04:00,3,A73,2,A117,336.39,USD,336.39,USD,ACH,0
2026-01-04 09:08:00,0,A120,4,A94,513.84,USD,513.84,USD,ACH,0
2026-01-04 09:12:00,1,A96,3,A128,975.62,USD,975.62,USD,ACH,0
2026-01-04 09:13:00,3,A18,1,A31,997.47,USD,997.47,USD,ACH,0
2026-01-04 09:13:00,4,A129,1,A6,1133.57,USD,1133.57,USD,ACH,0
2026-01-04 09:14:00,1,A191,1,A256,135.93,USD,135.93,USD,ACH,0
2026-01-04 09:19:00,3,A38,0,A45,614.64,USD,614.64,USD,ACH,0
2026-01-04 09:19:00,3,A233,0,A30,366.33,USD,366.33,USD,ACH,0
2026-01-04 09:20:00,1,A176,0,A55,565.62,USD,565.62,USD,ACH,0
2026-01-04 09:22:00,0,A55,1,A216,300.91,USD,300.91,USD,ACH,0
2026-01-04 09:22:00,0,A115,4,A54,517.32,USD,517.32,USD,ACH,0
2026-01-04 09:24:00,0,A135,4,A224,476.0,USD,476.0,USD,ACH,0
2026-01-04 09:25:00,1,A131,0,A195,299.89,USD,299.89,USD,ACH,0
2026-01-04 09:26:00,0,A290,4,A164,199.96,USD,199.96,USD,ACH,0
2026-01-04 09:27:00,4,A79,1,A121,882.95,USD,882.95,USD,ACH,0
2026-01-04 09:31:00,2,A177,0,A285,773.09,USD,773.09,USD,ACH,0
2026-01-04 09:33:00,1,A281,1,A146,263.12,USD,263.12,USD,ACH,0
2026-01-04 09:35:00,0,A35,0,A65,249.11,USD,249.11,USD,ACH,0
2026-01-04 09:35:00,4,A89,3,A218,2391.93,USD,2391.93,USD,ACH,0
2026-01-04 09:39:00,4,A299,2,A127,279.96,USD,279.96,USD,ACH,0
2026-01-04 09:40:00,4,A104,0,A270,65.88,USD,65.88,USD,ACH,0
2026-01-04 09:40:00,4,A199,0,A30,546.29,USD,546.29,USD,ACH,0
2026-01-04 09:40:00,2,A237,2,A52,284.13,USD,284.13,USD,ACH,0
2026-01-04 09:41:00,3,A113,2,A17,172.74,USD,172.74,USD,ACH,0
2026-01-04 09:43:00,4,A219,0,A295,420.11,USD,420.11,USD,ACH,0
2026-01-04 09:43:00,4,A269,0,A190,1841.93,USD,1841.93,USD,ACH,0
2026-01-04 09:45:00,3,A58,0,A210,2686.13,USD,2686.13,USD,ACH,0
2026-01-04 09:48:00,1,A1,2,A217,614.11,USD,614.11,USD,ACH,0
2026-01-04 09:49:00,2,A202,4,A39,642.28,USD,642.28,USD,ACH,0
2026-01-04 09:51:00,2,A227,3,A203,111.5,USD,111.5,USD,ACH,0
2026-01-04 09:55:00,3,A118,4,A139,533.95,USD,533.95,USD,ACH,0
2026-01-04 09:55:00,1,A226,3,A103,578.38,USD,578.38,USD,ACH,0
2026-01-04 09:57:00,3,A153,1,A251,910.48,USD,910.48,USD,ACH,0
2026-01-04 09:59:00,4,A289,4,A244,950.39,USD,950.39,USD,ACH,0
2026-01-04 10:01:00,3,A218,2,A252,641.15,USD,641.15,USD,ACH,0
2026-01-04 10:01:00,2,A222,4,A14,426.35,USD,426.35,USD,ACH,0
2026-01-04 10:02:00,3,A78,1,A251,332.53,USD,332.53,USD,ACH,0
2026-01-04 10:04:00,2,A157,1,A241,1282.23,USD,1282.23,USD,ACH,0
2026-01-04 10:05:00,4,A94,0,A185,195.12,USD,195.12,USD,ACH,1
2026-01-04 10:05:00,4,A239,3,A138,3067.38,USD,3067.38,USD,ACH,0
2026-01-04 10:05:00,0,A265,2,A7,538.36,USD,538.36,USD,ACH,0
2026-01-04 10:07:00,3,A168,0,A180,733.83,USD,733.83,USD,ACH,0
2026-01-04 10:09:00,4,A144,3,A163,374.97,USD,374.97,USD,ACH,0
2026-01-04 10:10:00,2,A87,3,A163,415.9,USD,415.9,USD,ACH,0
2026-01-04 10:10:00,3,A183,2,A152,158.02,USD,158.02,USD,ACH,0
2026-01-04 10:12:00,0,A175,1,A171,609.69,USD,609.69,USD,ACH,0
2026-01-04 10:12:00,1,A226,2,A262,618.08,USD,618.08,USD,ACH,0
2026-01-04 10:14:00,0,A5,4,A259,1505.05,USD,1505.05,USD,ACH,0
2026-01-04 10:15:00,3,A138,3,A8,162.51,USD,162.51,USD,ACH,1
2026-01-04 10:18:00,2,A72,4,A94,219.28,USD,219.28,USD,ACH,0
2026-01-04 10:18:00,1,A81,1,A166,280.09,USD,280.09,USD,ACH,0
2026-01-04 10:18:00,0,A100,3,A203,146.11,USD,146.11,USD,ACH,0
2026-01-04 10:19:00,4,A99,2,A197,383.81,USD,383.81,USD,ACH,0
2026-01-04 10:20:00,4,A279,4,A79,1326.9,USD,1326.9,USD,ACH,0
2026-01-04 10:22:00,2,A12,2,A102,458.82,USD,458.82,USD,ACH,0
2026-01-04 10:23:00,2,A142,0,A200,255.07,USD,255.07,USD,ACH,0
2026-01-04 10:23:00,4,A264,3,A3,107.73,USD,107.73,USD,ACH,0
2026-01-04 10:25:00,2,A192,1,A151,303.46,USD,303.46,USD,ACH,0
2026-01-04 10:26:00,1,A256,4,A34,348.12,USD,348.12,USD,ACH,0
2026-01-04 10:27:00,4,A114,1,A11,198.58,USD,198.58,USD,ACH,0
2026-01-04 10:32:00,4,A49,2,A87,1276.55,USD,1276.55,USD,ACH,0
2026-01-04 10:32:00,3,A53,3,A278,478.57,USD,478.57,USD,ACH,0
2026-01-04 10:35:00,1,A291,4,A194,252.17,USD,252.17,USD,ACH,0
2026-01-04 10:36:00,1,A116,0,A280,457.91,USD,457.91,USD,ACH,0
2026-01-04 10:36:00,0,A145,3,A3,548.09,USD,548.09,USD,ACH,0
2026-01-04 10:37:00,0,A165,3,A243,298.29,USD,298.29,USD,ACH,0
2026-01-04 10:37:00,3,A273,2,A62,654.64,USD,654.64,USD,ACH,0
2026-01-04 10:38:00,1,A146,2,A212,297.38,USD,297.38,USD,ACH,0
2026-01-04 10:39:00,1,A136,1,A251,696.73,USD,696.73,USD,ACH,0
2026-01-04 10:40:00,2,A97,2,A7,3065.91,USD,3065.91,USD,ACH,1
2026-01-04 10:43:00,0,A40,0,A60,248.25,USD,248.25,USD,ACH,0
2026-01-04 10:45:00,4,A224,1,A106,326.42,USD,326.42,USD,ACH,0
2026-01-04 10:46:00,2,A52,1,A121,961.81,USD,961.81,USD,ACH,0
2026-01-04 10:46:00,2,A62,1,A11,297.52,USD,297.52,USD,ACH,0
2026-01-04 10:51:00,4,A19,1,A6,242.75,USD,242.75,USD,ACH,0
2026-01-04 10:51:00,4,A109,3,A268,443.2,USD,443.2,USD,ACH,0
2026-01-04 10:53:00,3,A248,4,A154,659.73,USD,659.73,USD,ACH,0
2026-01-04 10:54:00,0,A215,2,A127,418.7,USD,418.7,USD,ACH,0
2026-01-04 10:55:00,0,A40,0,A130,284.02,USD,284.02,USD,ACH,0
2026-01-04 10:55:00,4,A49,1,A101,224.96,USD,224.96,USD,ACH,0
2026-01-04 10:55:00,1,A261,3,A278,60.28,USD,60.28,USD,ACH,0
2026-01-04 10:55:00,3,A298,4,A109,365.58,USD,365.58,USD,ACH,0
2026-01-04 10:56:00,4,A64,1,A36,267.06,USD,267.06,USD,ACH,0
2026-01-04 10:57:00,0,A95,3,A258,342.78,USD,342.78,USD,ACH,0
2026-01-04 10:58:00,2,A37,4,A159,255.49,USD,255.49,USD,ACH,0
2026-01-04 10:58:00,0,A105,2,A157,329.09,USD,329.09,USD,ACH,0
2026-01-04 10:59:00,4,A134,0,A65,770.69,USD,770.69,USD,ACH,1
2026-01-04 11:01:00,1,A126,0,A35,1197.62,USD,1197.62,USD,ACH,0
2026-01-04 11:03:00,0,A20,1,A276,293.58,USD,293.58,USD,ACH,0
2026-01-04 11:03:00,3,A78,4,A69,836.58,USD,836.58,USD,ACH,0
2026-01-04 11:07:00,1,A256,0,A100,561.49,USD,561.49,USD,ACH,0
2026-01-04 11:08:00,1,A61,1,A66,608.37,USD,608.37,USD,ACH,0
2026-01-04 11:09:00,0,A110,2,A157,1029.96,USD,1029.96,USD,ACH,0
2026-01-04 11:11:00,2,A267,1,A6,287.1,USD,287.1,USD,ACH,0
2026-01-04 11:11:00,1,A296,4,A204,208.66,USD,208.66,USD,ACH,0
2026-01-04 11:12:00,2,A17,4,A164,823.72,USD,823.72,USD,ACH,0
2026-01-04 11:13:00,2,A7,2,A57,498.42,USD,498.42,USD,ACH,0
2026-01-04 11:17:00,1,A196,3,A233,216.72,USD,216.72,USD,ACH,0
2026-01-04 11:18:00,1,A231,1,A211,182.94,USD,182.94,USD,ACH,0
2026-01-04 11:19:00,2,A32,4,A299,431.85,USD,431.85,USD,ACH,0
2026-01-04 11:20:00,4,A79,0,A240,550.2,USD,550.2,USD,ACH,0
2026-01-04 11:21:00,2,A27,3,A208,454.45,USD,454.45,USD,ACH,0
2026-01-04 11:21:00,2,A102,0,A250,484.52,USD,484.52,USD,ACH,0
2026-01-04 11:22:00,2,A12,0,A270,827.02,USD,827.02,USD,ACH,0
2026-01-04 11:24:00,4,A34,4,A149,187.52,USD,187.52,USD,ACH,1
2026-01-04 11:25:00,0,A195,3,A278,1065.81,USD,1065.81,USD,ACH,0
2026-01-04 11:27:00,3,A268,0,A115,345.01,USD,345.01,USD,ACH,0
2026-01-04 11:29:00,0,A45,1,A231,612.63,USD,612.63,USD,ACH,0
2026-01-04 11:29:00,2,A217,1,A201,90.3,USD,90.3,USD,ACH,0
2026-01-04 11:30:00,4,A9,4,A289,582.3,USD,582.3,USD,ACH,0
2026-01-04 11:30:00,4,A154,2,A192,165.0,USD,165.0,USD,ACH,0
2026-01-04 11:33:00,1,A31,1,A181,540.68,USD,540.68,USD,ACH,0
2026-01-04 11:34:00,3,A128,4,A84,1125.62,USD,1125.62,USD,ACH,0
2026-01-04 11:35:00,2,A87,3,A148,279.49,USD,279.49,USD,ACH,0
2026-01-04 11:35:00,2,A207,0,A290,1010.64,USD,1010.64,USD,ACH,0
2026-01-04 11:35:00,3,A213,4,A234,445.83,USD,445.83,USD,ACH,0
2026-01-04 11:36:00,4,A44,4,A84,368.66,USD,368.66,USD,ACH,0
2026-01-04 11:36:00,3,A108,2,A77,770.92,USD,770.92,USD,ACH,0
2026-01-04 11:37:00,3,A153,0,A270,602.55,USD,602.55,USD,ACH,0
2026-01-04 11:37:00,1,A271,4,A69,75.21,USD,75.21,USD,ACH,0
2026-01-04 11:42:00,0,A185,4,A259,145.3,USD,145.3,USD,ACH,0
2026-01-04 11:42:00,0,A220,3,A123,216.03,USD,216.03,USD,ACH,0
2026-01-04 11:44:00,4,A84,1,A181,148.28,USD,148.28,USD,ACH,0
2026-01-04 11:44:00,2,A152,3,A278,410.49,USD,410.49,USD,ACH,0
2026-01-04 11:47:00,0,A150,4,A119,84.44,USD,84.44,USD,ACH,0
2026-01-04 11:47:00,4,A254,2,A137,214.19,USD,214.19,USD,ACH,0
2026-01-04 11:48:00,2,A292,4,A14,204.62,USD,204.62,USD,ACH,0
2026-01-04 11:48:00,0,A295,2,A77,489.89,USD,489.89,USD,ACH,0
2026-01-04 11:49:00,0,A15,1,A181,1613.14,USD,1613.14,USD,ACH,0
2026-01-04 11:50:00,3,A138,1,A66,264.95,USD,264.95,USD,ACH,0
2026-01-04 11:53:00,4,A74,0,A275,439.01,USD,439.01,USD,ACH,0
2026-01-04 11:54:00,1,A21,1,A16,285.68,USD,285.68,USD,ACH,0
2026-01-04 11:56:00,2,A112,1,A126,523.93,USD,523.93,USD,ACH,0
2026-01-04 11:57:00,0,A235,1,A131,753.15,USD,753.15,USD,ACH,0
2026-01-04 11:59:00,1,A176,0,A15,406.63,USD,406.63,USD,ACH,0
2026-01-04 12:00:00,4,A144,2,A137,2503.5,USD,2503.5,USD,Wire,0
2026-01-04 12:00:00,0,A240,3,A233,1623.6,USD,1623.6,USD,Wire,0
2026-01-04 12:01:00,1,A41,4,A174,1215.85,USD,1215.85,USD,ACH,0
2026-01-04 12:01:00,1,A126,4,A119,3065.63,USD,3065.63,USD,Wire,0
2026-01-04 12:02:00,1,A26,4,A19,2863.6,USD,2863.6,USD,Wire,0
2026-01-04 12:03:00,1,A76,4,A69,3273.94,USD,3273.94,USD,Wire,0
2026-01-04 12:03:00,1,A86,4,A79,2883.1,USD,2883.1,USD,Wire,0
2026-01-04 12:03:00,4,A234,2,A227,2648.83,USD,2648.83,USD,Wire,0
2026-01-04 12:03:00,1,A6,4,A299,2951.03,USD,2951.03,USD,Wire,0
2026-01-04 12:04:00,0,A50,3,A43,1790.54,USD,1790.54,USD,Wire,0
2026-01-04 12:04:00,2,A242,0,A235,2299.38,USD,2299.38,USD,Wire,0
2026-01-04 12:06:00,1,A61,4,A54,2015.27,USD,2015.27,USD,Wire,0
2026-01-04 12:06:00,0,A85,3,A78,2977.52,USD,2977.52,USD,Wire,0
2026-01-04 12:06:00,2,A92,0,A85,2139.99,USD,2139.99,USD,Wire,0
2026-01-04 12:06:00,3,A153,1,A146,2491.62,USD,2491.62,USD,Wire,0
2026-01-04 12:06:00,0,A265,3,A258,3080.79,USD,3080.79,USD,Wire,0
2026-01-04 12:07:00,0,A105,3,A98,2753.89,USD,2753.89,USD,Wire,0
2026-01-04 12:07:00,4,A164,2,A157,2506.61,USD,2506.61,USD,Wire,0
2026-01-04 12:07:00,4,A164,4,A89,274.84,USD,274.84,USD,ACH,1
2026-01-04 12:07:00,0,A180,3,A173,1761.19,USD,1761.19,USD,Wire,0
2026-01-04 12:07:00,4,A194,2,A187,2480.94,USD,2480.94,USD,Wire,0
2026-01-04 12:08:00,1,A46,4,A39,2929.77,USD,2929.77,USD,Wire,0
2026-01-04 12:08:00,3,A268,1,A261,1548.43,USD,1548.43,USD,Wire,0
2026-01-04 12:09:00,0,A10,3,A3,1882.72,USD,1882.72,USD,Wire,0
2026-01-04 12:09:00,2,A42,1,A261,641.11,USD,641.11,USD,ACH,0
2026-01-04 12:09:00,3,A83,1,A76,2366.22,USD,2366.22,USD,Wire,0
2026-01-04 12:09:00,4,A204,2,A197,2662.12,USD,2662.12,USD,Wire,0
2026-01-04 12:09:00,2,A212,0,A120,520.58,USD,520.58,USD,ACH,0
2026-01-04 12:10:00,4,A124,2,A117,2874.1,USD,2874.1,USD,Wire,0
2026-01-04 12:10:00,3,A133,1,A126,2310.53,USD,2310.53,USD,Wire,0
2026-01-04 12:10:00,0,A205,3,A198,3037.62,USD,3037.62,USD,Wire,0
2026-01-04 12:10:00,2,A267,0,A260,1452.91,USD,1452.91,USD,Wire,0
2026-01-04 12:11:00,3,A228,1,A221,1493.72,USD,1493.72,USD,Wire,0
2026-01-04 12:12:00,1,A236,4,A229,2820.8,USD,2820.8,USD,Wire,0
2026-01-04 12:12:00,0,A260,2,A147,600.23,USD,600.23,USD,ACH,0
2026-01-04 12:13:00,3,A103,1,A211,317.33,USD,317.33,USD,ACH,0
2026-01-04 12:13:00,0,A145,3,A138,3033.53,USD,3033.53,USD,Wire,0
2026-01-04 12:14:00,3,A33,1,A26,2259.0,USD,2259.0,USD,Wire,0
2026-01-04 12:14:00,0,A45,3,A38,2608.63,USD,2608.63,USD,Wire,0
2026-01-04 12:14:00,3,A103,1,A96,2222.25,USD,2222.25,USD,Wire,0
2026-01-04 12:14:00,3,A123,1,A116,2451.03,USD,2451.03,USD,Wire,0
2026-01-04 12:14:00,4,A199,4,A149,620.23,USD,620.23,USD,ACH,0
2026-01-04 12:14:00,4,A274,1,A256,141.6,USD,141.6,USD,ACH,0
2026-01-04 12:15:00,4,A99,2,A92,1898.62,USD,1898.62,USD,Wire,0
2026-01-04 12:17:00,0,A80,3,A73,1902.44,USD,1902.44,USD,Wire,0
2026-01-04 12:17:00,4,A244,2,A237,2563.69,USD,2563.69,USD,Wire,0
2026-01-04 12:18:00,0,A135,3,A128,3083.86,USD,3083.86,USD,Wire,0
2026-01-04 12:18:00,3,A268,2,A272,754.83,USD,754.83,USD,ACH,1
2026-01-04 12:19:00,0,A110,4,A199,126.5,USD,126.5,USD,ACH,0
2026-01-04 12:19:00,2,A182,0,A175,2472.25,USD,2472.25,USD,Wire,0
2026-01-04 12:19:00,2,A187,0,A180,1401.19,USD,1401.19,USD,Wire,0
2026-01-04 12:19:00,1,A226,4,A219,3045.4,USD,3045.4,USD,Wire,0
2026-01-04 12:19:00,1,A1,4,A294,1940.71,USD,1940.71,USD,Wire,0
2026-01-04 12:20:00,4,A54,3,A273,205.69,USD,205.69,USD,ACH,0
2026-01-04 12:20:00,2,A137,0,A150,2357.06,USD,2357.06,USD,Wire,0
2026-01-04 12:20:00,3,A233,1,A246,1505.51,USD,1505.51,USD,Wire,0
2026-01-04 12:20:00,3,A283,3,A58,321.57,USD,321.57,USD,ACH,0
2026-01-04 12:21:00,4,A119,2,A132,2868.39,USD,2868.39,USD,Wire,0
2026-01-04 12:21:00,3,A143,4,A269,212.16,USD,212.16,USD,ACH,0
2026-01-04 12:22:00,4,A19,2,A32,2710.55,USD,2710.55,USD,Wire,0
2026-01-04 12:23:00,4,A69,2,A82,3127.26,USD,3127.26,USD,Wire,0
2026-01-04 12:23:00,4,A79,2,A92,2708.34,USD,2708.34,USD,Wire,0
2026-01-04 12:23:00,2,A227,0,A240,2527.82,USD,2527.82,USD,Wire,0
2026-01-04 12:23:00,4,A299,2,A12,2725.71,USD,2725.71,USD,Wire,0
2026-01-04 12:24:00,0,A20,4,A169,317.95,USD,317.95,USD,ACH,0
2026-01-04 12:24:00,3,A43,1,A56,1772.28,USD,1772.28,USD,Wire,0
2026-01-04 12:24:00,4,A194,0,A100,887.84,USD,887.84,USD,ACH,0
2026-01-04 12:24:00,0,A235,3,A248,2198.11,USD,2198.11,USD,Wire,0
2026-01-04 12:26:00,4,A54,2,A67,1864.21,USD,1864.21,USD,Wire,0
2026-01-04 12:26:00,3,A78,1,A91,2892.73,USD,2892.73,USD,Wire,0
2026-01-04 12:26:00,0,A85,3,A98,1976.63,USD,1976.63,USD,Wire,0
2026-01-04 12:26:00,1,A146,4,A159,2275.73,USD,2275.73,USD,Wire,0
2026-01-04 12:26:00,3,A258,1,A271,2861.63,USD,2861.63,USD,Wire,0
2026-01-04 12:27:00,3,A98,1,A111,2647.26,USD,2647.26,USD,Wire,0
2026-01-04 12:27:00,2,A157,0,A170,2369.15,USD,2369.15,USD,Wire,0
2026-01-04 12:27:00,3,A173,1,A186,1608.93,USD,1608.93,USD,Wire,0
2026-01-04 12:27:00,2,A187,0,A200,2304.86,USD,2304.86,USD,Wire,0
2026-01-04 12:28:00,4,A39,2,A52,2767.3,USD,2767.3,USD,Wire,0
2026-01-04 12:28:00,4,A69,3,A93,467.15,USD,467.15,USD,ACH,1
2026-01-04 12:28:00,1,A261,3,A118,469.88,USD,469.88,USD,ACH,0
2026-01-04 12:28:00,1,A261,4,A274,1440.36,USD,1440.36,USD,Wire,0
2026-01-04 12:29:00,3,A3,1,A16,1811.47,USD,1811.47,USD,Wire,0
2026-01-04 12:29:00,1,A76,4,A89,2302.03,USD,2302.03,USD,Wire,0
2026-01-04 12:29:00,2,A197,0,A210,2580.79,USD,2580.79,USD,Wire,0
2026-01-04 12:30:00,2,A117,0,A130,2769.72,USD,2769.72,USD,Wire,0
2026-01-04 12:30:00,1,A126,4,A139,2206.61,USD,2206.61,USD,Wire,0
2026-01-04 12:30:00,4,A184,0,A185,250.31,USD,250.31,USD,ACH,0
2026-01-04 12:30:00,3,A198,1,A211,2993.43,USD,2993.43,USD,Wire,0
2026-01-04 12:30:00,0,A260,3,A273,1314.42,USD,1314.42,USD,Wire,0
2026-01-04 12:31:00,3,A53,2,A172,213.21,USD,213.21,USD,ACH,0
2026-01-04 12:31:00,1,A221,4,A234,1448.48,USD,1448.48,USD,Wire,0
2026-01-04 12:32:00,0,A125,1,A221,679.06,USD,679.06,USD,ACH,0
2026-01-04 12:32:00,4,A229,2,A242,2553.6,USD,2553.6,USD,Wire,0
2026-01-04 12:33:00,3,A138,1,A151,3001.98,USD,3001.98,USD,Wire,0
2026-01-04 12:34:00,1,A26,4,A39,2158.27,USD,2158.27,USD,Wire,0
2026-01-04 12:34:00,3,A38,1,A51,2349.85,USD,2349.85,USD,Wire,0
2026-01-04 12:34:00,1,A96,4,A109,2121.73,USD,2121.73,USD,Wire,0
2026-01-04 12:34:00,1,A116,4,A129,2378.21,USD,2378.21,USD,Wire,0
2026-01-04 12:34:00,3,A238,2,A142,92.31,USD,92.31,USD,ACH,0
2026-01-04 12:35:00,2,A92,0,A105,1816.79,USD,1816.79,USD,Wire,0
2026-01-04 12:35:00,1,A151,1,A186,284.07,USD,284.07,USD,ACH,0
2026-01-04 12:36:00,4,A154,4,A104,129.97,USD,129.97,USD,ACH,0
2026-01-04 12:37:00,3,A73,1,A86,1738.2,USD,1738.2,USD,Wire,0
2026-01-04 12:37:00,2,A237,0,A250,2525.02,USD,2525.02,USD,Wire,0
2026-01-04 12:38:00,1,A56,4,A204,562.66,USD,562.66,USD,ACH,1
2026-01-04 12:38:00,3,A128,1,A141,2950.71,USD,2950.71,USD,Wire,0
2026-01-04 12:39:00,0,A175,3,A188,2233.8,USD,2233.8,USD,Wire,0
2026-01-04 12:39:00,0,A180,3,A193,1370.32,USD,1370.32,USD,Wire,0
2026-01-04 12:39:00,4,A219,2,A232,2933.88,USD,2933.88,USD,Wire,0
2026-01-04 12:39:00,4,A294,2,A7,1843.8,USD,1843.8,USD,Wire,0
2026-01-04 12:40:00,1,A156,4,A114,1267.12,USD,1267.12,USD,ACH,0
2026-01-04 12:40:00,1,A201,3,A43,274.84,USD,274.84,USD,ACH,0
2026-01-04 12:40:00,2,A247,1,A21,411.44,USD,411.44,USD,ACH,0
2026-01-04 12:46:00,4,A59,0,A130,2504.63,USD,2504.63,USD,ACH,1
2026-01-04 12:46:00,1,A81,4,A4,290.07,USD,290.07,USD,ACH,0
2026-01-04 12:46:00,1,A106,1,A231,354.27,USD,354.27,USD,ACH,0
2026-01-04 12:49:00,4,A119,2,A292,1391.62,USD,1391.62,USD,ACH,0
2026-01-04 12:49:00,3,A233,3,A188,417.35,USD,417.35,USD,ACH,0
2026-01-04 12:50:00,0,A25,0,A270,2302.69,USD,2302.69,USD,ACH,0
2026-01-04 12:53:00,2,A297,4,A289,658.54,USD,658.54,USD,ACH,0
2026-01-04 12:54:00,4,A209,3,A13,883.17,USD,883.17,USD,ACH,0
2026-01-04 12:55:00,1,A156,0,A10,472.8,USD,472.8,USD,ACH,0
2026-01-04 12:57:00,4,A39,0,A80,730.07,USD,730.07,USD,ACH,0
2026-01-04 12:57:00,1,A251,3,A183,316.2,USD,316.2,USD,ACH,0
2026-01-04 12:58:00,4,A69,4,A274,212.83,USD,212.83,USD,ACH,1
2026-01-04 13:01:00,0,A210,2,A297,80.18,USD,80.18,USD,ACH,0
2026-01-04 13:01:00,2,A287,3,A53,544.59,USD,544.59,USD,ACH,0
2026-01-04 13:04:00,4,A24,3,A43,422.78,USD,422.78,USD,ACH,0
2026-01-04 13:04:00,2,A172,0,A250,121.52,USD,121.52,USD,ACH,0
2026-01-04 13:04:00,4,A299,1,A216,280.67,USD,280.67,USD,ACH,0
2026-01-04 13:05:00,3,A258,0,A135,291.09,USD,291.09,USD,ACH,0
2026-01-04 13:07:00,2,A117,1,A91,524.14,USD,524.14,USD,ACH,0
2026-01-04 13:10:00,4,A59,3,A98,608.94,USD,608.94,USD,ACH,0
2026-01-04 13:12:00,3,A168,4,A54,1119.85,USD,1119.85,USD,ACH,0
2026-01-04 13:12:00,3,A188,1,A136,1267.22,USD,1267.22,USD,ACH,0
2026-01-04 13:14:00,3,A148,2,A182,405.36,USD,405.36,USD,ACH,0
2026-01-04 13:15:00,1,A206,3,A83,129.0,USD,129.0,USD,ACH,0
2026-01-04 13:15:00,4,A229,3,A263,486.84,USD,486.84,USD,ACH,0
2026-01-04 13:22:00,3,A128,3,A3,859.85,USD,859.85,USD,ACH,0
2026-01-04 13:25:00,3,A288,1,A211,200.46,USD,200.46,USD,ACH,0
2026-01-04 13:26:00,2,A22,4,A39,194.12,USD,194.12,USD,ACH,0
2026-01-04 13:27:00,1,A186,4,A254,373.93,USD,373.93,USD,ACH,0
2026-01-04 13:28:00,1,A51,4,A89,1028.53,USD,1028.53,USD,ACH,0
2026-01-04 13:29:00,0,A120,1,A261,330.38,USD,330.38,USD,ACH,0
2026-01-04 13:29:00,1,A286,2,A27,401.98,USD,401.98,USD,ACH,1
2026-01-04 13:29:00,2,A297,3,A153,986.63,USD,986.63,USD,ACH,0
2026-01-04 13:31:00,4,A149,0,A250,343.93,USD,343.93,USD,ACH,0
2026-01-04 13:32:00,3,A133,3,A188,354.39,USD,354.39,USD,ACH,0
2026-01-04 13:34:00,1,A216,2,A37,470.01,USD,470.01,USD,ACH,0
2026-01-04 13:36:00,3,A278,4,A44,488.33,USD,488.33,USD,ACH,1
2026-01-04 13:38:00,4,A259,2,A2,1899.49,USD,1899.49,USD,ACH,0
2026-01-04 13:40:00,2,A157,4,A84,1746.34,USD,1746.34,USD,ACH,0
2026-01-04 13:41:00,3,A143,3,A193,507.45,USD,507.45,USD,ACH,0
2026-01-04 13:41:00,2,A147,0,A235,345.0,USD,345.0,USD,ACH,0
2026-01-04 13:41:00,1,A161,1,A71,368.73,USD,368.73,USD,ACH,0
2026-01-04 13:42:00,4,A9,2,A262,387.77,USD,387.77,USD,ACH,0
2026-01-04 13:44:00,2,A67,1,A126,428.22,USD,428.22,USD,ACH,0
2026-01-04 13:45:00,1,A186,1,A41,471.8,USD,471.8,USD,ACH,0
2026-01-04 13:46:00,0,A35,0,A50,811.3,USD,811.3,USD,ACH,0
2026-01-04 13:48:00,0,A190,0,A240,250.75,USD,250.75,USD,ACH,0
2026-01-04 13:49:00,0,A70,1,A241,344.16,USD,344.16,USD,ACH,0
2026-01-04 13:51:00,1,A216,0,A50,843.15,USD,843.15,USD,ACH,0
2026-01-04 13:53:00,3,A208,0,A25,237.91,USD,237.91,USD,ACH,0
2026-01-04 13:55:00,3,A263,2,A7,334.26,USD,334.26,USD,ACH,0
2026-01-04 13:56:00,2,A182,0,A275,248.49,USD,248.49,USD,ACH,0
2026-01-04 13:57:00,0,A30,4,A284,463.74,USD,463.74,USD,ACH,0
2026-01-04 13:57:00,0,A50,1,A111,440.46,USD,440.46,USD,ACH,0
2026-01-04 13:57:00,2,A167,3,A28,1800.45,USD,1800.45,USD,ACH,0
2026-01-04 13:57:00,4,A189,2,A62,339.82,USD,339.82,USD,ACH,0
2026-01-04 13:59:00,1,A271,3,A208,111.63,USD,111.63,USD,ACH,0
2026-01-04 14:01:00,4,A119,2,A2,549.49,USD,549.49,USD,ACH,0
2026-01-04 14:01:00,2,A272,0,A170,99.77,USD,99.77,USD,ACH,0
2026-01-04 14:02:00,2,A92,3,A38,224.16,USD,224.16,USD,ACH,0
2026-01-04 14:02:00,2,A237,3,A243,755.42,USD,755.42,USD,ACH,0
2026-01-04 14:04:00,3,A13,4,A169,1350.58,USD,1350.58,USD,ACH,0
2026-01-04 14:05:00,2,A232,0,A155,292.22,USD,292.22,USD,ACH,0
2026-01-04 14:07:00,3,A123,4,A164,751.28,USD,751.28,USD,ACH,0
2026-01-04 14:08:00,2,A17,3,A248,304.18,USD,304.18,USD,ACH,0
2026-01-04 14:09:00,3,A8,2,A72,665.56,USD,665.56,USD,ACH,0
2026-01-04 14:09:00,1,A221,2,A182,578.25,USD,578.25,USD,ACH,0
2026-01-04 14:12:00,4,A224,3,A58,464.94,USD,464.94,USD,ACH,0
2026-01-04 14:14:00,1,A46,1,A276,721.07,USD,721.07,USD,ACH,0
2026-01-04 14:16:00,4,A139,1,A176,1627.88,USD,1627.88,USD,ACH,0
2026-01-04 14:20:00,3,A253,1,A31,248.16,USD,248.16,USD,ACH,0
2026-01-04 14:20:00,1,A266,2,A7,537.32,USD,537.32,USD,ACH,0
2026-01-04 14:23:00,1,A76,1,A31,1346.51,USD,1346.51,USD,ACH,0
2026-01-04 14:23:00,0,A90,3,A188,53.12,USD,53.12,USD,ACH,0
2026-01-04 14:24:00,2,A242,1,A271,165.96,USD,165.96,USD,ACH,0
2026-01-04 14:28:00,1,A66,4,A214,239.58,USD,239.58,USD,ACH,0
2026-01-04 14:29:00,0,A0,2,A182,208.12,USD,208.12,USD,ACH,0
2026-01-04 14:30:00,2,A7,1,A161,1218.43,USD,1218.43,USD,ACH,0
2026-01-04 14:31:00,0,A80,0,A100,230.15,USD,230.15,USD,ACH,0
2026-01-04 14:31:00,1,A276,2,A87,191.49,USD,191.49,USD,ACH,1
2026-01-04 14:32:00,2,A122,4,A174,271.74,USD,271.74,USD,ACH,0
2026-01-04 14:35:00,0,A75,4,A189,278.21,USD,278.21,USD,ACH,0
2026-01-04 14:36:00,1,A36,4,A274,1393.67,USD,1393.67,USD,ACH,0
2026-01-04 14:38:00,2,A112,2,A257,260.52,USD,260.52,USD,ACH,0
2026-01-04 14:38:00,0,A155,4,A284,191.26,USD,191.26,USD,ACH,0
2026-01-04 14:41:00,3,A73,2,A137,171.41,USD,171.41,USD,ACH,0
2026-01-04 14:44:00,1,A236,1,A76,174.58,USD,174.58,USD,ACH,0
2026-01-04 14:45:00,2,A262,0,A180,537.99,USD,537.99,USD,ACH,0
2026-01-04 14:49:00,1,A116,2,A22,175.85,USD,175.85,USD,ACH,0
2026-01-04 14:49:00,2,A282,3,A213,60.25,USD,60.25,USD,ACH,0
2026-01-04 14:50:00,1,A141,2,A67,159.39,USD,159.39,USD,ACH,0
2026-01-04 14:50:00,3,A158,2,A257,341.01,USD,341.01,USD,ACH,0
2026-01-04 14:50:00,2,A162,2,A27,217.12,USD,217.12,USD,ACH,0
2026-01-04 14:51:00,3,A223,2,A217,229.15,USD,229.15,USD,ACH,0
2026-01-04 14:51:00,2,A247,3,A258,383.36,USD,383.36,USD,ACH,0
2026-01-04 14:52:00,3,A238,0,A0,972.98,USD,972.98,USD,ACH,0
2026-01-04 14:54:00,4,A179,3,A213,762.7,USD,762.7,USD,ACH,0
2026-01-04 14:59:00,1,A16,3,A213,115.82,USD,115.82,USD,ACH,0
2026-01-04 15:00:00,3,A48,1,A141,273.61,USD,273.61,USD,ACH,0
2026-01-04 15:01:00,1,A296,3,A143,58.74,USD,58.74,USD,ACH,0
2026-01-04 15:06:00,3,A158,0,A130,188.61,USD,188.61,USD,ACH,0
2026-01-04 15:08:00,3,A103,4,A199,311.66,USD,311.66,USD,ACH,0
2026-01-04 15:09:00,2,A197,3,A3,1169.02,USD,1169.02,USD,ACH,1
2026-01-04 15:11:00,3,A28,3,A93,372.17,USD,372.17,USD,ACH,0
2026-01-04 15:11:00,3,A148,2,A117,527.96,USD,527.96,USD,ACH,0
2026-01-04 15:12:00,3,A18,4,A289,1378.99,USD,1378.99,USD,ACH,0
2026-01-04 15:12:00,0,A75,1,A216,467.21,USD,467.21,USD,ACH,0
2026-01-04 15:13:00,0,A235,0,A40,503.09,USD,503.09,USD,ACH,0
2026-01-04 15:15:00,2,A202,4,A254,341.14,USD,341.14,USD,ACH,0
2026-01-04 15:17:00,2,A287,3,A128,195.9,USD,195.9,USD,ACH,0
2026-01-04 15:18:00,0,A170,1,A146,312.85,USD,312.85,USD,ACH,0
2026-01-04 15:19:00,0,A160,2,A22,211.05,USD,211.05,USD,ACH,0
2026-01-04 15:19:00,3,A198,2,A17,1265.91,USD,1265.91,USD,ACH,0
2026-01-04 15:22:00,0,A270,4,A134,428.29,USD,428.29,USD,ACH,0
2026-01-04 15:24:00,4,A249,1,A181,563.32,USD,563.32,USD,ACH,0
2026-01-04 15:24:00,2,A257,3,A153,437.37,USD,437.37,USD,ACH,0
2026-01-04 15:25:00,3,A298,1,A166,630.47,USD,630.47,USD,ACH,0
2026-01-04 15:26:00,4,A184,3,A128,918.89,USD,918.89,USD,ACH,0
2026-01-04 15:29:00,2,A82,1,A211,177.89,USD,177.89,USD,ACH,0
2026-01-04 15:30:00,0,A140,3,A153,324.28,USD,324.28,USD,ACH,0
2026-01-04 15:30:00,0,A255,4,A254,318.95,USD,318.95,USD,ACH,0
2026-01-04 15:31:00,0,A185,0,A235,252.86,USD,252.86,USD,ACH,0
2026-01-04 15:35:00,0,A250,2,A137,196.98,USD,196.98,USD,ACH,0
2026-01-04 15:36:00,3,A98,3,A273,1006.3,USD,1006.3,USD,ACH,0
2026-01-04 15:36:00,4,A204,0,A130,195.47,USD,195.47,USD,ACH,0
2026-01-04 15:36:00,0,A280,3,A108,235.79,USD,235.79,USD,ACH,0
2026-01-04 15:37:00,2,A257,3,A143,576.08,USD,576.08,USD,ACH,0
2026-01-04 15:38:00,0,A240,4,A14,638.2,USD,638.2,USD,ACH,0
2026-01-04 15:39:00,1,A6,0,A10,575.2,USD,575.2,USD,ACH,1
2026-01-04 15:40:00,4,A39,3,A223,1021.12,USD,1021.12,USD,ACH,0
2026-01-04 15:40:00,0,A265,4,A264,547.99,USD,547.99,USD,ACH,0
2026-01-04 15:41:00,3,A33,4,A154,169.03,USD,169.03,USD,ACH,0
2026-01-04 15:43:00,4,A129,1,A291,574.55,USD,574.55,USD,ACH,0
2026-01-04 15:45:00,1,A111,4,A4,221.84,USD,221.84,USD,ACH,0
2026-01-04 15:48:00,1,A16,4,A54,296.09,USD,296.09,USD,ACH,0
2026-01-04 15:49:00,4,A89,2,A277,1276.75,USD,1276.75,USD,ACH,0
2026-01-04 15:50:00,4,A279,0,A140,403.52,USD,403.52,USD,ACH,0
2026-01-04 15:51:00,0,A105,2,A117,569.38,USD,569.38,USD,ACH,0
2026-01-04 15:53:00,3,A3,4,A269,1024.03,USD,1024.03,USD,ACH,0
2026-01-04 15:53:00,0,A200,4,A24,374.87,USD,374.87,USD,ACH,0
2026-01-04 15:54:00,3,A208,2,A297,254.25,USD,254.25,USD,ACH,0
2026-01-04 15:59:00,2,A137,2,A227,678.13,USD,678.13,USD,ACH,0
2026-01-04 15:59:00,4,A159,4,A294,1112.44,USD,1112.44,USD,ACH,1
2026-01-04 15:59:00,3,A228,1,A101,1688.05,USD,1688.05,USD,ACH,0
2026-01-04 16:00:00,2,A267,2,A62,551.01,USD,551.01,USD,ACH,1
2026-01-04 16:03:00,0,A225,2,A257,514.18,USD,514.18,USD,ACH,1
2026-01-04 16:04:00,1,A46,3,A33,1874.88,USD,1874.88,USD,ACH,0
2026-01-04 16:04:00,3,A293,1,A206,142.88,USD,142.88,USD,ACH,1
2026-01-04 16:05:00,3,A88,1,A251,2181.75,USD,2181.75,USD,ACH,0
2026-01-04 16:09:00,3,A48,4,A264,698.17,USD,698.17,USD,ACH,0
2026-01-04 16:09:00,2,A227,3,A18,972.94,USD,972.94,USD,ACH,0
2026-01-04 16:10:00,2,A77,1,A126,556.93,USD,556.93,USD,ACH,0
2026-01-04 16:10:00,1,A171,4,A229,991.24,USD,991.24,USD,ACH,0
2026-01-04 16:10:00,3,A243,1,A91,261.84,USD,261.84,USD,ACH,0
2026-01-04 16:11:00,1,A211,3,A198,180.81,USD,180.81,USD,ACH,0
2026-01-04 16:13:00,4,A249,3,A18,208.25,USD,208.25,USD,ACH,0
2026-01-04 16:17:00,0,A95,0,A145,463.69,USD,463.69,USD,ACH,0
2026-01-04 16:20:00,2,A217,1,A161,298.4,USD,298.4,USD,ACH,0
2026-01-04 16:23:00,4,A169,0,A200,214.37,USD,214.37,USD,ACH,0
2026-01-04 16:23:00,3,A178,0,A225,516.03,USD,516.03,USD,ACH,0
2026-01-04 16:23:00,3,A193,3,A218,385.56,USD,385.56,USD,ACH,0
2026-01-04 16:25:00,1,A71,2,A152,473.68,USD,473.68,USD,ACH,0
2026-01-04 16:26:00,2,A132,3,A38,238.13,USD,238.13,USD,ACH,0
2026-01-04 16:26:00,2,A222,0,A255,840.88,USD,840.88,USD,ACH,0
2026-01-04 16:27:00,2,A252,4,A149,150.02,USD,150.02,USD,ACH,0
2026-01-04 16:28:00,4,A189,4,A24,318.36,USD,318.36,USD,ACH,0
2026-01-04 16:29:00,4,A174,2,A42,459.75,USD,459.75,USD,ACH,0
2026-01-04 16:30:00,1,A26,1,A36,672.87,USD,672.87,USD,ACH,0
2026-01-04 16:32:00,2,A137,2,A37,258.66,USD,258.66,USD,ACH,0
2026-01-04 16:33:00,1,A166,0,A0,1521.55,USD,1521.55,USD,ACH,0
2026-01-04 16:34:00,0,A85,1,A216,499.32,USD,499.32,USD,ACH,0
2026-01-04 16:38:00,3,A193,0,A75,712.7,USD,712.7,USD,ACH,0
2026-01-04 16:42:00,0,A195,4,A24,164.4,USD,164.4,USD,ACH,0
2026-01-04 16:43:00,1,A111,3,A53,230.08,USD,230.08,USD,ACH,0
2026-01-04 16:44:00,1,A21,1,A51,835.23,USD,835.23,USD,ACH,0
2026-01-04 16:45:00,3,A83,3,A168,293.45,USD,293.45,USD,ACH,0
2026-01-04 16:46:00,4,A44,4,A259,908.18,USD,908.18,USD,ACH,0
2026-01-04 16:46:00,2,A72,3,A183,318.61,USD,318.61,USD,ACH,0
2026-01-04 16:47:00,2,A147,4,A34,1236.64,USD,1236.64,USD,ACH,0
2026-01-04 16:51:00,3,A93,1,A36,155.32,USD,155.32,USD,ACH,0
2026-01-04 16:57:00,4,A294,3,A183,703.08,USD,703.08,USD,ACH,0
2026-01-04 16:58:00,2,A177,2,A267,598.53,USD,598.53,USD,ACH,0
2026-01-04 17:01:00,2,A107,3,A13,303.69,USD,303.69,USD,ACH,0
2026-01-04 17:02:00,3,A28,3,A3,2227.93,USD,2227.93,USD,ACH,1
2026-01-04 17:06:00,0,A230,1,A176,2016.88,USD,2016.88,USD,ACH,0
2026-01-04 17:07:00,2,A277,2,A197,634.63,USD,634.63,USD,ACH,0
2026-01-04 17:10:00,4,A84,4,A24,737.14,USD,737.14,USD,ACH,0
2026-01-04 17:11:00,0,A205,1,A16,1537.72,USD,1537.72,USD,ACH,0
2026-01-04 17:14:00,4,A194,4,A279,924.59,USD,924.59,USD,ACH,0
2026-01-04 17:15:00,1,A41,4,A64,222.38,USD,222.38,USD,ACH,0
2026-01-04 17:15:00,1,A136,3,A3,153.01,USD,153.01,USD,ACH,0
2026-01-04 17:16:00,1,A246,3,A198,227.94,USD,227.94,USD,ACH,0
2026-01-04 17:18:00,0,A45,0,A145,841.62,USD,841.62,USD,ACH,0
2026-01-04 17:19:00,1,A91,4,A94,738.24,USD,738.24,USD,ACH,0
2026-01-04 17:22:00,0,A65,1,A266,434.41,USD,434.41,USD,ACH,0
2026-01-04 17:23:00,2,A42,4,A209,1031.84,USD,1031.84,USD,ACH,0
2026-01-04 17:23:00,0,A100,2,A282,147.42,USD,147.42,USD,ACH,0
2026-01-04 17:24:00,4,A64,4,A199,448.36,USD,448.36,USD,ACH,0
2026-01-04 17:24:00,1,A101,0,A120,103.68,USD,103.68,USD,ACH,0
2026-01-04 17:25:00,4,A29,1,A96,584.56,USD,584.56,USD,ACH,0
2026-01-04 17:26:00,2,A67,3,A18,621.13,USD,621.13,USD,ACH,0
2026-01-04 17:26:00,2,A127,3,A63,627.1,USD,627.1,USD,ACH,0
2026-01-04 17:26:00,1,A181,2,A72,527.63,USD,527.63,USD,ACH,0
2026-01-04 17:26:00,4,A204,2,A202,1399.66,USD,1399.66,USD,ACH,0
2026-01-04 17:27:00,3,A58,3,A203,974.31,USD,974.31,USD,ACH,0
2026-01-04 17:29:00,1,A121,0,A90,119.2,USD,119.2,USD,ACH,0
2026-01-04 17:31:00,2,A32,3,A243,214.43,USD,214.43,USD,ACH,0
2026-01-04 17:32:00,2,A162,3,A273,270.68,USD,270.68,USD,ACH,0
2026-01-04 17:33:00,1,A151,0,A80,180.04,USD,180.04,USD,ACH,0
2026-01-04 17:34:00,0,A245,4,A264,514.05,USD,514.05,USD,ACH,0
2026-01-04 17:36:00,3,A213,4,A64,762.08,USD,762.08,USD,ACH,0
2026-01-04 17:37:00,4,A14,0,A180,226.59,USD,226.59,USD,ACH,0
2026-01-04 17:38:00,4,A284,1,A81,518.68,USD,518.68,USD,ACH,0
2026-01-04 17:40:00,3,A98,1,A261,848.21,USD,848.21,USD,ACH,0
2026-01-04 17:41:00,1,A86,4,A54,718.36,USD,718.36,USD,ACH,0
2026-01-04 17:42:00,3,A13,0,A255,88.52,USD,88.52,USD,ACH,0
2026-01-04 17:42:00,2,A47,1,A256,273.84,USD,273.84,USD,ACH,0
2026-01-04 17:42:00,1,A86,3,A228,830.08,USD,830.08,USD,ACH,1
2026-01-04 17:42:00,2,A252,0,A150,765.09,USD,765.09,USD,ACH,0
2026-01-04 17:43:00,4,A4,2,A67,382.19,USD,382.19,USD,ACH,0
2026-01-04 17:43:00,0,A270,1,A156,880.34,USD,880.34,USD,ACH,0
2026-01-04 17:45:00,3,A43,4,A4,260.21,USD,260.21,USD,ACH,0
2026-01-04 17:45:00,1,A236,3,A153,1434.44,USD,1434.44,USD,ACH,0
2026-01-04 17:45:00,1,A266,0,A220,262.56,USD,262.56,USD,ACH,0
2026-01-04 17:46:00,0,A85,4,A4,216.76,USD,216.76,USD,ACH,0
2026-01-04 17:46:00,3,A118,2,A82,1201.04,USD,1201.04,USD,ACH,0
2026-01-04 17:50:00,1,A126,3,A63,1030.87,USD,1030.87,USD,ACH,0
2026-01-04 17:50:00,4,A159,2,A102,417.89,USD,417.89,USD,ACH,1
2026-01-04 17:51:00,0,A155,0,A255,782.77,USD,782.77,USD,ACH,0
2026-01-04 17:57:00,2,A57,2,A72,521.43,USD,521.43,USD,ACH,0
2026-01-05 08:00:00,3,A73,1,A151,318.7,USD,318.7,USD,ACH,0
2026-01-05 08:00:00,3,A173,3,A288,499.86,USD,499.86,USD,ACH,0
2026-01-05 08:00:00,2,A292,0,A110,614.22,USD,614.22,USD,ACH,0
2026-01-05 08:00:00,4,A294,3,A193,120.49,USD,120.49,USD,ACH,0
2026-01-05 08:01:00,3,A13,1,A111,61.23,USD,61.23,USD,ACH,0
2026-01-05 08:01:00,2,A197,4,A189,632.51,USD,632.51,USD,ACH,0
2026-01-05 08:01:00,3,A208,1,A71,1155.18,USD,1155.18,USD,ACH,0
2026-01-05 08:01:00,3,A253,4,A54,363.43,USD,363.43,USD,ACH,0
2026-01-05 08:02:00,1,A1,0,A195,265.54,USD,265.54,USD,ACH,0
2026-01-05 08:05:00,4,A79,4,A159,406.88,USD,406.88,USD,ACH,0
2026-01-05 08:05:00,0,A235,4,A114,256.3,USD,256.3,USD,ACH,0
2026-01-05 08:06:00,2,A292,1,A141,247.98,USD,247.98,USD,ACH,0
2026-01-05 08:08:00,0,A100,3,A238,275.54,USD,275.54,USD,ACH,0
2026-01-05 08:09:00,1,A181,2,A47,502.39,USD,502.39,USD,ACH,0
2026-01-05 08:09:00,4,A244,4,A24,315.48,USD,315.48,USD,ACH,0
2026-01-05 08:10:00,1,A191,1,A171,203.19,USD,203.19,USD,ACH,0
2026-01-05 08:11:00,3,A228,3,A153,634.21,USD,634.21,USD,ACH,0
2026-01-05 08:12:00,4,A204,4,A19,197.1,USD,197.1,USD,ACH,0
2026-01-05 08:14:00,0,A25,2,A12,242.09,USD,242.09,USD,ACH,0
2026-01-05 08:15:00,2,A182,3,A28,249.07,USD,249.07,USD,ACH,0
2026-01-05 08:16:00,0,A140,1,A111,299.89,USD,299.89,USD,ACH,0
2026-01-05 08:16:00,1,A231,1,A251,499.34,USD,499.34,USD,ACH,0
2026-01-05 08:17:00,0,A255,2,A272,329.37,USD,329.37,USD,ACH,0
2026-01-05 08:17:00,0,A270,0,A215,104.57,USD,104.57,USD,ACH,0
2026-01-05 08:18:00,0,A85,4,A19,287.38,USD,287.38,USD,ACH,0
2026-01-05 08:19:00,2,A97,2,A152,1765.96,USD,1765.96,USD,ACH,0
2026-01-05 08:19:00,0,A100,2,A7,582.57,USD,582.57,USD,ACH,0
2026-01-05 08:20:00,3,A18,4,A259,195.41,USD,195.41,USD,ACH,0
2026-01-05 08:21:00,3,A93,3,A273,216.76,USD,216.76,USD,ACH,0
2026-01-05 08:23:00,0,A25,1,A226,100.29,USD,100.29,USD,ACH,0
2026-01-05 08:23:00,2,A137,2,A27,374.36,USD,374.36,USD,ACH,0
2026-01-05 08:23:00,3,A188,4,A264,906.13,USD,906.13,USD,ACH,0
2026-01-05 08:24:00,1,A16,3,A268,151.28,USD,151.28,USD,ACH,0
2026-01-05 08:24:00,1,A46,3,A278,509.97,USD,509.97,USD,ACH,0
2026-01-05 08:25:00,2,A52,1,A11,185.64,USD,185.64,USD,ACH,0
2026-01-05 08:25:00,3,A178,3,A13,280.59,USD,280.59,USD,ACH,0
2026-01-05 08:29:00,2,A297,0,A270,5830.46,USD,5830.46,USD,ACH,0
2026-01-05 08:30:00,4,A119,3,A243,986.88,USD,986.88,USD,ACH,0
2026-01-05 08:31:00,0,A15,2,A267,322.62,USD,322.62,USD,ACH,0
2026-01-05 08:33:00,3,A128,3,A198,873.63,USD,873.63,USD,ACH,1
2026-01-05 08:34:00,3,A43,3,A238,492.97,USD,492.97,USD,ACH,0
2026-01-05 08:35:00,1,A171,2,A282,260.39,USD,260.39,USD,ACH,0
2026-01-05 08:36:00,0,A95,2,A192,216.1,USD,216.1,USD,ACH,0
2026-01-05 08:36:00,2,A227,4,A54,110.65,USD,110.65,USD,ACH,0
2026-01-05 08:36:00,1,A236,2,A37,368.23,USD,368.23,USD,ACH,0
2026-01-05 08:36:00,0,A290,1,A266,69.31,USD,69.31,USD,ACH,0
2026-01-05 08:37:00,3,A68,1,A276,94.47,USD,94.47,USD,ACH,0
2026-01-05 08:38:00,2,A287,3,A13,763.79,USD,763.79,USD,ACH,0
2026-01-05 08:40:00,3,A218,2,A292,420.63,USD,420.63,USD,ACH,0
2026-01-05 08:41:00,2,A167,1,A81,373.21,USD,373.21,USD,ACH,0
2026-01-05 08:42:00,1,A121,4,A114,195.2,USD,195.2,USD,ACH,0
2026-01-05 08:43:00,1,A46,2,A287,890.22,USD,890.22,USD,ACH,0
2026-01-05 08:46:00,4,A149,3,A58,2117.97,USD,2117.97,USD,ACH,0
2026-01-05 08:48:00,3,A48,0,A235,178.96,USD,178.96,USD,ACH,0
2026-01-05 08:49:00,2,A132,4,A149,130.0,USD,130.0,USD,ACH,0
2026-01-05 08:49:00,4,A139,1,A21,907.49,USD,907.49,USD,ACH,0
2026-01-05 08:49:00,0,A155,3,A43,639.07,USD,639.07,USD,ACH,0
2026-01-05 08:49:00,4,A189,2,A77,526.18,USD,526.18,USD,ACH,0
2026-01-05 08:49:00,4,A234,2,A282,134.79,USD,134.79,USD,ACH,0
2026-01-05 08:52:00,3,A143,0,A80,398.39,USD,398.39,USD,ACH,0
2026-01-05 08:55:00,1,A281,4,A259,132.23,USD,132.23,USD,ACH,0
2026-01-05 08:56:00,3,A213,3,A283,173.67,USD,173.67,USD,ACH,0
2026-01-05 08:58:00,0,A150,0,A155,1144.16,USD,1144.16,USD,ACH,0
2026-01-05 09:02:00,0,A250,4,A214,396.96,USD,396.96,USD,ACH,0
2026-01-05 09:03:00,1,A256,1,A291,393.9,USD,393.9,USD,ACH,0
2026-01-05 09:05:00,4,A124,0,A40,546.13,USD,546.13,USD,ACH,0
2026-01-05 09:05:00,4,A179,4,A264,315.29,USD,315.29,USD,ACH,0
2026-01-05 09:06:00,2,A22,0,A250,187.87,USD,187.87,USD,ACH,0
2026-01-05 09:08:00,0,A95,3,A33,1114.56,USD,1114.56,USD,ACH,0
2026-01-05 09:09:00,0,A90,1,A126,1246.18,USD,1246.18,USD,ACH,0
2026-01-05 09:09:00,0,A135,3,A103,77.89,USD,77.89,USD,ACH,0
2026-01-05 09:10:00,2,A92,2,A137,180.09,USD,180.09,USD,ACH,0
2026-01-05 09:11:00,3,A158,2,A267,837.8,USD,837.8,USD,ACH,0
2026-01-05 09:14:00,3,A243,2,A252,206.85,USD,206.85,USD,ACH,0
2026-01-05 09:15:00,4,A159,0,A180,354.83,USD,354.83,USD,ACH,0
2026-01-05 09:15:00,3,A263,3,A243,195.18,USD,195.18,USD,ACH,0
2026-01-05 09:16:00,1,A101,4,A79,507.99,USD,507.99,USD,ACH,0
2026-01-05 09:19:00,2,A152,2,A182,572.65,USD,572.65,USD,ACH,0
2026-01-05 09:22:00,3,A233,4,A169,534.27,USD,534.27,USD,ACH,1
2026-01-05 09:24:00,4,A54,1,A76,197.67,USD,197.67,USD,ACH,0
2026-01-05 09:24:00,3,A238,3,A298,476.17,USD,476.17,USD,ACH,0
2026-01-05 09:26:00,2,A262,2,A17,366.56,USD,366.56,USD,ACH,0
2026-01-05 09:27:00,1,A16,2,A292,809.44,USD,809.44,USD,ACH,0
2026-01-05 09:27:00,2,A47,0,A265,336.47,USD,336.47,USD,ACH,0
2026-01-05 09:28:00,1,A281,1,A121,152.99,USD,152.99,USD,ACH,0
2026-01-05 09:29:00,4,A179,0,A85,637.96,USD,637.96,USD,ACH,0
2026-01-05 09:29:00,2,A222,2,A12,395.77,USD,395.77,USD,ACH,0
2026-01-05 09:30:00,2,A27,2,A102,1757.74,USD,1757.74,USD,ACH,0
2026-01-05 09:30:00,4,A84,1,A86,239.77,USD,239.77,USD,ACH,0
2026-01-05 09:30:00,1,A91,3,A53,357.64,USD,357.64,USD,ACH,0
2026-01-05 09:33:00,4,A49,3,A178,1554.02,USD,1554.02,USD,ACH,0
2026-01-05 09:33:00,3,A218,3,A223,359.4,USD,359.4,USD,ACH,0
2026-01-05 09:35:00,2,A202,1,A161,446.29,USD,446.29,USD,ACH,0
2026-01-05 09:37:00,4,A109,1,A81,556.39,USD,556.39,USD,ACH,0
2026-01-05 09:38:00,1,A236,2,A192,263.1,USD,263.1,USD,ACH,0
2026-01-05 09:39:00,2,A62,3,A163,237.4,USD,237.4,USD,ACH,0
2026-01-05 09:39:00,1,A96,1,A271,555.53,USD,555.53,USD,ACH,0
2026-01-05 09:40:00,4,A184,3,A278,169.67,USD,169.67,USD,ACH,0
2026-01-05 09:42:00,0,A105,3,A103,142.01,USD,142.01,USD,ACH,0
2026-01-05 09:44:00,2,A132,4,A174,322.01,USD,322.01,USD,ACH,0
2026-01-05 09:45:00,1,A31,4,A19,468.93,USD,468.93,USD,ACH,0
2026-01-05 09:47:00,1,A131,1,A111,482.74,USD,482.74,USD,ACH,0
2026-01-05 09:47:00,3,A178,3,A163,1743.47,USD,1743.47,USD,ACH,0
2026-01-05 09:49:00,2,A2,0,A25,415.57,USD,415.57,USD,ACH,0
2026-01-05 09:52:00,3,A233,2,A132,504.78,USD,504.78,USD,ACH,0
2026-01-05 09:53:00,4,A174,3,A203,934.42,USD,934.42,USD,ACH,0
2026-01-05 09:56:00,3,A108,0,A20,381.22,USD,381.22,USD,ACH,0
2026-01-05 09:56:00,4,A184,2,A267,345.02,USD,345.02,USD,ACH,0
2026-01-05 09:58:00,0,A0,0,A105,152.43,USD,152.43,USD,ACH,0
2026-01-05 09:58:00,0,A205,4,A244,386.17,USD,386.17,USD,ACH,0
2026-01-05 10:00:00,2,A82,3,A73,507.97,USD,507.97,USD,ACH,0
2026-01-05 10:01:00,2,A262,3,A183,182.82,USD,182.82,USD,ACH,0
2026-01-05 10:03:00,3,A288,2,A117,365.78,USD,365.78,USD,ACH,0
2026-01-05 10:04:00,1,A76,2,A222,328.19,USD,328.19,USD,ACH,1
2026-01-05 10:05:00,4,A134,3,A268,389.36,USD,389.36,USD,ACH,0
2026-01-05 10:08:00,4,A139,4,A109,294.64,USD,294.64,USD,ACH,0
2026-01-05 10:10:00,0,A275,3,A173,989.05,USD,989.05,USD,ACH,0
2026-01-05 10:12:00,0,A295,2,A282,694.99,USD,694.99,USD,ACH,0
2026-01-05 10:13:00,4,A244,2,A102,640.06,USD,640.06,USD,ACH,0
2026-01-05 10:18:00,4,A144,3,A123,837.87,USD,837.87,USD,ACH,0
2026-01-05 10:19:00,3,A298,2,A262,139.6,USD,139.6,USD,ACH,0
2026-01-05 10:25:00,0,A170,2,A152,289.89,USD,289.89,USD,ACH,0
2026-01-05 10:30:00,3,A33,2,A27,175.2,USD,175.2,USD,ACH,0
2026-01-05 10:32:00,3,A213,1,A61,636.52,USD,636.52,USD,ACH,0
2026-01-05 10:32:00,3,A268,2,A12,2302.56,USD,2302.56,USD,ACH,0
2026-01-05 10:33:00,0,A155,1,A6,837.78,USD,837.78,USD,ACH,0
2026-01-05 10:34:00,1,A51,4,A189,116.77,USD,116.77,USD,ACH,0
2026-01-05 10:38:00,2,A72,0,A245,214.2,USD,214.2,USD,ACH,0
2026-01-05 10:38:00,0,A245,1,A276,521.93,USD,521.93,USD,ACH,0
2026-01-05 10:39:00,4,A159,2,A147,289.97,USD,289.97,USD,ACH,0
2026-01-05 10:40:00,3,A198,4,A49,1268.48,USD,1268.48,USD,ACH,0
2026-01-05 10:41:00,4,A214,1,A36,148.48,USD,148.48,USD,ACH,0
2026-01-05 10:42:00,1,A66,1,A36,963.84,USD,963.84,USD,ACH,0
2026-01-05 10:42:00,4,A169,1,A136,352.41,USD,352.41,USD,ACH,0
2026-01-05 10:43:00,2,A142,2,A267,366.09,USD,366.09,USD,ACH,0
2026-01-05 10:44:00,3,A123,0,A45,319.96,USD,319.96,USD,ACH,0
2026-01-05 10:46:00,2,A177,2,A107,210.94,USD,210.94,USD,ACH,0
2026-01-05 10:47:00,4,A9,1,A291,194.34,USD,194.34,USD,ACH,0
2026-01-05 10:48:00,3,A293,4,A144,617.84,USD,617.84,USD,ACH,0
2026-01-05 10:49:00,1,A166,2,A17,1147.73,USD,1147.73,USD,ACH,0
2026-01-05 10:50:00,4,A39,2,A177,546.76,USD,546.76,USD,ACH,0
2026-01-05 10:50:00,4,A219,3,A153,333.6,USD,333.6,USD,ACH,0
2026-01-05 10:50:00,0,A230,1,A281,134.06,USD,134.06,USD,ACH,0
2026-01-05 10:52:00,1,A246,0,A80,1532.3,USD,1532.3,USD,ACH,1
2026-01-05 10:53:00,1,A11,4,A244,695.15,USD,695.15,USD,ACH,0
2026-01-05 10:53:00,3,A223,2,A222,705.54,USD,705.54,USD,ACH,0
2026-01-05 10:53:00,2,A267,0,A15,209.41,USD,209.41,USD,ACH,0
2026-01-05 10:54:00,4,A64,3,A98,567.57,USD,567.57,USD,ACH,0
2026-01-05 10:54:00,0,A195,3,A173,2329.37,USD,2329.37,USD,ACH,0
2026-01-05 10:56:00,2,A37,0,A210,700.69,USD,700.69,USD,ACH,0
2026-01-05 10:57:00,0,A75,4,A174,126.59,USD,126.59,USD,ACH,0
2026-01-05 10:58:00,0,A200,3,A148,586.85,USD,586.85,USD,ACH,0
2026-01-05 10:58:00,2,A217,1,A181,403.76,USD,403.76,USD,ACH,0
2026-01-05 11:00:00,1,A21,0,A270,159.21,USD,159.21,USD,ACH,0
2026-01-05 11:03:00,3,A103,4,A84,265.54,USD,265.54,USD,ACH,0
2026-01-05 11:03:00,2,A247,4,A264,152.31,USD,152.31,USD,ACH,0
2026-01-05 11:12:00,2,A122,3,A223,131.86,USD,131.86,USD,ACH,0
2026-01-05 11:13:00,2,A147,2,A297,927.27,USD,927.27,USD,ACH,0
2026-01-05 11:14:00,0,A40,1,A261,104.89,USD,104.89,USD,ACH,0
2026-01-05 11:14:00,1,A161,0,A185,425.01,USD,425.01,USD,ACH,0
2026-01-05 11:17:00,1,A206,4,A204,655.61,USD,655.61,USD,ACH,0
2026-01-05 11:20:00,0,A45,2,A152,316.47,USD,316.47,USD,ACH,0
2026-01-05 11:21:00,1,A201,0,A15,318.49,USD,318.49,USD,ACH,0
2026-01-05 11:23:00,3,A123,4,A184,1180.85,USD,1180.85,USD,ACH,0
2026-01-05 11:25:00,2,A127,3,A138,167.41,USD,167.41,USD,ACH,0
2026-01-05 11:28:00,4,A154,2,A192,242.76,USD,242.76,USD,ACH,0
2026-01-05 11:28:00,0,A180,3,A278,175.58,USD,175.58,USD,ACH,1
2026-01-05 11:33:00,1,A141,2,A97,73.37,USD,73.37,USD,ACH,0
2026-01-05 11:34:00,2,A92,1,A291,1096.36,USD,1096.36,USD,ACH,0
2026-01-05 11:34:00,4,A129,2,A167,661.82,USD,661.82,USD,ACH,0
2026-01-05 11:34:00,4,A199,3,A13,1327.25,USD,1327.25,USD,ACH,0
2026-01-05 11:36:00,0,A10,2,A212,180.92,USD,180.92,USD,ACH,0
2026-01-05 11:36:00,0,A35,1,A201,231.26,USD,231.26,USD,ACH,0
2026-01-05 11:37:00,3,A148,0,A250,538.99,USD,538.99,USD,ACH,0
2026-01-05 11:38:00,0,A30,1,A111,257.43,USD,257.43,USD,ACH,0
2026-01-05 11:39:00,4,A119,4,A294,1280.29,USD,1280.29,USD,ACH,0
2026-01-05 11:41:00,0,A110,4,A119,239.45,USD,239.45,USD,ACH,0
2026-01-05 11:42:00,1,A26,1,A136,420.67,USD,420.67,USD,ACH,1
2026-01-05 11:42:00,4,A29,4,A44,929.15,USD,929.15,USD,ACH,0
2026-01-05 11:43:00,1,A36,3,A188,969.86,USD,969.86,USD,ACH,0
2026-01-05 11:44:00,3,A3,0,A100,1374.6,USD,1374.6,USD,ACH,0
2026-01-05 11:44:00,0,A130,2,A202,343.58,USD,343.58,USD,ACH,0
2026-01-05 11:45:00,4,A4,0,A255,243.18,USD,243.18,USD,ACH,0
2026-01-05 11:45:00,1,A106,3,A108,380.71,USD,380.71,USD,ACH,0
2026-01-05 11:45:00,2,A242,3,A243,491.03,USD,491.03,USD,ACH,0
2026-01-05 11:46:00,2,A17,0,A60,1446.45,USD,1446.45,USD,ACH,0
2026-01-05 11:46:00,0,A145,2,A157,217.23,USD,217.23,USD,ACH,0
2026-01-05 11:47:00,3,A118,3,A188,315.8,USD,315.8,USD,ACH,0
2026-01-05 11:50:00,2,A52,3,A148,576.58,USD,576.58,USD,ACH,0
2026-01-05 11:50:00,3,A78,3,A293,1264.67,USD,1264.67,USD,ACH,0
2026-01-05 11:50:00,0,A120,1,A71,208.88,USD,208.88,USD,ACH,0
2026-01-05 11:51:00,1,A171,1,A246,292.92,USD,292.92,USD,ACH,0
2026-01-05 11:51:00,2,A217,2,A187,1785.85,USD,1785.85,USD,ACH,0
2026-01-05 11:52:00,3,A28,4,A214,402.08,USD,402.08,USD,ACH,0
2026-01-05 11:52:00,2,A67,3,A193,162.29,USD,162.29,USD,ACH,0
2026-01-05 11:52:00,4,A174,1,A216,781.75,USD,781.75,USD,ACH,0
2026-01-05 11:53:00,2,A147,4,A29,531.79,USD,531.79,USD,ACH,0
2026-01-05 11:53:00,0,A260,3,A88,137.37,USD,137.37,USD,ACH,1
2026-01-05 11:54:00,4,A209,1,A276,625.6,USD,625.6,USD,ACH,0
2026-01-05 11:54:00,4,A299,4,A74,956.0,USD,956.0,USD,ACH,0
2026-01-05 11:55:00,1,A176,4,A144,532.66,USD,532.66,USD,ACH,0
2026-01-05 11:57:00,0,A80,0,A235,236.68,USD,236.68,USD,ACH,0
2026-01-05 11:59:00,3,A88,3,A148,346.38,USD,346.38,USD,ACH,0
2026-01-05 11:59:00,0,A120,4,A119,485.71,USD,485.71,USD,ACH,0
2026-01-05 12:00:00,4,A79,2,A72,1475.02,USD,1475.02,USD,Wire,0
2026-01-05 12:00:00,4,A164,2,A157,2593.14,USD,2593.14,USD,Wire,0
2026-01-05 12:01:00,2,A142,0,A135,2001.4,USD,2001.4,USD,Wire,0
2026-01-05 12:01:00,4,A239,2,A232,1501.0,USD,1501.0,USD,Wire,0
2026-01-05 12:01:00,0,A245,3,A238,2823.25,USD,2823.25,USD,Wire,0
2026-01-05 12:02:00,0,A30,3,A23,1731.39,USD,1731.39,USD,Wire,0
2026-01-05 12:02:00,1,A181,4,A174,1987.6,USD,1987.6,USD,Wire,0
2026-01-05 12:02:00,1,A271,4,A264,2285.25,USD,2285.25,USD,Wire,0
2026-01-05 12:02:00,0,A0,3,A293,1688.44,USD,1688.44,USD,Wire,0
2026-01-05 12:03:00,3,A38,0,A140,536.97,USD,536.97,USD,ACH,0
2026-01-05 12:03:00,1,A46,4,A39,2968.8,USD,2968.8,USD,Wire,0
2026-01-05 12:03:00,0,A65,3,A58,2672.97,USD,2672.97,USD,Wire,0
2026-01-05 12:03:00,3,A113,1,A106,2634.4,USD,2634.4,USD,Wire,0
2026-01-05 12:03:00,0,A260,3,A253,1880.63,USD,1880.63,USD,Wire,0
2026-01-05 12:04:00,2,A32,0,A25,2159.76,USD,2159.76,USD,Wire,0
2026-01-05 12:04:00,4,A64,2,A57,2848.52,USD,2848.52,USD,Wire,0
2026-01-05 12:04:00,2,A102,0,A95,2236.71,USD,2236.71,USD,Wire,0
2026-01-05 12:04:00,4,A224,2,A217,2495.21,USD,2495.21,USD,Wire,0
2026-01-05 12:04:00,2,A227,0,A220,1309.31,USD,1309.31,USD,Wire,0
2026-01-05 12:05:00,4,A69,4,A239,264.97,USD,264.97,USD,ACH,0
2026-01-05 12:05:00,0,A170,3,A93,424.74,USD,424.74,USD,ACH,0
2026-01-05 12:05:00,3,A228,1,A221,1559.14,USD,1559.14,USD,Wire,0
2026-01-05 12:05:00,4,A284,2,A277,2890.51,USD,2890.51,USD,Wire,0
2026-01-05 12:06:00,2,A57,0,A50,1301.32,USD,1301.32,USD,Wire,0
2026-01-05 12:06:00,2,A152,2,A147,317.62,USD,317.62,USD,ACH,0
2026-01-05 12:07:00,1,A131,4,A124,2149.84,USD,2149.84,USD,Wire,0
2026-01-05 12:07:00,4,A154,2,A147,2803.35,USD,2803.35,USD,Wire,0
2026-01-05 12:07:00,1,A261,4,A254,2215.35,USD,2215.35,USD,Wire,0
2026-01-05 12:09:00,1,A96,4,A89,2954.75,USD,2954.75,USD,Wire,0
2026-01-05 12:09:00,4,A104,2,A97,2769.31,USD,2769.31,USD,Wire,0
2026-01-05 12:09:00,4,A164,2,A132,390.26,USD,390.26,USD,ACH,0
2026-01-05 12:09:00,3,A283,1,A276,2236.93,USD,2236.93,USD,Wire,0
2026-01-05 12:10:00,3,A153,1,A146,2218.77,USD,2218.77,USD,Wire,0
2026-01-05 12:10:00,0,A185,3,A178,2778.94,USD,2778.94,USD,Wire,0
2026-01-05 12:10:00,4,A204,2,A197,2826.24,USD,2826.24,USD,Wire,0
2026-01-05 12:10:00,1,A206,4,A199,2893.3,USD,2893.3,USD,Wire,0
2026-01-05 12:11:00,1,A16,4,A9,3074.23,USD,3074.23,USD,Wire,0
2026-01-05 12:11:00,2,A77,0,A70,1059.11,USD,1059.11,USD,Wire,0
2026-01-05 12:11:00,3,A183,1,A176,2310.26,USD,2310.26,USD,Wire,0
2026-01-05 12:12:00,1,A146,4,A139,2926.41,USD,2926.41,USD,Wire,0
2026-01-05 12:12:00,1,A246,4,A239,2968.66,USD,2968.66,USD,Wire,0
2026-01-05 12:13:00,3,A63,1,A56,2587.54,USD,2587.54,USD,Wire,0
2026-01-05 12:13:00,2,A252,0,A245,2430.98,USD,2430.98,USD,Wire,0
2026-01-05 12:15:00,0,A160,1,A36,225.12,USD,225.12,USD,ACH,0
2026-01-05 12:15:00,1,A186,4,A179,3073.06,USD,3073.06,USD,Wire,0
2026-01-05 12:15:00,1,A191,0,A165,218.09,USD,218.09,USD,ACH,0
2026-01-05 12:15:00,0,A225,4,A264,434.65,USD,434.65,USD,ACH,0
2026-01-05 12:17:00,4,A279,3,A78,530.84,USD,530.84,USD,ACH,0
2026-01-05 12:19:00,4,A299,4,A219,778.01,USD,778.01,USD,ACH,0
2026-01-05 12:20:00,2,A72,0,A85,1384.41,USD,1384.41,USD,Wire,0
2026-01-05 12:20:00,2,A157,0,A170,2493.67,USD,2493.67,USD,Wire,0
2026-01-05 12:20:00,2,A287,4,A284,418.93,USD,418.93,USD,ACH,0
2026-01-05 12:21:00,4,A129,2,A262,846.98,USD,846.98,USD,ACH,0
2026-01-05 12:21:00,0,A135,3,A148,1848.32,USD,1848.32,USD,Wire,0
2026-01-05 12:21:00,2,A232,0,A245,1388.47,USD,1388.47,USD,Wire,0
2026-01-05 12:21:00,3,A238,1,A251,2724.63,USD,2724.63,USD,Wire,0
2026-01-05 12:22:00,3,A23,1,A36,1706.08,USD,1706.08,USD,Wire,0
2026-01-05 12:22:00,3,A103,4,A74,256.74,USD,256.74,USD,ACH,0
2026-01-05 12:22:00,4,A174,2,A187,1798.86,USD,1798.86,USD,Wire,0
2026-01-05 12:22:00,3,A193,2,A237,290.84,USD,290.84,USD,ACH,0
2026-01-05 12:22:00,4,A264,2,A277,2247.6,USD,2247.6,USD,Wire,0
2026-01-05 12:22:00,3,A293,1,A6,1627.36,USD,1627.36,USD,Wire,0
2026-01-05 12:23:00,4,A39,2,A52,2838.74,USD,2838.74,USD,Wire,0
2026-01-05 12:23:00,3,A58,1,A71,2576.74,USD,2576.74,USD,Wire,0
2026-01-05 12:23:00,1,A106,4,A119,2448.04,USD,2448.04,USD,Wire,0
2026-01-05 12:23:00,3,A253,1,A266,1749.06,USD,1749.06,USD,Wire,0
2026-01-05 12:24:00,0,A25,3,A38,1991.15,USD,1991.15,USD,Wire,0
2026-01-05 12:24:00,2,A57,0,A70,2800.23,USD,2800.23,USD,Wire,0
2026-01-05 12:24:00,1,A81,3,A98,127.84,USD,127.84,USD,ACH,0
2026-01-05 12:24:00,0,A95,3,A108,2124.48,USD,2124.48,USD,Wire,0
2026-01-05 12:24:00,2,A217,0,A230,2259.82,USD,2259.82,USD,Wire,0
2026-01-05 12:24:00,0,A220,3,A233,1238.59,USD,1238.59,USD,Wire,0
2026-01-05 12:25:00,2,A57,4,A129,274.72,USD,274.72,USD,ACH,0
2026-01-05 12:25:00,2,A172,1,A271,319.12,USD,319.12,USD,ACH,0
2026-01-05 12:25:00,1,A221,4,A234,1537.98,USD,1537.98,USD,Wire,0
2026-01-05 12:25:00,2,A277,0,A290,2612.85,USD,2612.85,USD,Wire,0
2026-01-05 12:25:00,3,A293,1,A236,173.82,USD,173.82,USD,ACH,0
2026-01-05 12:26:00,0,A50,3,A63,1180.21,USD,1180.21,USD,Wire,0
2026-01-05 12:26:00,2,A142,0,A135,618.97,USD,618.97,USD,ACH,0
2026-01-05 12:26:00,1,A226,4,A84,374.95,USD,374.95,USD,ACH,0
2026-01-05 12:27:00,4,A124,2,A137,1967.01,USD,1967.01,USD,Wire,0
2026-01-05 12:27:00,2,A147,0,A160,2726.36,USD,2726.36,USD,Wire,0
2026-01-05 12:27:00,4,A254,2,A267,2133.28,USD,2133.28,USD,Wire,0
2026-01-05 12:28:00,2,A107,3,A73,1952.98,USD,1952.98,USD,ACH,0
2026-01-05 12:28:00,4,A274,3,A288,371.13,USD,371.13,USD,ACH,0
2026-01-05 12:28:00,1,A296,3,A3,94.04,USD,94.04,USD,ACH,0
2026-01-05 12:29:00,4,A89,2,A102,2803.49,USD,2803.49,USD,Wire,0
2026-01-05 12:29:00,2,A97,0,A110,2593.79,USD,2593.79,USD,Wire,0
2026-01-05 12:29:00,1,A276,4,A289,2214.3,USD,2214.3,USD,Wire,0
2026-01-05 12:30:00,1,A146,4,A159,2134.05,USD,2134.05,USD,Wire,0
2026-01-05 12:30:00,3,A178,1,A191,2733.8,USD,2733.8,USD,Wire,0
2026-01-05 12:30:00,2,A197,0,A210,2611.87,USD,2611.87,USD,Wire,0
2026-01-05 12:30:00,4,A199,2,A212,2802.26,USD,2802.26,USD,Wire,0
2026-01-05 12:30:00,0,A220,3,A208,145.82,USD,145.82,USD,ACH,0
2026-01-05 12:31:00,4,A9,2,A22,2876.08,USD,2876.08,USD,Wire,0
2026-01-05 12:31:00,0,A70,3,A83,975.66,USD,975.66,USD,Wire,0
2026-01-05 12:31:00,1,A176,4,A189,2137.41,USD,2137.41,USD,Wire,0
2026-01-05 12:32:00,4,A139,2,A152,2772.98,USD,2772.98,USD,Wire,0
2026-01-05 12:32:00,4,A239,2,A252,2815.04,USD,2815.04,USD,Wire,0
2026-01-05 12:33:00,1,A56,4,A69,2503.53,USD,2503.53,USD,Wire,0
2026-01-05 12:33:00,4,A84,3,A43,276.29,USD,276.29,USD,ACH,0
2026-01-05 12:33:00,0,A245,3,A258,2192.78,USD,2192.78,USD,Wire,0
2026-01-05 12:33:00,1,A246,1,A11,2759.63,USD,2759.63,USD,ACH,0
2026-01-05 12:34:00,2,A267,1,A281,175.0,USD,175.0,USD,ACH,0
2026-01-05 12:34:00,0,A275,4,A184,636.42,USD,636.42,USD,ACH,0
2026-01-05 12:35:00,0,A50,1,A141,229.99,USD,229.99,USD,ACH,0
2026-01-05 12:35:00,4,A179,2,A192,3035.81,USD,3035.81,USD,Wire,0
2026-01-05 12:36:00,0,A65,1,A6,760.98,USD,760.98,USD,ACH,0
2026-01-05 12:36:00,2,A162,1,A11,336.74,USD,336.74,USD,ACH,0
2026-01-05 12:36:00,2,A257,1,A246,643.24,USD,643.24,USD,ACH,0
2026-01-05 12:37:00,4,A19,4,A44,232.74,USD,232.74,USD,ACH,1
2026-01-05 12:38:00,0,A20,1,A41,194.92,USD,194.92,USD,ACH,0
2026-01-05 12:38:00,0,A35,3,A178,308.5,USD,308.5,USD,ACH,0
2026-01-05 12:40:00,4,A34,2,A67,249.15,USD,249.15,USD,ACH,0
2026-01-05 12:40:00,0,A175,2,A217,992.18,USD,992.18,USD,ACH,0
2026-01-05 12:41:00,4,A104,0,A20,117.82,USD,117.82,USD,ACH,0
2026-01-05 12:46:00,1,A111,3,A168,219.61,USD,219.61,USD,ACH,0
2026-01-05 12:46:00,1,A151,1,A106,325.34,USD,325.34,USD,ACH,0
2026-01-05 12:49:00,3,A208,4,A264,394.26,USD,394.26,USD,ACH,0
2026-01-05 12:49:00,0,A240,4,A174,252.05,USD,252.05,USD,ACH,0
2026-01-05 12:53:00,4,A109,2,A212,574.99,USD,574.99,USD,ACH,0
2026-01-05 12:53:00,3,A273,4,A189,409.12,USD,409.12,USD,ACH,0
2026-01-05 12:55:00,4,A49,3,A273,1150.51,USD,1150.51,USD,ACH,0
2026-01-05 12:55:00,3,A143,0,A35,573.27,USD,573.27,USD,ACH,0
2026-01-05 12:56:00,2,A192,4,A259,681.41,USD,681.41,USD,ACH,0
2026-01-05 12:56:00,2,A197,4,A224,338.39,USD,338.39,USD,ACH,0
2026-01-05 12:59:00,2,A37,0,A285,588.17,USD,588.17,USD,ACH,0
2026-01-05 13:01:00,4,A44,0,A220,363.94,USD,363.94,USD,ACH,0
2026-01-05 13:05:00,1,A136,3,A13,316.19,USD,316.19,USD,ACH,0
2026-01-05 13:05:00,2,A252,0,A70,873.95,USD,873.95,USD,ACH,0
2026-01-05 13:07:00,1,A91,3,A23,271.34,USD,271.34,USD,ACH,0
2026-01-05 13:07:00,3,A98,0,A150,281.26,USD,281.26,USD,ACH,0
2026-01-05 13:11:00,3,A98,4,A244,3824.08,USD,3824.08,USD,ACH,0
2026-01-05 13:12:00,2,A107,2,A7,722.06,USD,722.06,USD,ACH,0
2026-01-05 13:14:00,2,A297,3,A243,373.69,USD,373.69,USD,ACH,0
2026-01-05 13:15:00,0,A285,0,A230,591.39,USD,591.39,USD,ACH,0
2026-01-05 13:19:00,2,A32,0,A270,831.52,USD,831.52,USD,ACH,0
2026-01-05 13:20:00,3,A133,0,A210,280.3,USD,280.3,USD,ACH,0
2026-01-05 13:20:00,4,A189,4,A4,756.35,USD,756.35,USD,ACH,0
2026-01-05 13:21:00,4,A284,1,A31,216.65,USD,216.65,USD,ACH,0
2026-01-05 13:22:00,2,A242,2,A42,1570.8,USD,1570.8,USD,ACH,0
2026-01-05 13:24:00,0,A135,2,A157,373.96,USD,373.96,USD,ACH,0
2026-01-05 13:27:00,1,A6,0,A215,229.29,USD,229.29,USD,ACH,0
2026-01-05 13:27:00,3,A248,0,A180,1077.42,USD,1077.42,USD,ACH,0
2026-01-05 13:27:00,0,A290,0,A150,578.2,USD,578.2,USD,ACH,0
2026-01-05 13:28:00,1,A81,0,A285,140.48,USD,140.48,USD,ACH,0
2026-01-05 13:28:00,1,A161,4,A214,593.24,USD,593.24,USD,ACH,0
2026-01-05 13:28:00,1,A251,1,A1,84.97,USD,84.97,USD,ACH,0
2026-01-05 13:28:00,3,A253,4,A224,282.6,USD,282.6,USD,ACH,0
2026-01-05 13:29:00,3,A58,1,A86,136.58,USD,136.58,USD,ACH,0
2026-01-05 13:30:00,1,A116,4,A289,867.04,USD,867.04,USD,ACH,0
2026-01-05 13:33:00,1,A196,3,A263,534.99,USD,534.99,USD,ACH,0
2026-01-05 13:35:00,4,A24,4,A4,269.08,USD,269.08,USD,ACH,0
2026-01-05 13:39:00,2,A207,1,A296,408.25,USD,408.25,USD,ACH,0
2026-01-05 13:42:00,4,A14,1,A231,248.27,USD,248.27,USD,ACH,0
2026-01-05 13:42:00,1,A61,0,A255,704.97,USD,704.97,USD,ACH,0
2026-01-05 13:42:00,2,A277,0,A105,1060.44,USD,1060.44,USD,ACH,0
2026-01-05 13:43:00,1,A196,4,A169,468.11,USD,468.11,USD,ACH,0
2026-01-05 13:46:00,1,A146,3,A288,1289.34,USD,1289.34,USD,ACH,0
2026-01-05 13:48:00,4,A39,2,A102,1071.62,USD,1071.62,USD,ACH,0
2026-01-05 13:50:00,3,A23,3,A278,364.58,USD,364.58,USD,ACH,0
2026-01-05 13:53:00,0,A40,3,A23,374.3,USD,374.3,USD,ACH,0
2026-01-05 13:54:00,2,A97,1,A241,439.6,USD,439.6,USD,ACH,0
2026-01-05 13:58:00,3,A278,3,A63,540.68,USD,540.68,USD,ACH,0
2026-01-05 14:01:00,2,A112,1,A271,201.56,USD,201.56,USD,ACH,0
2026-01-05 14:02:00,1,A21,2,A112,199.19,USD,199.19,USD,ACH,0
2026-01-05 14:02:00,3,A83,1,A176,798.53,USD,798.53,USD,ACH,0
2026-01-05 14:04:00,1,A296,1,A81,276.88,USD,276.88,USD,ACH,0
2026-01-05 14:05:00,4,A9,0,A115,636.1,USD,636.1,USD,ACH,0
2026-01-05 14:06:00,4,A149,2,A17,548.9,USD,548.9,USD,ACH,0
2026-01-05 14:06:00,2,A277,2,A82,267.29,USD,267.29,USD,ACH,0
2026-01-05 14:07:00,1,A271,4,A269,225.28,USD,225.28,USD,ACH,0
2026-01-05 14:08:00,1,A106,3,A143,965.1,USD,965.1,USD,ACH,0
2026-01-05 14:08:00,1,A276,3,A298,1167.95,USD,1167.95,USD,ACH,0
2026-01-05 14:10:00,4,A89,1,A221,1110.43,USD,1110.43,USD,ACH,0
2026-01-05 14:11:00,1,A126,1,A56,853.23,USD,853.23,USD,ACH,0
2026-01-05 14:12:00,3,A153,0,A225,79.22,USD,79.22,USD,ACH,0
2026-01-05 14:13:00,1,A286,1,A271,393.13,USD,393.13,USD,ACH,0
2026-01-05 14:16:00,2,A87,3,A218,1078.87,USD,1078.87,USD,ACH,0
2026-01-05 14:16:00,4,A114,1,A271,504.38,USD,504.38,USD,ACH,0
2026-01-05 14:19:00,1,A56,2,A252,357.31,USD,357.31,USD,ACH,0
2026-01-05 14:25:00,0,A70,0,A100,382.7,USD,382.7,USD,ACH,0
2026-01-05 14:28:00,1,A216,0,A30,647.05,USD,647.05,USD,ACH,0
2026-01-05 14:29:00,3,A198,2,A167,626.29,USD,626.29,USD,ACH,0
2026-01-05 14:29:00,2,A237,3,A173,701.1,USD,701.1,USD,ACH,1
2026-01-05 14:30:00,3,A23,3,A78,122.28,USD,122.28,USD,ACH,0
2026-01-05 14:32:00,3,A158,0,A185,606.15,USD,606.15,USD,ACH,0
2026-01-05 14:35:00,4,A214,4,A19,897.25,USD,897.25,USD,ACH,0
2026-01-05 14:36:00,3,A63,3,A163,737.23,USD,737.23,USD,ACH,0
2026-01-05 14:36:00,4,A114,3,A98,252.84,USD,252.84,USD,ACH,0
2026-01-05 14:36:00,1,A136,4,A44,206.16,USD,206.16,USD,ACH,0
2026-01-05 14:37:00,1,A71,3,A23,148.03,USD,148.03,USD,ACH,0
2026-01-05 14:37:00,0,A215,2,A112,670.87,USD,670.87,USD,ACH,0
2026-01-05 14:38:00,4,A259,2,A172,662.48,USD,662.48,USD,ACH,0
2026-01-05 14:40:00,2,A282,2,A77,244.27,USD,244.27,USD,ACH,0
2026-01-05 14:43:00,1,A286,2,A27,635.58,USD,635.58,USD,ACH,0
2026-01-05 14:48:00,1,A56,2,A52,709.3,USD,709.3,USD,ACH,0
2026-01-05 14:50:00,4,A144,2,A2,251.45,USD,251.45,USD,ACH,0
2026-01-05 14:50:00,3,A258,3,A213,874.66,USD,874.66,USD,ACH,1
2026-01-05 14:55:00,3,A188,0,A220,1084.33,USD,1084.33,USD,ACH,0
2026-01-05 14:56:00,4,A224,4,A34,235.3,USD,235.3,USD,ACH,0
2026-01-05 14:56:00,1,A291,4,A124,229.51,USD,229.51,USD,ACH,0
2026-01-05 14:57:00,1,A221,4,A154,347.06,USD,347.06,USD,ACH,1
2026-01-05 15:01:00,4,A89,0,A215,840.38,USD,840.38,USD,ACH,0
2026-01-05 15:03:00,3,A138,4,A159,469.92,USD,469.92,USD,ACH,0
2026-01-05 15:04:00,1,A1,0,A290,375.49,USD,375.49,USD,ACH,0
2026-01-05 15:04:00,3,A58,4,A79,437.18,USD,437.18,USD,ACH,0
2026-01-05 15:05:00,3,A193,2,A212,267.93,USD,267.93,USD,ACH,0
2026-01-05 15:05:00,2,A252,4,A284,277.28,USD,277.28,USD,ACH,0
2026-01-05 15:06:00,2,A207,3,A58,361.6,USD,361.6,USD,ACH,0
2026-01-05 15:07:00,4,A64,4,A149,143.54,USD,143.54,USD,ACH,0
2026-01-05 15:09:00,2,A12,3,A68,115.44,USD,115.44,USD,ACH,0
2026-01-05 15:10:00,2,A47,1,A181,760.8,USD,760.8,USD,ACH,0
2026-01-05 15:10:00,3,A108,0,A30,204.97,USD,204.97,USD,ACH,0
2026-01-05 15:10:00,1,A251,3,A298,245.78,USD,245.78,USD,ACH,0
2026-01-05 15:13:00,2,A42,0,A240,245.28,USD,245.28,USD,ACH,0
2026-01-05 15:15:00,3,A53,1,A196,274.04,USD,274.04,USD,ACH,0
2026-01-05 15:16:00,1,A86,1,A201,223.79,USD,223.79,USD,ACH,0
2026-01-05 15:17:00,4,A19,2,A112,886.18,USD,886.18,USD,ACH,0
2026-01-05 15:18:00,0,A260,1,A71,702.95,USD,702.95,USD,ACH,0
2026-01-05 15:23:00,2,A57,1,A296,1159.31,USD,1159.31,USD,ACH,0
2026-01-05 15:26:00,2,A117,2,A222,578.66,USD,578.66,USD,ACH,1
2026-01-05 15:27:00,0,A60,0,A285,842.31,USD,842.31,USD,ACH,0
2026-01-05 15:27:00,4,A79,2,A202,128.61,USD,128.61,USD,ACH,0
2026-01-05 15:28:00,2,A177,1,A131,598.73,USD,598.73,USD,ACH,0
2026-01-05 15:35:00,4,A209,3,A178,257.89,USD,257.89,USD,ACH,0
2026-01-05 15:37:00,1,A36,1,A141,458.22,USD,458.22,USD,ACH,0
2026-01-05 15:38:00,1,A276,1,A246,522.27,USD,522.27,USD,ACH,0
2026-01-05 15:39:00,0,A30,1,A96,735.33,USD,735.33,USD,ACH,0
2026-01-05 15:46:00,0,A85,1,A106,470.56,USD,470.56,USD,ACH,0
2026-01-05 15:47:00,3,A183,1,A256,943.93,USD,943.93,USD,ACH,0
2026-01-05 15:51:00,2,A77,1,A161,151.28,USD,151.28,USD,ACH,0
2026-01-05 15:53:00,4,A249,3,A78,354.87,USD,354.87,USD,ACH,0
2026-01-05 15:56:00,2,A82,0,A130,548.46,USD,548.46,USD,ACH,0
2026-01-05 15:58:00,1,A86,0,A0,1310.53,USD,1310.53,USD,ACH,0
2026-01-05 15:59:00,4,A239,0,A210,877.49,USD,877.49,USD,ACH,0
2026-01-05 16:01:00,1,A116,2,A37,574.82,USD,574.82,USD,ACH,0
2026-01-05 16:06:00,3,A278,3,A263,316.73,USD,316.73,USD,ACH,0
2026-01-05 16:08:00,0,A265,1,A121,253.88,USD,253.88,USD,ACH,0
2026-01-05 16:08:00,0,A280,4,A14,442.72,USD,442.72,USD,ACH,0
2026-01-05 16:10:00,4,A219,2,A232,1030.57,USD,1030.57,USD,ACH,0
2026-01-05 16:11:00,1,A186,0,A245,377.57,USD,377.57,USD,ACH,0
2026-01-05 16:13:00,4,A59,2,A72,772.46,USD,772.46,USD,ACH,0
2026-01-05 16:14:00,3,A68,4,A144,924.87,USD,924.87,USD,ACH,0
2026-01-05 16:15:00,2,A102,4,A189,310.43,USD,310.43,USD,ACH,0
2026-01-05 16:17:00,2,A172,2,A32,349.94,USD,349.94,USD,ACH,0
2026-01-05 16:20:00,3,A203,1,A101,140.34,USD,140.34,USD,ACH,0
2026-01-05 16:20:00,3,A298,3,A118,1110.7,USD,1110.7,USD,ACH,0
2026-01-05 16:22:00,2,A232,3,A123,105.17,USD,105.17,USD,ACH,0
2026-01-05 16:25:00,3,A38,1,A231,625.68,USD,625.68,USD,ACH,0
2026-01-05 16:28:00,1,A211,2,A142,39.38,USD,39.38,USD,ACH,0
2026-01-05 16:29:00,3,A148,1,A81,1899.95,USD,1899.95,USD,ACH,0
2026-01-05 16:30:00,3,A128,1,A186,379.46,USD,379.46,USD,ACH,0
2026-01-05 16:30:00,2,A167,4,A179,155.77,USD,155.77,USD,ACH,0
2026-01-05 16:31:00,2,A32,3,A273,103.37,USD,103.37,USD,ACH,0
2026-01-05 16:32:00,4,A69,0,A120,317.67,USD,317.67,USD,ACH,0
2026-01-05 16:32:00,1,A231,0,A170,274.92,USD,274.92,USD,ACH,0
2026-01-05 16:34:00,0,A5,1,A196,80.9,USD,80.9,USD,ACH,0
2026-01-05 16:35:00,2,A272,3,A118,90.43,USD,90.43,USD,ACH,0
2026-01-05 16:40:00,1,A26,0,A225,1312.3,USD,1312.3,USD,ACH,1
2026-01-05 16:40:00,2,A212,1,A56,187.15,USD,187.15,USD,ACH,0
2026-01-05 16:40:00,4,A264,0,A240,423.35,USD,423.35,USD,ACH,0
2026-01-05 16:43:00,1,A241,3,A253,207.29,USD,207.29,USD,ACH,0
2026-01-05 16:44:00,1,A156,0,A180,250.88,USD,250.88,USD,ACH,0
2026-01-05 16:46:00,0,A55,2,A37,316.4,USD,316.4,USD,ACH,0
2026-01-05 16:49:00,4,A94,3,A48,338.77,USD,338.77,USD,ACH,0
2026-01-05 16:49:00,4,A194,0,A295,944.69,USD,944.69,USD,ACH,0
2026-01-05 16:51:00,0,A210,0,A80,25.36,USD,25.36,USD,ACH,0
2026-01-05 16:52:00,4,A294,0,A185,1182.06,USD,1182.06,USD,ACH,0
2026-01-05 16:55:00,2,A7,3,A238,3512.63,USD,3512.63,USD,ACH,0
2026-01-05 16:56:00,2,A157,1,A186,274.54,USD,274.54,USD,ACH,0
2026-01-05 16:57:00,0,A125,0,A110,699.72,USD,699.72,USD,ACH,0
2026-01-05 16:57:00,4,A269,1,A186,608.19,USD,608.19,USD,ACH,0
2026-01-05 16:58:00,4,A24,0,A230,198.19,USD,198.19,USD,ACH,0
2026-01-05 16:58:00,3,A113,3,A108,154.94,USD,154.94,USD,ACH,0
2026-01-05 16:58:00,4,A229,4,A169,599.98,USD,599.98,USD,ACH,0
2026-01-05 16:58:00,0,A230,2,A227,251.18,USD,251.18,USD,ACH,0
2026-01-05 16:59:00,4,A99,0,A140,812.53,USD,812.53,USD,ACH,0
2026-01-05 17:01:00,1,A41,4,A19,157.87,USD,157.87,USD,ACH,0
2026-01-05 17:01:00,1,A291,1,A251,240.17,USD,240.17,USD,ACH,0
2026-01-05 17:03:00,0,A50,3,A98,365.77,USD,365.77,USD,ACH,0
2026-01-05 17:04:00,4,A194,4,A234,799.07,USD,799.07,USD,ACH,0
2026-01-05 17:05:00,4,A74,2,A257,295.23,USD,295.23,USD,ACH,0
2026-01-05 17:06:00,0,A165,0,A35,136.42,USD,136.42,USD,ACH,0
2026-01-05 17:07:00,2,A127,4,A174,740.92,USD,740.92,USD,ACH,0
2026-01-05 17:08:00,0,A190,3,A228,173.42,USD,173.42,USD,ACH,0
2026-01-05 17:10:00,2,A42,3,A278,430.06,USD,430.06,USD,ACH,0
2026-01-05 17:14:00,2,A77,2,A32,622.98,USD,622.98,USD,ACH,0
2026-01-05 17:14:00,3,A168,0,A135,292.95,USD,292.95,USD,ACH,0
2026-01-05 17:15:00,2,A257,2,A92,1212.4,USD,1212.4,USD,ACH,0
2026-01-05 17:21:00,3,A8,3,A83,725.93,USD,725.93,USD,ACH,0
2026-01-05 17:22:00,0,A115,0,A105,161.03,USD,161.03,USD,ACH,0
2026-01-05 17:25:00,0,A5,0,A95,587.93,USD,587.93,USD,ACH,0
2026-01-05 17:25:00,4,A254,2,A57,333.9,USD,333.9,USD,ACH,0
2026-01-05 17:25:00,3,A283,1,A111,557.69,USD,557.69,USD,ACH,0
2026-01-05 17:26:00,3,A18,4,A129,769.3,USD,769.3,USD,ACH,0
2026-01-05 17:26:00,3,A118,4,A124,288.97,USD,288.97,USD,ACH,0
2026-01-05 17:27:00,4,A289,0,A275,523.29,USD,523.29,USD,ACH,0
2026-01-05 17:28:00,0,A185,2,A137,231.18,USD,231.18,USD,ACH,0
2026-01-05 17:28:00,1,A266,1,A86,1103.4,USD,1103.4,USD,ACH,0
2026-01-05 17:29:00,4,A59,1,A231,458.08,USD,458.08,USD,ACH,0
2026-01-05 17:32:00,3,A263,1,A226,307.24,USD,307.24,USD,ACH,0
2026-01-05 17:34:00,2,A187,0,A140,781.11,USD,781.11,USD,ACH,0
2026-01-05 17:36:00,1,A261,0,A110,253.22,USD,253.22,USD,ACH,0
2026-01-05 17:37:00,0,A15,0,A235,1605.5,USD,1605.5,USD,ACH,0
2026-01-05 17:40:00,2,A162,1,A156,231.95,USD,231.95,USD,ACH,0
2026-01-05 17:42:00,3,A88,0,A245,197.14,USD,197.14,USD,ACH,0
2026-01-05 17:42:00,1,A241,1,A246,212.6,USD,212.6,USD,ACH,0
2026-01-05 17:43:00,3,A248,0,A175,909.37,USD,909.37,USD,ACH,0
2026-01-05 17:44:00,1,A101,1,A196,891.44,USD,891.44,USD,ACH,0
2026-01-05 17:45:00,2,A227,3,A183,685.22,USD,685.22,USD,ACH,0
2026-01-05 17:47:00,4,A94,2,A42,2154.49,USD,2154.49,USD,ACH,0
2026-01-05 17:48:00,3,A163,1,A146,515.82,USD,515.82,USD,ACH,0
2026-01-05 17:50:00,0,A165,2,A157,249.17,USD,249.17,USD,ACH,0
2026-01-05 17:51:00,4,A99,3,A208,233.75,USD,233.75,USD,ACH,0
2026-01-05 17:51:00,2,A272,3,A208,1056.66,USD,1056.66,USD,ACH,0
2026-01-05 17:53:00,0,A45,0,A85,592.21,USD,592.21,USD,ACH,0
2026-01-05 17:54:00,1,A226,2,A52,808.01,USD,808.01,USD,ACH,0
2026-01-06 08:00:00,2,A17,3,A68,99.95,USD,99.95,USD,ACH,0
2026-01-06 08:00:00,1,A296,4,A109,341.36,USD,341.36,USD,ACH,0
2026-01-06 08:01:00,2,A97,1,A121,1311.54,USD,1311.54,USD,ACH,0
2026-01-06 08:01:00,2,A247,1,A236,778.5,USD,778.5,USD,ACH,0
2026-01-06 08:02:00,3,A163,4,A139,183.73,USD,183.73,USD,ACH,0
2026-01-06 08:04:00,1,A116,3,A198,681.04,USD,681.04,USD,ACH,0
2026-01-06 08:08:00,1,A146,4,A214,487.41,USD,487.41,USD,ACH,0
2026-01-06 08:08:00,3,A253,4,A149,108.43,USD,108.43,USD,ACH,1
2026-01-06 08:09:00,1,A161,3,A273,317.49,USD,317.49,USD,ACH,0
2026-01-06 08:10:00,2,A187,3,A248,195.82,USD,195.82,USD,ACH,0
2026-01-06 08:11:00,3,A13,3,A73,259.31,USD,259.31,USD,ACH,0
2026-01-06 08:13:00,0,A50,1,A206,420.74,USD,420.74,USD,ACH,1
2026-01-06 08:14:00,2,A192,0,A255,202.4,USD,202.4,USD,ACH,0
2026-01-06 08:15:00,3,A133,3,A198,559.89,USD,559.89,USD,ACH,0
2026-01-06 08:16:00,4,A39,1,A76,474.38,USD,474.38,USD,ACH,0
2026-01-06 08:16:00,4,A229,4,A39,287.33,USD,287.33,USD,ACH,0
2026-01-06 08:19:00,3,A78,4,A264,846.33,USD,846.33,USD,ACH,0
2026-01-06 08:21:00,3,A43,0,A20,230.55,USD,230.55,USD,ACH,0
2026-01-06 08:22:00,4,A259,0,A35,384.49,USD,384.49,USD,ACH,0
2026-01-06 08:23:00,3,A18,2,A112,923.86,USD,923.86,USD,ACH,0
2026-01-06 08:23:00,3,A113,2,A57,199.23,USD,199.23,USD,ACH,0
2026-01-06 08:23:00,4,A229,0,A65,942.57,USD,942.57,USD,ACH,0
2026-01-06 08:24:00,0,A165,1,A141,290.1,USD,290.1,USD,ACH,0
2026-01-06 08:24:00,3,A293,0,A235,1029.63,USD,1029.63,USD,ACH,0
2026-01-06 08:25:00,2,A177,4,A44,1408.07,USD,1408.07,USD,ACH,0
2026-01-06 08:28:00,2,A267,3,A178,585.08,USD,585.08,USD,ACH,0
2026-01-06 08:29:00,0,A90,3,A213,452.17,USD,452.17,USD,ACH,0
2026-01-06 08:30:00,2,A132,3,A78,37.94,USD,37.94,USD,ACH,0
2026-01-06 08:34:00,1,A81,4,A44,388.15,USD,388.15,USD,ACH,0
2026-01-06 08:34:00,2,A92,2,A102,572.35,USD,572.35,USD,ACH,0
2026-01-06 08:34:00,4,A209,2,A267,716.21,USD,716.21,USD,ACH,0
2026-01-06 08:34:00,4,A264,3,A163,622.96,USD,622.96,USD,ACH,0
2026-01-06 08:35:00,3,A103,0,A150,127.05,USD,127.05,USD,ACH,0
2026-01-06 08:35:00,0,A135,2,A77,123.2,USD,123.2,USD,ACH,1
2026-01-06 08:35:00,4,A139,4,A154,1127.13,USD,1127.13,USD,ACH,0
2026-01-06 08:35:00,3,A188,2,A2,1573.91,USD,1573.91,USD,ACH,0
2026-01-06 08:37:00,0,A125,2,A227,494.56,USD,494.56,USD,ACH,0
2026-01-06 08:40:00,1,A71,2,A137,183.39,USD,183.39,USD,ACH,0
2026-01-06 08:40:00,2,A287,4,A174,277.54,USD,277.54,USD,ACH,0
2026-01-06 08:41:00,2,A247,0,A45,459.71,USD,459.71,USD,ACH,0
2026-01-06 08:43:00,0,A190,4,A299,180.28,USD,180.28,USD,ACH,0
2026-01-06 08:45:00,2,A67,2,A32,382.94,USD,382.94,USD,ACH,0
2026-01-06 08:47:00,0,A170,0,A80,321.07,USD,321.07,USD,ACH,1
2026-01-06 08:47:00,3,A198,2,A227,385.54,USD,385.54,USD,ACH,0
2026-01-06 08:51:00,2,A27,3,A258,72.6,USD,72.6,USD,ACH,0
2026-01-06 08:51:00,3,A153,3,A3,403.61,USD,403.61,USD,ACH,0
2026-01-06 08:52:00,0,A35,1,A261,447.78,USD,447.78,USD,ACH,0
2026-01-06 08:58:00,4,A49,2,A237,164.15,USD,164.15,USD,ACH,0
2026-01-06 08:59:00,4,A214,1,A151,223.18,USD,223.18,USD,ACH,0
2026-01-06 09:00:00,4,A14,2,A212,500.05,USD,500.05,USD,ACH,0
2026-01-06 09:00:00,4,A19,2,A67,1341.03,USD,1341.03,USD,ACH,0
2026-01-06 09:01:00,3,A248,4,A44,888.66,USD,888.66,USD,ACH,0
2026-01-06 09:05:00,1,A216,4,A184,273.76,USD,273.76,USD,ACH,0
2026-01-06 09:05:00,0,A285,1,A11,115.98,USD,115.98,USD,ACH,0
2026-01-06 09:07:00,3,A33,4,A64,772.1,USD,772.1,USD,ACH,0
2026-01-06 09:07:00,0,A125,1,A51,1161.69,USD,1161.69,USD,ACH,0
2026-01-06 09:07:00,1,A261,2,A252,163.81,USD,163.81,USD,ACH,1
2026-01-06 09:08:00,4,A134,2,A17,555.91,USD,555.91,USD,ACH,0
2026-01-06 09:08:00,2,A152,3,A248,128.58,USD,128.58,USD,ACH,0
2026-01-06 09:09:00,1,A251,0,A90,93.44,USD,93.44,USD,ACH,0
2026-01-06 09:15:00,2,A72,3,A138,247.32,USD,247.32,USD,ACH,0
2026-01-06 09:18:00,0,A80,1,A141,521.22,USD,521.22,USD,ACH,0
2026-01-06 09:19:00,2,A97,3,A163,244.29,USD,244.29,USD,ACH,0
2026-01-06 09:20:00,4,A194,4,A259,1296.1,USD,1296.1,USD,ACH,0
2026-01-06 09:20:00,4,A294,2,A67,311.11,USD,311.11,USD,ACH,0
2026-01-06 09:22:00,3,A203,0,A140,457.18,USD,457.18,USD,ACH,0
2026-01-06 09:23:00,0,A225,1,A146,505.39,USD,505.39,USD,ACH,0
2026-01-06 09:24:00,4,A59,4,A119,510.11,USD,510.11,USD,ACH,0
2026-01-06 09:24:00,0,A155,4,A229,120.06,USD,120.06,USD,ACH,0
2026-01-06 09:24:00,1,A186,0,A160,245.17,USD,245.17,USD,ACH,0
2026-01-06 09:27:00,4,A114,3,A3,497.93,USD,497.93,USD,ACH,0
2026-01-06 09:27:00,1,A256,3,A23,346.57,USD,346.57,USD,ACH,0
2026-01-06 09:29:00,0,A40,4,A134,445.42,USD,445.42,USD,ACH,0
2026-01-06 09:29:00,2,A147,1,A156,616.54,USD,616.54,USD,ACH,1
2026-01-06 09:30:00,2,A22,2,A12,333.65,USD,333.65,USD,ACH,0
2026-01-06 09:31:00,4,A154,2,A17,204.46,USD,204.46,USD,ACH,0
2026-01-06 09:31:00,4,A249,3,A158,343.45,USD,343.45,USD,ACH,0
2026-01-06 09:31:00,0,A275,1,A191,222.97,USD,222.97,USD,ACH,0
2026-01-06 09:32:00,3,A68,1,A96,113.81,USD,113.81,USD,ACH,0
2026-01-06 09:32:00,4,A174,3,A83,292.37,USD,292.37,USD,ACH,0
2026-01-06 09:34:00,1,A51,4,A84,145.24,USD,145.24,USD,ACH,0
2026-01-06 09:34:00,0,A210,4,A259,342.8,USD,342.8,USD,ACH,0
2026-01-06 09:35:00,0,A25,0,A180,688.03,USD,688.03,USD,ACH,0
2026-01-06 09:35:00,2,A67,3,A178,478.37,USD,478.37,USD,ACH,0
2026-01-06 09:36:00,0,A220,3,A283,115.8,USD,115.8,USD,ACH,1
2026-01-06 09:39:00,4,A239,4,A59,561.7,USD,561.7,USD,ACH,0
2026-01-06 09:40:00,1,A241,0,A100,293.56,USD,293.56,USD,ACH,0
2026-01-06 09:45:00,4,A19,4,A64,379.78,USD,379.78,USD,ACH,0
2026-01-06 09:48:00,0,A165,0,A170,498.73,USD,498.73,USD,ACH,0
2026-01-06 09:48:00,3,A183,4,A39,271.6,USD,271.6,USD,ACH,0
2026-01-06 09:49:00,0,A65,3,A288,176.48,USD,176.48,USD,ACH,0
2026-01-06 09:49:00,2,A282,2,A127,75.82,USD,75.82,USD,ACH,0
2026-01-06 09:50:00,0,A235,2,A222,187.08,USD,187.08,USD,ACH,0
2026-01-06 09:52:00,1,A111,3,A253,146.13,USD,146.13,USD,ACH,0
2026-01-06 09:54:00,2,A127,3,A248,359.76,USD,359.76,USD,ACH,0
2026-01-06 09:59:00,3,A198,0,A245,892.58,USD,892.58,USD,ACH,0
2026-01-06 10:00:00,2,A47,0,A90,2031.52,USD,2031.52,USD,ACH,0
2026-01-06 10:02:00,0,A50,4,A229,541.72,USD,541.72,USD,ACH,0
2026-01-06 10:02:00,2,A162,4,A14,273.4,USD,273.4,USD,ACH,0
2026-01-06 10:05:00,3,A88,2,A232,316.47,USD,316.47,USD,ACH,0
2026-01-06 10:05:00,0,A280,2,A37,142.32,USD,142.32,USD,ACH,0
2026-01-06 10:09:00,2,A212,4,A239,271.25,USD,271.25,USD,ACH,0
2026-01-06 10:10:00,2,A107,1,A186,1373.35,USD,1373.35,USD,ACH,0
2026-01-06 10:10:00,1,A141,1,A166,712.59,USD,712.59,USD,ACH,0
2026-01-06 10:11:00,0,A195,3,A113,490.72,USD,490.72,USD,ACH,0
2026-01-06 10:11:00,0,A250,1,A101,203.44,USD,203.44,USD,ACH,0
2026-01-06 10:12:00,1,A16,3,A298,306.13,USD,306.13,USD,ACH,0
2026-01-06 10:12:00,2,A137,4,A289,787.39,USD,787.39,USD,ACH,0
2026-01-06 10:14:00,2,A57,1,A51,813.86,USD,813.86,USD,ACH,0
2026-01-06 10:15:00,1,A151,1,A111,258.06,USD,258.06,USD,ACH,0
2026-01-06 10:17:00,4,A144,4,A174,452.89,USD,452.89,USD,ACH,0
2026-01-06 10:17:00,3,A188,2,A167,575.74,USD,575.74,USD,ACH,0
2026-01-06 10:19:00,1,A116,2,A162,234.64,USD,234.64,USD,ACH,0
2026-01-06 10:19:00,4,A194,1,A86,853.42,USD,853.42,USD,ACH,0
2026-01-06 10:19:00,2,A202,0,A85,255.41,USD,255.41,USD,ACH,0
2026-01-06 10:19:00,3,A213,1,A251,344.67,USD,344.67,USD,ACH,0
2026-01-06 10:21:00,0,A150,1,A91,270.68,USD,270.68,USD,ACH,0
2026-01-06 10:24:00,1,A251,4,A194,322.95,USD,322.95,USD,ACH,0
2026-01-06 10:25:00,0,A175,2,A82,375.39,USD,375.39,USD,ACH,0
2026-01-06 10:26:00,3,A243,3,A53,117.84,USD,117.84,USD,ACH,0
2026-01-06 10:27:00,3,A118,1,A156,532.73,USD,532.73,USD,ACH,0
2026-01-06 10:28:00,3,A118,3,A213,954.97,USD,954.97,USD,ACH,0
2026-01-06 10:29:00,1,A61,1,A66,195.28,USD,195.28,USD,ACH,0
2026-01-06 10:30:00,3,A38,2,A2,324.1,USD,324.1,USD,ACH,0
2026-01-06 10:33:00,0,A10,1,A241,117.29,USD,117.29,USD,ACH,0
2026-01-06 10:33:00,2,A142,0,A245,206.41,USD,206.41,USD,ACH,0
2026-01-06 10:34:00,2,A227,2,A242,668.84,USD,668.84,USD,ACH,0
2026-01-06 10:36:00,1,A166,0,A65,442.65,USD,442.65,USD,ACH,0
2026-01-06 10:37:00,0,A160,1,A241,185.5,USD,185.5,USD,ACH,0
2026-01-06 10:40:00,1,A101,3,A188,945.87,USD,945.87,USD,ACH,0
2026-01-06 10:41:00,0,A210,3,A58,174.03,USD,174.03,USD,ACH,0
2026-01-06 10:42:00,4,A69,2,A187,303.43,USD,303.43,USD,ACH,0
2026-01-06 10:44:00,4,A179,3,A188,488.96,USD,488.96,USD,ACH,0
2026-01-06 10:45:00,1,A201,4,A79,106.97,USD,106.97,USD,ACH,0
2026-01-06 10:45:00,3,A268,2,A277,711.46,USD,711.46,USD,ACH,0
2026-01-06 10:46:00,3,A83,1,A206,182.52,USD,182.52,USD,ACH,0
2026-01-06 10:46:00,3,A108,3,A203,1373.51,USD,1373.51,USD,ACH,0
2026-01-06 10:46:00,3,A133,1,A166,449.16,USD,449.16,USD,ACH,0
2026-01-06 10:46:00,3,A283,1,A241,111.98,USD,111.98,USD,ACH,0
2026-01-06 10:49:00,3,A143,2,A62,309.04,USD,309.04,USD,ACH,0
2026-01-06 10:51:00,0,A160,3,A203,278.43,USD,278.43,USD,ACH,0
2026-01-06 10:52:00,4,A169,3,A98,1285.74,USD,1285.74,USD,ACH,0
2026-01-06 10:53:00,3,A218,2,A212,223.45,USD,223.45,USD,ACH,0
2026-01-06 10:54:00,4,A164,2,A207,673.43,USD,673.43,USD,ACH,0
2026-01-06 10:54:00,2,A277,2,A182,1051.72,USD,1051.72,USD,ACH,0
2026-01-06 10:57:00,0,A10,3,A148,109.66,USD,109.66,USD,ACH,0
2026-01-06 10:58:00,4,A99,0,A0,1169.78,USD,1169.78,USD,ACH,0
2026-01-06 10:58:00,4,A159,2,A247,492.51,USD,492.51,USD,ACH,0
2026-01-06 10:59:00,4,A69,3,A178,1130.2,USD,1130.2,USD,ACH,0
2026-01-06 10:59:00,3,A93,4,A179,160.46,USD,160.46,USD,ACH,0
2026-01-06 11:03:00,1,A126,1,A291,792.61,USD,792.61,USD,ACH,0
2026-01-06 11:04:00,0,A110,1,A56,396.1,USD,396.1,USD,ACH,0
2026-01-06 11:07:00,2,A77,4,A119,446.89,USD,446.89,USD,ACH,0
2026-01-06 11:08:00,0,A75,1,A51,1115.9,USD,1115.9,USD,ACH,0
2026-01-06 11:08:00,2,A102,4,A284,168.56,USD,168.56,USD,ACH,0
2026-01-06 11:09:00,1,A176,0,A215,1143.39,USD,1143.39,USD,ACH,1
2026-01-06 11:10:00,1,A131,3,A183,815.27,USD,815.27,USD,ACH,0
2026-01-06 11:11:00,3,A168,2,A207,372.82,USD,372.82,USD,ACH,0
2026-01-06 11:11:00,2,A242,1,A151,296.83,USD,296.83,USD,ACH,0
2026-01-06 11:12:00,1,A156,3,A133,1002.67,USD,1002.67,USD,ACH,0
2026-01-06 11:13:00,3,A208,2,A67,842.35,USD,842.35,USD,ACH,0
2026-01-06 11:13:00,2,A237,1,A51,305.27,USD,305.27,USD,ACH,0
2026-01-06 11:14:00,3,A83,1,A56,422.73,USD,422.73,USD,ACH,0
2026-01-06 11:14:00,3,A298,0,A205,960.37,USD,960.37,USD,ACH,0
2026-01-06 11:15:00,0,A265,2,A107,197.07,USD,197.07,USD,ACH,0
2026-01-06 11:16:00,3,A203,4,A139,193.5,USD,193.5,USD,ACH,0
2026-01-06 11:19:00,1,A236,4,A254,1655.13,USD,1655.13,USD,ACH,0
2026-01-06 11:19:00,3,A243,2,A262,257.73,USD,257.73,USD,ACH,0
2026-01-06 11:20:00,2,A197,1,A171,1087.01,USD,1087.01,USD,ACH,0
2026-01-06 11:23:00,4,A109,2,A282,3938.41,USD,3938.41,USD,ACH,0
2026-01-06 11:24:00,4,A104,1,A186,173.0,USD,173.0,USD,ACH,0
2026-01-06 11:27:00,3,A63,1,A156,441.14,USD,441.14,USD,ACH,0
2026-01-06 11:29:00,1,A96,3,A193,1766.53,USD,1766.53,USD,ACH,0
2026-01-06 11:36:00,4,A44,1,A126,466.86,USD,466.86,USD,ACH,0
2026-01-06 11:36:00,3,A98,3,A253,708.71,USD,708.71,USD,ACH,0
2026-01-06 11:41:00,0,A95,0,A50,596.09,USD,596.09,USD,ACH,0
2026-01-06 11:41:00,3,A138,2,A47,277.53,USD,277.53,USD,ACH,0
2026-01-06 11:49:00,3,A178,0,A15,781.47,USD,781.47,USD,ACH,0
2026-01-06 11:50:00,3,A158,4,A19,840.55,USD,840.55,USD,ACH,0
2026-01-06 11:51:00,1,A291,2,A142,407.13,USD,407.13,USD,ACH,0
2026-01-06 11:52:00,1,A191,1,A181,230.07,USD,230.07,USD,ACH,0
2026-01-06 11:52:00,4,A204,2,A7,3056.08,USD,3056.08,USD,ACH,0
2026-01-06 11:53:00,1,A61,0,A85,104.78,USD,104.78,USD,ACH,0
2026-01-06 11:53:00,0,A140,0,A295,189.06,USD,189.06,USD,ACH,0
2026-01-06 11:55:00,1,A171,4,A74,132.33,USD,132.33,USD,ACH,0
2026-01-06 11:55:00,4,A284,0,A80,934.68,USD,934.68,USD,ACH,0
2026-01-06 11:57:00,0,A15,2,A47,983.78,USD,983.78,USD,ACH,0
2026-01-06 11:57:00,0,A95,1,A171,357.32,USD,357.32,USD,ACH,0
2026-01-06 11:57:00,0,A105,4,A89,489.88,USD,489.88,USD,ACH,0
2026-01-06 11:57:00,2,A272,2,A62,728.88,USD,728.88,USD,ACH,0
2026-01-06 11:59:00,1,A231,4,A94,101.84,USD,101.84,USD,ACH,0
2026-01-06 11:59:00,2,A252,1,A1,141.08,USD,141.08,USD,ACH,0
2026-01-06 12:00:00,0,A30,3,A198,87.3,USD,87.3,USD,ACH,0
2026-01-06 12:00:00,2,A122,0,A115,2405.6,USD,2405.6,USD,Wire,0
2026-01-06 12:01:00,4,A64,2,A57,2685.66,USD,2685.66,USD,Wire,0
2026-01-06 12:01:00,4,A129,4,A39,662.3,USD,662.3,USD,ACH,0
2026-01-06 12:02:00,4,A159,2,A152,1627.21,USD,1627.21,USD,Wire,0
2026-01-06 12:03:00,4,A149,3,A243,411.98,USD,411.98,USD,ACH,0
2026-01-06 12:03:00,0,A290,3,A283,2008.28,USD,2008.28,USD,Wire,0
2026-01-06 12:04:00,4,A174,2,A167,2757.43,USD,2757.43,USD,Wire,0
2026-01-06 12:04:00,0,A185,3,A93,524.35,USD,524.35,USD,ACH,0
2026-01-06 12:05:00,0,A75,3,A68,2875.6,USD,2875.6,USD,Wire,0
2026-01-06 12:05:00,0,A265,3,A258,2699.65,USD,2699.65,USD,Wire,0
2026-01-06 12:06:00,1,A86,4,A79,2864.74,USD,2864.74,USD,Wire,0
2026-01-06 12:06:00,3,A113,1,A106,2689.84,USD,2689.84,USD,Wire,0
2026-01-06 12:06:00,0,A130,3,A123,1792.83,USD,1792.83,USD,Wire,0
2026-01-06 12:06:00,2,A177,0,A170,1374.0,USD,1374.0,USD,Wire,0
2026-01-06 12:06:00,1,A286,1,A246,511.54,USD,511.54,USD,ACH,0
2026-01-06 12:06:00,0,A295,3,A288,2938.42,USD,2938.42,USD,Wire,0
2026-01-06 12:07:00,4,A144,2,A137,2497.45,USD,2497.45,USD,Wire,0
2026-01-06 12:07:00,1,A216,4,A209,3216.33,USD,3216.33,USD,Wire,0
2026-01-06 12:09:00,2,A32,0,A25,2192.55,USD,2192.55,USD,Wire,0
2026-01-06 12:10:00,2,A232,0,A225,2430.39,USD,2430.39,USD,Wire,0
2026-01-06 12:10:00,0,A5,3,A298,2608.54,USD,2608.54,USD,Wire,0
2026-01-06 12:11:00,0,A90,1,A151,30.92,USD,30.92,USD,ACH,0
2026-01-06 12:11:00,2,A142,0,A135,2276.28,USD,2276.28,USD,Wire,0
2026-01-06 12:11:00,4,A159,4,A279,537.01,USD,537.01,USD,ACH,0
2026-01-06 12:11:00,2,A197,0,A190,1193.7,USD,1193.7,USD,Wire,0
2026-01-06 12:11:00,2,A227,0,A55,513.37,USD,513.37,USD,ACH,0
2026-01-06 12:11:00,3,A273,1,A266,2301.73,USD,2301.73,USD,Wire,0
2026-01-06 12:12:00,1,A56,4,A49,2943.92,USD,2943.92,USD,Wire,0
2026-01-06 12:12:00,0,A120,3,A113,396.63,USD,396.63,USD,ACH,0
2026-01-06 12:12:00,0,A275,3,A268,2670.37,USD,2670.37,USD,Wire,0
2026-01-06 12:13:00,2,A42,0,A35,2296.82,USD,2296.82,USD,Wire,0
2026-01-06 12:13:00,3,A223,3,A293,457.08,USD,457.08,USD,ACH,0
2026-01-06 12:13:00,4,A234,2,A227,2438.27,USD,2438.27,USD,Wire,0
2026-01-06 12:13:00,3,A278,1,A271,1404.2,USD,1404.2,USD,Wire,0
2026-01-06 12:13:00,1,A286,4,A279,3239.35,USD,3239.35,USD,Wire,0
2026-01-06 12:14:00,1,A196,4,A189,3194.15,USD,3194.15,USD,Wire,0
2026-01-06 12:14:00,2,A292,0,A285,2380.96,USD,2380.96,USD,Wire,0
2026-01-06 12:15:00,1,A36,4,A29,3295.94,USD,3295.94,USD,Wire,0
2026-01-06 12:15:00,0,A55,3,A48,2649.95,USD,2649.95,USD,Wire,0
2026-01-06 12:15:00,4,A154,3,A53,197.24,USD,197.24,USD,ACH,0
2026-01-06 12:15:00,1,A171,3,A263,287.14,USD,287.14,USD,ACH,0
2026-01-06 12:15:00,1,A226,1,A121,298.71,USD,298.71,USD,ACH,0
2026-01-06 12:15:00,1,A1,4,A294,2263.87,USD,2263.87,USD,Wire,0
2026-01-06 12:16:00,3,A233,1,A226,2655.51,USD,2655.51,USD,Wire,0
2026-01-06 12:16:00,2,A262,0,A255,2134.62,USD,2134.62,USD,Wire,0
2026-01-06 12:16:00,1,A266,4,A259,2988.45,USD,2988.45,USD,Wire,0
2026-01-06 12:16:00,4,A294,2,A287,2738.0,USD,2738.0,USD,Wire,0
2026-01-06 12:17:00,3,A8,1,A1,1469.45,USD,1469.45,USD,Wire,0
2026-01-06 12:17:00,1,A176,4,A169,2809.95,USD,2809.95,USD,Wire,0
2026-01-06 12:17:00,2,A202,0,A135,258.57,USD,258.57,USD,ACH,0
2026-01-06 12:18:00,0,A35,3,A28,2670.77,USD,2670.77,USD,Wire,0
2026-01-06 12:18:00,0,A215,3,A208,2887.56,USD,2887.56,USD,Wire,0
2026-01-06 12:19:00,0,A55,2,A47,332.37,USD,332.37,USD,ACH,1
2026-01-06 12:19:00,0,A160,3,A153,1908.63,USD,1908.63,USD,Wire,0
2026-01-06 12:19:00,1,A276,4,A269,2847.35,USD,2847.35,USD,Wire,0
2026-01-06 12:19:00,1,A281,4,A274,1844.06,USD,1844.06,USD,Wire,0
2026-01-06 12:20:00,0,A115,3,A128,2168.97,USD,2168.97,USD,Wire,0
2026-01-06 12:21:00,2,A57,0,A70,2572.55,USD,2572.55,USD,Wire,0
2026-01-06 12:22:00,2,A152,0,A165,1471.74,USD,1471.74,USD,Wire,0
2026-01-06 12:23:00,3,A283,1,A296,1986.93,USD,1986.93,USD,Wire,0
2026-01-06 12:24:00,4,A139,1,A131,524.38,USD,524.38,USD,ACH,1
2026-01-06 12:24:00,2,A167,0,A180,2589.92,USD,2589.92,USD,Wire,0
2026-01-06 12:24:00,4,A274,2,A107,274.76,USD,274.76,USD,ACH,0
2026-01-06 12:25:00,3,A68,1,A81,2747.22,USD,2747.22,USD,Wire,0
2026-01-06 12:25:00,3,A258,1,A271,2606.29,USD,2606.29,USD,Wire,0
2026-01-06 12:26:00,4,A79,2,A92,2621.82,USD,2621.82,USD,Wire,0
2026-01-06 12:26:00,1,A106,4,A119,2654.27,USD,2654.27,USD,Wire,0
2026-01-06 12:26:00,3,A123,1,A136,1669.63,USD,1669.63,USD,Wire,0
2026-01-06 12:26:00,0,A170,3,A183,1303.28,USD,1303.28,USD,Wire,0
2026-01-06 12:26:00,3,A288,1,A1,2877.07,USD,2877.07,USD,Wire,0
2026-01-06 12:27:00,2,A137,0,A150,2350.54,USD,2350.54,USD,Wire,0
2026-01-06 12:27:00,4,A209,2,A222,3092.62,USD,3092.62,USD,Wire,0
2026-01-06 12:27:00,3,A258,2,A122,146.34,USD,146.34,USD,ACH,1
2026-01-06 12:29:00,0,A25,3,A38,2009.78,USD,2009.78,USD,Wire,0
2026-01-06 12:30:00,2,A37,4,A169,849.41,USD,849.41,USD,ACH,0
2026-01-06 12:30:00,2,A122,1,A56,280.94,USD,280.94,USD,ACH,0
2026-01-06 12:30:00,0,A225,3,A238,2366.8,USD,2366.8,USD,Wire,0
2026-01-06 12:30:00,4,A289,1,A186,594.01,USD,594.01,USD,ACH,0
2026-01-06 12:30:00,3,A298,1,A11,2375.5,USD,2375.5,USD,Wire,0
2026-01-06 12:31:00,0,A85,4,A74,278.17,USD,278.17,USD,ACH,0
2026-01-06 12:31:00,0,A135,3,A148,2087.4,USD,2087.4,USD,Wire,0
2026-01-06 12:31:00,0,A190,3,A203,1084.76,USD,1084.76,USD,Wire,0
2026-01-06 12:31:00,1,A266,4,A279,2229.54,USD,2229.54,USD,Wire,0
2026-01-06 12:31:00,0,A275,0,A80,706.29,USD,706.29,USD,ACH,0
2026-01-06 12:32:00,4,A49,2,A62,2829.04,USD,2829.04,USD,Wire,0
2026-01-06 12:32:00,3,A268,1,A281,2530.92,USD,2530.92,USD,Wire,0
2026-01-06 12:32:00,4,A279,1,A241,442.27,USD,442.27,USD,ACH,0
2026-01-06 12:33:00,0,A35,3,A48,2207.8,USD,2207.8,USD,Wire,0
2026-01-06 12:33:00,2,A227,0,A240,2390.47,USD,2390.47,USD,Wire,0
2026-01-06 12:33:00,1,A271,4,A284,1270.58,USD,1270.58,USD,Wire,0
2026-01-06 12:33:00,4,A279,2,A292,3135.21,USD,3135.21,USD,Wire,0
2026-01-06 12:34:00,1,A106,4,A29,429.12,USD,429.12,USD,ACH,0
2026-01-06 12:34:00,4,A189,2,A202,3137.83,USD,3137.83,USD,Wire,0
2026-01-06 12:34:00,0,A285,3,A298,2261.74,USD,2261.74,USD,Wire,0
2026-01-06 12:35:00,4,A29,2,A42,3115.58,USD,3115.58,USD,Wire,0
2026-01-06 12:35:00,3,A48,1,A61,2490.59,USD,2490.59,USD,Wire,0
2026-01-06 12:35:00,4,A294,2,A7,2081.82,USD,2081.82,USD,Wire,0
2026-01-06 12:36:00,1,A226,4,A239,2502.65,USD,2502.65,USD,Wire,0
2026-01-06 12:36:00,0,A255,3,A268,2008.8,USD,2008.8,USD,Wire,0
2026-01-06 12:36:00,4,A259,2,A272,2902.97,USD,2902.97,USD,Wire,0
2026-01-06 12:36:00,2,A287,0,A0,2670.48,USD,2670.48,USD,Wire,0
2026-01-06 12:37:00,1,A1,4,A14,1413.11,USD,1413.11,USD,Wire,0
2026-01-06 12:37:00,4,A129,2,A262,557.67,USD,557.67,USD,ACH,0
2026-01-06 12:37:00,4,A169,2,A182,2584.43,USD,2584.43,USD,Wire,0
2026-01-06 12:38:00,3,A28,1,A41,2606.7,USD,2606.7,USD,Wire,0
2026-01-06 12:38:00,3,A208,1,A221,2804.19,USD,2804.19,USD,Wire,0
2026-01-06 12:39:00,3,A153,1,A166,1837.06,USD,1837.06,USD,Wire,0
2026-01-06 12:39:00,4,A269,2,A282,2760.34,USD,2760.34,USD,Wire,0
2026-01-06 12:39:00,4,A274,2,A287,1698.92,USD,1698.92,USD,Wire,0
2026-01-06 12:40:00,2,A132,1,A231,458.96,USD,458.96,USD,ACH,0
2026-01-06 12:40:00,0,A230,3,A283,164.6,USD,164.6,USD,ACH,0
2026-01-06 12:41:00,1,A1,1,A126,522.88,USD,522.88,USD,ACH,0
2026-01-06 12:42:00,3,A148,0,A60,1281.8,USD,1281.8,USD,ACH,0
2026-01-06 12:42:00,4,A189,2,A137,1396.99,USD,1396.99,USD,ACH,0
2026-01-06 12:43:00,4,A184,4,A119,487.68,USD,487.68,USD,ACH,0
2026-01-06 12:45:00,1,A31,4,A114,254.04,USD,254.04,USD,ACH,0
2026-01-06 12:46:00,0,A45,3,A298,216.15,USD,216.15,USD,ACH,0
2026-01-06 12:50:00,0,A215,1,A266,982.71,USD,982.71,USD,ACH,0
2026-01-06 12:50:00,4,A239,3,A118,262.68,USD,262.68,USD,ACH,1
2026-01-06 12:53:00,4,A189,2,A132,671.6,USD,671.6,USD,ACH,0
2026-01-06 12:54:00,4,A124,2,A142,296.43,USD,296.43,USD,ACH,0
2026-01-06 12:57:00,1,A36,4,A284,163.83,USD,163.83,USD,ACH,0
2026-01-06 12:57:00,2,A42,0,A155,176.72,USD,176.72,USD,ACH,0
2026-01-06 12:57:00,4,A59,3,A63,1534.35,USD,1534.35,USD,ACH,0
2026-01-06 12:57:00,0,A295,3,A263,646.33,USD,646.33,USD,ACH,0
2026-01-06 12:58:00,2,A82,0,A205,437.66,USD,437.66,USD,ACH,0
2026-01-06 13:00:00,2,A32,0,A10,291.88,USD,291.88,USD,ACH,0
2026-01-06 13:06:00,3,A163,1,A146,87.5,USD,87.5,USD,ACH,0
2026-01-06 13:06:00,0,A270,3,A253,295.18,USD,295.18,USD,ACH,0
2026-01-06 13:08:00,0,A100,2,A227,46.43,USD,46.43,USD,ACH,0
2026-01-06 13:11:00,0,A5,3,A223,282.54,USD,282.54,USD,ACH,0
2026-01-06 13:11:00,4,A34,4,A79,258.45,USD,258.45,USD,ACH,0
2026-01-06 13:11:00,1,A121,3,A118,185.93,USD,185.93,USD,ACH,0
2026-01-06 13:11:00,1,A141,2,A42,246.33,USD,246.33,USD,ACH,0
2026-01-06 13:12:00,1,A86,4,A224,357.66,USD,357.66,USD,ACH,0
2026-01-06 13:12:00,1,A246,4,A239,351.15,USD,351.15,USD,ACH,0
2026-01-06 13:13:00,3,A48,0,A105,1150.09,USD,1150.09,USD,ACH,0
2026-01-06 13:15:00,3,A58,2,A82,962.52,USD,962.52,USD,ACH,0
2026-01-06 13:16:00,1,A281,0,A65,301.43,USD,301.43,USD,ACH,0
2026-01-06 13:19:00,4,A284,2,A67,84.91,USD,84.91,USD,ACH,0
2026-01-06 13:20:00,1,A56,2,A137,255.8,USD,255.8,USD,ACH,0
2026-01-06 13:22:00,1,A126,3,A218,165.0,USD,165.0,USD,ACH,0
2026-01-06 13:24:00,3,A53,2,A77,429.18,USD,429.18,USD,ACH,0
2026-01-06 13:29:00,0,A290,3,A178,591.49,USD,591.49,USD,ACH,0
2026-01-06 13:31:00,2,A122,0,A135,496.47,USD,496.47,USD,ACH,0
2026-01-06 13:33:00,2,A287,2,A102,312.33,USD,312.33,USD,ACH,0
2026-01-06 13:34:00,4,A164,2,A222,174.74,USD,174.74,USD,ACH,0
2026-01-06 13:35:00,3,A108,2,A187,721.06,USD,721.06,USD,ACH,0
2026-01-06 13:36:00,1,A271,4,A139,94.59,USD,94.59,USD,ACH,0
2026-01-06 13:38:00,1,A196,3,A63,246.84,USD,246.84,USD,ACH,0
2026-01-06 13:40:00,1,A211,3,A163,398.24,USD,398.24,USD,ACH,0
2026-01-06 13:40:00,3,A228,0,A165,1104.32,USD,1104.32,USD,ACH,0
2026-01-06 13:41:00,0,A80,1,A151,269.58,USD,269.58,USD,ACH,0
2026-01-06 13:44:00,1,A36,4,A24,119.93,USD,119.93,USD,ACH,0
2026-01-06 13:44:00,2,A152,3,A273,415.34,USD,415.34,USD,ACH,0
2026-01-06 13:45:00,2,A2,1,A246,506.01,USD,506.01,USD,ACH,0
2026-01-06 13:45:00,0,A200,0,A185,392.15,USD,392.15,USD,ACH,0
2026-01-06 13:46:00,3,A3,1,A121,454.7,USD,454.7,USD,ACH,0
2026-01-06 13:48:00,3,A128,1,A281,398.83,USD,398.83,USD,ACH,0
2026-01-06 13:48:00,3,A233,2,A72,1438.91,USD,1438.91,USD,ACH,0
2026-01-06 13:49:00,0,A240,4,A79,122.17,USD,122.17,USD,ACH,0
2026-01-06 13:50:00,4,A89,3,A163,2090.62,USD,2090.62,USD,ACH,0
2026-01-06 13:51:00,3,A23,4,A39,377.62,USD,377.62,USD,ACH,0
2026-01-06 13:54:00,3,A3,1,A121,206.9,USD,206.9,USD,ACH,0
2026-01-06 13:54:00,2,A297,0,A5,336.23,USD,336.23,USD,ACH,0
2026-01-06 13:56:00,3,A73,2,A287,159.39,USD,159.39,USD,ACH,0
2026-01-06 13:58:00,4,A64,4,A99,491.02,USD,491.02,USD,ACH,0
2026-01-06 14:01:00,4,A84,0,A40,213.02,USD,213.02,USD,ACH,0
2026-01-06 14:03:00,0,A285,4,A244,171.18,USD,171.18,USD,ACH,0
2026-01-06 14:08:00,0,A255,4,A219,231.92,USD,231.92,USD,ACH,0
2026-01-06 14:11:00,1,A56,3,A123,277.09,USD,277.09,USD,ACH,0
2026-01-06 14:12:00,4,A79,0,A0,1055.23,USD,1055.23,USD,ACH,0
2026-01-06 14:14:00,4,A9,4,A139,1192.9,USD,1192.9,USD,ACH,0
2026-01-06 14:14:00,3,A78,4,A99,195.64,USD,195.64,USD,ACH,0
2026-01-06 14:14:00,2,A92,3,A83,423.91,USD,423.91,USD,ACH,0
2026-01-06 14:14:00,1,A136,0,A40,234.68,USD,234.68,USD,ACH,0
2026-01-06 14:14:00,4,A274,0,A200,667.78,USD,667.78,USD,ACH,0
2026-01-06 14:16:00,4,A299,0,A255,881.91,USD,881.91,USD,ACH,0
2026-01-06 14:17:00,1,A26,2,A97,283.87,USD,283.87,USD,ACH,0
2026-01-06 14:17:00,4,A29,0,A205,1637.55,USD,1637.55,USD,ACH,0
2026-01-06 14:19:00,4,A269,3,A68,427.35,USD,427.35,USD,ACH,1
2026-01-06 14:20:00,1,A206,3,A63,739.52,USD,739.52,USD,ACH,0
2026-01-06 14:25:00,1,A151,2,A27,416.45,USD,416.45,USD,ACH,0
2026-01-06 14:27:00,3,A158,2,A252,668.13,USD,668.13,USD,ACH,0
2026-01-06 14:27:00,2,A267,2,A107,384.92,USD,384.92,USD,ACH,0
2026-01-06 14:28:00,1,A191,2,A42,319.82,USD,319.82,USD,ACH,0
2026-01-06 14:28:00,1,A276,0,A70,1820.87,USD,1820.87,USD,ACH,0
2026-01-06 14:30:00,3,A193,1,A216,218.64,USD,218.64,USD,ACH,0
2026-01-06 14:30:00,0,A265,1,A246,838.2,USD,838.2,USD,ACH,0
2026-01-06 14:30:00,2,A297,4,A34,1504.55,USD,1504.55,USD,ACH,0
2026-01-06 14:32:00,3,A138,0,A135,1328.23,USD,1328.23,USD,ACH,0
2026-01-06 14:33:00,1,A41,4,A119,749.1,USD,749.1,USD,ACH,0
2026-01-06 14:35:00,0,A290,0,A220,290.94,USD,290.94,USD,ACH,0
2026-01-06 14:36:00,2,A262,0,A10,675.96,USD,675.96,USD,ACH,0
2026-01-06 14:37:00,0,A115,1,A111,358.8,USD,358.8,USD,ACH,0
2026-01-06 14:37:00,4,A219,2,A137,400.29,USD,400.29,USD,ACH,0
2026-01-06 14:37:00,2,A292,0,A55,502.76,USD,502.76,USD,ACH,0
2026-01-06 14:38:00,1,A21,3,A103,257.27,USD,257.27,USD,ACH,0
2026-01-06 14:38:00,2,A257,1,A61,1094.93,USD,1094.93,USD,ACH,0
2026-01-06 14:39:00,4,A99,1,A201,318.47,USD,318.47,USD,ACH,0
2026-01-06 14:40:00,1,A181,1,A21,541.51,USD,541.51,USD,ACH,0
2026-01-06 14:40:00,3,A208,0,A40,878.46,USD,878.46,USD,ACH,0
2026-01-06 14:45:00,1,A46,4,A59,2702.75,USD,2702.75,USD,ACH,0
2026-01-06 14:50:00,3,A143,1,A206,151.23,USD,151.23,USD,ACH,0
2026-01-06 14:56:00,4,A94,0,A185,57.34,USD,57.34,USD,ACH,0
2026-01-06 14:56:00,1,A286,0,A40,783.73,USD,783.73,USD,ACH,0
2026-01-06 14:58:00,3,A43,0,A160,736.77,USD,736.77,USD,ACH,0
2026-01-06 14:59:00,2,A87,4,A289,1682.57,USD,1682.57,USD,ACH,0
2026-01-06 14:59:00,3,A173,3,A108,221.92,USD,221.92,USD,ACH,0
2026-01-06 15:01:00,1,A11,3,A293,133.08,USD,133.08,USD,ACH,0
2026-01-06 15:01:00,2,A157,1,A296,305.89,USD,305.89,USD,ACH,0
2026-01-06 15:04:00,1,A201,0,A245,297.73,USD,297.73,USD,ACH,0
2026-01-06 15:07:00,4,A234,4,A4,221.49,USD,221.49,USD,ACH,0
2026-01-06 15:07:00,3,A288,0,A105,161.59,USD,161.59,USD,ACH,0
2026-01-06 15:08:00,3,A288,0,A290,1256.58,USD,1256.58,USD,ACH,0
2026-01-06 15:10:00,4,A199,2,A137,532.45,USD,532.45,USD,ACH,0
2026-01-06 15:12:00,0,A205,4,A184,359.79,USD,359.79,USD,ACH,0
2026-01-06 15:12:00,2,A207,0,A125,73.19,USD,73.19,USD,ACH,0
2026-01-06 15:15:00,0,A260,2,A167,327.1,USD,327.1,USD,ACH,1
2026-01-06 15:16:00,4,A269,0,A5,500.11,USD,500.11,USD,ACH,0
2026-01-06 15:17:00,2,A182,4,A194,357.26,USD,357.26,USD,ACH,0
2026-01-06 15:19:00,1,A76,4,A114,306.9,USD,306.9,USD,ACH,0
2026-01-06 15:19:00,1,A221,0,A215,212.99,USD,212.99,USD,ACH,0
2026-01-06 15:20:00,0,A60,4,A39,72.41,USD,72.41,USD,ACH,0
2026-01-06 15:25:00,1,A231,1,A146,82.98,USD,82.98,USD,ACH,0
2026-01-06 15:30:00,1,A246,0,A120,507.7,USD,507.7,USD,ACH,0
2026-01-06 15:31:00,0,A25,1,A86,338.32,USD,338.32,USD,ACH,0
2026-01-06 15:32:00,4,A54,3,A178,152.21,USD,152.21,USD,ACH,0
2026-01-06 15:32:00,3,A168,3,A13,1737.53,USD,1737.53,USD,ACH,0
2026-01-06 15:34:00,2,A117,4,A24,570.38,USD,570.38,USD,ACH,0
2026-01-06 15:37:00,3,A8,0,A170,2442.64,USD,2442.64,USD,ACH,0
2026-01-06 15:38:00,4,A49,1,A116,1450.94,USD,1450.94,USD,ACH,0
2026-01-06 15:39:00,4,A44,4,A229,294.52,USD,294.52,USD,ACH,0
2026-01-06 15:40:00,3,A48,1,A181,1108.16,USD,1108.16,USD,ACH,0
2026-01-06 15:41:00,3,A148,1,A201,752.71,USD,752.71,USD,ACH,0
2026-01-06 15:42:00,3,A113,1,A106,277.94,USD,277.94,USD,ACH,0
2026-01-06 15:42:00,2,A162,3,A288,408.56,USD,408.56,USD,ACH,0
2026-01-06 15:43:00,1,A46,3,A198,291.41,USD,291.41,USD,ACH,0
2026-01-06 15:47:00,2,A177,3,A273,1136.22,USD,1136.22,USD,ACH,0
2026-01-06 15:47:00,2,A207,3,A153,414.2,USD,414.2,USD,ACH,0
2026-01-06 15:49:00,0,A45,2,A97,409.42,USD,409.42,USD,ACH,0
2026-01-06 15:50:00,0,A195,1,A46,130.61,USD,130.61,USD,ACH,0
2026-01-06 15:51:00,1,A206,2,A22,945.99,USD,945.99,USD,ACH,0
2026-01-06 15:52:00,1,A256,0,A75,201.86,USD,201.86,USD,ACH,0
2026-01-06 15:53:00,3,A18,3,A213,814.38,USD,814.38,USD,ACH,0
2026-01-06 15:53:00,3,A28,4,A219,983.11,USD,983.11,USD,ACH,0
2026-01-06 15:53:00,4,A249,0,A285,435.38,USD,435.38,USD,ACH,0
2026-01-06 15:53:00,3,A278,1,A221,279.57,USD,279.57,USD,ACH,0
2026-01-06 15:54:00,4,A24,3,A208,1169.25,USD,1169.25,USD,ACH,0
2026-01-06 15:59:00,1,A96,0,A175,466.64,USD,466.64,USD,ACH,0
2026-01-06 16:01:00,2,A252,1,A106,196.17,USD,196.17,USD,ACH,0
2026-01-06 16:01:00,3,A283,3,A198,893.73,USD,893.73,USD,ACH,0
2026-01-06 16:03:00,3,A53,3,A273,143.32,USD,143.32,USD,ACH,0
2026-01-06 16:04:00,4,A4,3,A58,560.04,USD,560.04,USD,ACH,0
2026-01-06 16:05:00,2,A217,4,A169,1114.3,USD,1114.3,USD,ACH,1
2026-01-06 16:06:00,1,A6,2,A237,2076.64,USD,2076.64,USD,ACH,0
2026-01-06 16:07:00,2,A217,0,A140,1079.02,USD,1079.02,USD,ACH,0
2026-01-06 16:09:00,1,A26,4,A4,227.26,USD,227.26,USD,ACH,0
2026-01-06 16:09:00,1,A266,0,A135,269.25,USD,269.25,USD,ACH,0
2026-01-06 16:09:00,2,A272,2,A97,283.83,USD,283.83,USD,ACH,0
2026-01-06 16:10:00,3,A258,4,A279,185.1,USD,185.1,USD,ACH,0
2026-01-06 16:12:00,0,A20,0,A235,183.53,USD,183.53,USD,ACH,0
2026-01-06 16:13:00,1,A6,4,A34,686.16,USD,686.16,USD,ACH,0
2026-01-06 16:13:00,4,A204,3,A268,172.55,USD,172.55,USD,ACH,0
2026-01-06 16:17:00,3,A93,1,A141,250.68,USD,250.68,USD,ACH,0
2026-01-06 16:20:00,2,A112,0,A175,94.32,USD,94.32,USD,ACH,0
2026-01-06 16:20:00,1,A166,2,A27,561.39,USD,561.39,USD,ACH,0
2026-01-06 16:22:00,2,A52,2,A142,142.69,USD,142.69,USD,ACH,0
2026-01-06 16:25:00,4,A244,1,A21,305.64,USD,305.64,USD,ACH,0
2026-01-06 16:28:00,3,A268,2,A82,895.42,USD,895.42,USD,ACH,0
2026-01-06 16:29:00,2,A7,3,A83,1531.43,USD,1531.43,USD,ACH,0
2026-01-06 16:30:00,2,A192,3,A253,364.19,USD,364.19,USD,ACH,0
2026-01-06 16:30:00,2,A237,3,A43,376.12,USD,376.12,USD,ACH,0
2026-01-06 16:30:00,3,A248,0,A270,2077.75,USD,2077.75,USD,ACH,0
2026-01-06 16:31:00,2,A157,0,A115,504.98,USD,504.98,USD,ACH,0
2026-01-06 16:31:00,3,A223,4,A99,76.87,USD,76.87,USD,ACH,0
2026-01-06 16:34:00,0,A205,3,A148,448.27,USD,448.27,USD,ACH,0
2026-01-06 16:35:00,2,A282,3,A83,264.3,USD,264.3,USD,ACH,0
2026-01-06 16:38:00,1,A101,4,A199,198.1,USD,198.1,USD,ACH,0
2026-01-06 16:39:00,4,A119,1,A91,563.67,USD,563.67,USD,ACH,0
2026-01-06 16:39:00,3,A173,4,A279,1399.49,USD,1399.49,USD,ACH,0
2026-01-06 16:40:00,1,A186,1,A121,326.1,USD,326.1,USD,ACH,0
2026-01-06 16:44:00,4,A179,1,A6,295.36,USD,295.36,USD,ACH,1
2026-01-06 16:45:00,0,A135,3,A18,464.41,USD,464.41,USD,ACH,0
2026-01-06 16:45:00,3,A273,4,A109,244.53,USD,244.53,USD,ACH,0
2026-01-06 16:46:00,4,A224,3,A103,481.57,USD,481.57,USD,ACH,0
2026-01-06 16:48:00,1,A41,3,A173,494.75,USD,494.75,USD,ACH,0
2026-01-06 16:48:00,4,A219,3,A178,1088.14,USD,1088.14,USD,ACH,0
2026-01-06 16:49:00,0,A145,3,A143,228.96,USD,228.96,USD,ACH,0
2026-01-06 16:51:00,3,A98,2,A2,644.02,USD,644.02,USD,ACH,0
2026-01-06 16:51:00,2,A187,3,A273,433.56,USD,433.56,USD,ACH,0
2026-01-06 16:51:00,2,A222,0,A90,114.14,USD,114.14,USD,ACH,0
2026-01-06 16:52:00,3,A238,2,A37,722.74,USD,722.74,USD,ACH,1
2026-01-06 16:53:00,3,A13,4,A29,533.91,USD,533.91,USD,ACH,0
2026-01-06 16:56:00,2,A77,0,A285,182.34,USD,182.34,USD,ACH,0
2026-01-06 16:56:00,1,A266,1,A16,634.6,USD,634.6,USD,ACH,0
2026-01-06 16:59:00,2,A12,2,A277,82.88,USD,82.88,USD,ACH,0
2026-01-06 17:00:00,3,A238,3,A243,642.94,USD,642.94,USD,ACH,0
2026-01-06 17:01:00,4,A29,0,A30,737.52,USD,737.52,USD,ACH,0
2026-01-06 17:03:00,4,A224,3,A48,704.25,USD,704.25,USD,ACH,0
2026-01-06 17:06:00,2,A142,3,A48,197.19,USD,197.19,USD,ACH,0
2026-01-06 17:07:00,3,A128,0,A285,95.33,USD,95.33,USD,ACH,0
2026-01-06 17:08:00,2,A62,0,A75,141.27,USD,141.27,USD,ACH,0
2026-01-06 17:09:00,1,A176,2,A292,156.38,USD,156.38,USD,ACH,0
2026-01-06 17:10:00,3,A178,3,A68,573.08,USD,573.08,USD,ACH,0
2026-01-06 17:11:00,1,A226,1,A176,197.0,USD,197.0,USD,ACH,0
2026-01-06 17:11:00,2,A232,4,A234,128.12,USD,128.12,USD,ACH,0
2026-01-06 17:12:00,1,A91,0,A70,190.61,USD,190.61,USD,ACH,0
2026-01-06 17:13:00,2,A37,2,A22,1039.0,USD,1039.0,USD,ACH,0
2026-01-06 17:14:00,4,A74,1,A251,927.56,USD,927.56,USD,ACH,0
2026-01-06 17:21:00,3,A88,3,A93,1121.07,USD,1121.07,USD,ACH,0
2026-01-06 17:21:00,0,A130,0,A155,244.86,USD,244.86,USD,ACH,0
2026-01-06 17:21:00,0,A245,2,A262,626.08,USD,626.08,USD,ACH,0
2026-01-06 17:22:00,2,A47,3,A208,243.36,USD,243.36,USD,ACH,0
2026-01-06 17:23:00,1,A211,1,A146,228.26,USD,228.26,USD,ACH,0
2026-01-06 17:26:00,4,A79,0,A195,459.96,USD,459.96,USD,ACH,0
2026-01-06 17:27:00,3,A8,4,A299,1201.47,USD,1201.47,USD,ACH,0
2026-01-06 17:27:00,2,A167,3,A228,695.2,USD,695.2,USD,ACH,0
2026-01-06 17:28:00,3,A123,1,A276,1420.13,USD,1420.13,USD,ACH,0
2026-01-06 17:29:00,3,A23,3,A63,376.23,USD,376.23,USD,ACH,0
2026-01-06 17:30:00,0,A20,3,A158,170.1,USD,170.1,USD,ACH,0
2026-01-06 17:32:00,0,A15,4,A59,1690.42,USD,1690.42,USD,ACH,0
2026-01-06 17:34:00,0,A295,3,A53,1141.83,USD,1141.83,USD,ACH,0
2026-01-06 17:36:00,1,A181,1,A141,473.81,USD,473.81,USD,ACH,0
2026-01-06 17:38:00,0,A70,0,A255,570.14,USD,570.14,USD,ACH,0
2026-01-06 17:42:00,0,A130,2,A242,711.15,USD,711.15,USD,ACH,0
2026-01-06 17:43:00,3,A263,2,A197,391.18,USD,391.18,USD,ACH,0
2026-01-06 17:44:00,4,A169,2,A12,660.21,USD,660.21,USD,ACH,0
2026-01-06 17:44:00,3,A293,2,A217,111.49,USD,111.49,USD,ACH,0
2026-01-06 17:46:00,0,A0,2,A252,370.24,USD,370.24,USD,ACH,0
2026-01-06 17:47:00,1,A66,2,A227,89.92,USD,89.92,USD,ACH,0
2026-01-06 17:47:00,1,A76,3,A158,477.4,USD,477.4,USD,ACH,0
2026-01-06 17:48:00,2,A127,4,A114,355.71,USD,355.71,USD,ACH,0
2026-01-06 17:49:00,2,A172,0,A260,344.59,USD,344.59,USD,ACH,0
2026-01-06 17:51:00,4,A254,1,A101,392.86,USD,392.86,USD,ACH,0
2026-01-06 17:53:00,0,A240,4,A194,321.28,USD,321.28,USD,ACH,0
2026-01-06 17:55:00,0,A180,3,A268,87.48,USD,87.48,USD,ACH,0
2026-01-06 17:56:00,0,A155,4,A289,1298.83,USD,1298.83,USD,ACH,0
2026-01-06 17:56:00,0,A190,3,A243,734.61,USD,734.61,USD,ACH,0
2026-01-06 17:59:00,3,A253,3,A228,541.67,USD,541.67,USD,ACH,0
2026-01-07 08:00:00,0,A95,1,A101,788.99,USD,788.99,USD,ACH,0
2026-01-07 08:00:00,1,A271,4,A124,408.41,USD,408.41,USD,ACH,0
2026-01-07 08:01:00,3,A48,4,A194,1071.23,USD,1071.23,USD,ACH,1
2026-01-07 08:02:00,4,A19,0,A195,440.21,USD,440.21,USD,ACH,0
2026-01-07 08:03:00,3,A253,1,A296,1115.28,USD,1115.28,USD,ACH,0
2026-01-07 08:03:00,1,A291,3,A23,335.29,USD,335.29,USD,ACH,0
2026-01-07 08:04:00,2,A212,1,A191,548.15,USD,548.15,USD,ACH,0
2026-01-07 08:04:00,2,A252,3,A63,131.77,USD,131.77,USD,ACH,0
2026-01-07 08:05:00,1,A46,4,A139,740.75,USD,740.75,USD,ACH,0
2026-01-07 08:06:00,4,A249,1,A6,271.7,USD,271.7,USD,ACH,0
2026-01-07 08:07:00,4,A29,1,A206,1016.87,USD,1016.87,USD,ACH,0
2026-01-07 08:09:00,2,A2,4,A199,211.24,USD,211.24,USD,ACH,0
2026-01-07 08:09:00,4,A104,1,A196,1487.76,USD,1487.76,USD,ACH,0
2026-01-07 08:10:00,1,A21,0,A155,889.57,USD,889.57,USD,ACH,0
2026-01-07 08:11:00,2,A232,2,A152,167.09,USD,167.09,USD,ACH,0
2026-01-07 08:13:00,0,A125,0,A55,1109.21,USD,1109.21,USD,ACH,0
2026-01-07 08:13:00,2,A247,1,A101,367.27,USD,367.27,USD,ACH,0
2026-01-07 08:15:00,3,A148,4,A34,468.16,USD,468.16,USD,ACH,0
2026-01-07 08:15:00,1,A151,4,A159,367.46,USD,367.46,USD,ACH,0
2026-01-07 08:15:00,1,A286,3,A218,733.2,USD,733.2,USD,ACH,0
2026-01-07 08:18:00,4,A119,1,A26,769.64,USD,769.64,USD,ACH,0
2026-01-07 08:18:00,3,A293,0,A110,565.75,USD,565.75,USD,ACH,0
2026-01-07 08:20:00,1,A11,3,A143,92.16,USD,92.16,USD,ACH,0
2026-01-07 08:20:00,3,A133,2,A87,485.98,USD,485.98,USD,ACH,0
2026-01-07 08:21:00,1,A66,1,A286,829.84,USD,829.84,USD,ACH,0
2026-01-07 08:22:00,3,A88,1,A246,305.55,USD,305.55,USD,ACH,0
2026-01-07 08:22:00,2,A167,2,A17,214.03,USD,214.03,USD,ACH,0
2026-01-07 08:24:00,1,A276,1,A91,267.96,USD,267.96,USD,ACH,0
2026-01-07 08:25:00,1,A126,3,A248,357.43,USD,357.43,USD,ACH,1
2026-01-07 08:28:00,0,A80,3,A233,433.87,USD,433.87,USD,ACH,0
2026-01-07 08:31:00,4,A224,3,A278,538.36,USD,538.36,USD,ACH,0
2026-01-07 08:33:00,0,A80,2,A57,864.2,USD,864.2,USD,ACH,0
2026-01-07 08:33:00,4,A84,0,A70,481.0,USD,481.0,USD,ACH,0
2026-01-07 08:33:00,4,A99,2,A177,338.78,USD,338.78,USD,ACH,0
2026-01-07 08:35:00,4,A244,3,A228,792.92,USD,792.92,USD,ACH,0
2026-01-07 08:36:00,2,A52,3,A58,202.33,USD,202.33,USD,ACH,0
2026-01-07 08:37:00,3,A48,4,A224,442.88,USD,442.88,USD,ACH,1
2026-01-07 08:37:00,2,A112,3,A258,50.22,USD,50.22,USD,ACH,0
2026-01-07 08:37:00,2,A222,1,A71,225.35,USD,225.35,USD,ACH,0
2026-01-07 08:41:00,4,A54,3,A113,1437.29,USD,1437.29,USD,ACH,0
2026-01-07 08:41:00,1,A101,1,A81,685.21,USD,685.21,USD,ACH,0
2026-01-07 08:41:00,0,A190,4,A259,161.71,USD,161.71,USD,ACH,0
2026-01-07 08:42:00,4,A114,2,A257,316.01,USD,316.01,USD,ACH,0
2026-01-07 08:43:00,0,A10,3,A188,292.91,USD,292.91,USD,ACH,0
2026-01-07 08:43:00,3,A188,3,A268,529.85,USD,529.85,USD,ACH,0
2026-01-07 08:44:00,3,A223,3,A23,348.75,USD,348.75,USD,ACH,0
2026-01-07 08:47:00,3,A178,3,A98,1010.53,USD,1010.53,USD,ACH,0
2026-01-07 08:48:00,2,A2,0,A195,499.13,USD,499.13,USD,ACH,0
2026-01-07 08:51:00,4,A9,3,A218,630.27,USD,630.27,USD,ACH,0
2026-01-07 08:51:00,4,A209,3,A13,1216.93,USD,1216.93,USD,ACH,0
2026-01-07 08:52:00,2,A67,1,A176,335.91,USD,335.91,USD,ACH,0
2026-01-07 08:55:00,3,A18,3,A298,208.28,USD,208.28,USD,ACH,0
2026-01-07 08:55:00,2,A97,4,A214,235.81,USD,235.81,USD,ACH,0
2026-01-07 08:55:00,4,A199,0,A175,1094.61,USD,1094.61,USD,ACH,0
2026-01-07 08:56:00,2,A57,1,A151,199.35,USD,199.35,USD,ACH,0
2026-01-07 08:58:00,0,A260,1,A1,309.78,USD,309.78,USD,ACH,0
2026-01-07 08:58:00,2,A287,1,A131,1336.56,USD,1336.56,USD,ACH,0
2026-01-07 09:01:00,3,A3,0,A230,314.1,USD,314.1,USD,ACH,0
2026-01-07 09:03:00,0,A190,4,A209,229.82,USD,229.82,USD,ACH,0
2026-01-07 09:04:00,2,A197,0,A5,355.09,USD,355.09,USD,ACH,0
2026-01-07 09:09:00,4,A189,4,A169,688.72,USD,688.72,USD,ACH,0
2026-01-07 09:10:00,4,A84,2,A282,669.32,USD,669.32,USD,ACH,0
2026-01-07 09:16:00,3,A228,0,A90,321.69,USD,321.69,USD,ACH,0
2026-01-07 09:17:00,4,A244,2,A247,393.72,USD,393.72,USD,ACH,0
2026-01-07 09:18:00,2,A62,3,A273,152.27,USD,152.27,USD,ACH,0
2026-01-07 09:19:00,4,A39,2,A37,624.83,USD,624.83,USD,ACH,0
2026-01-07 09:19:00,2,A217,2,A52,562.86,USD,562.86,USD,ACH,0
2026-01-07 09:19:00,1,A281,3,A268,342.11,USD,342.11,USD,ACH,0
2026-01-07 09:20:00,2,A187,1,A186,489.06,USD,489.06,USD,ACH,0
2026-01-07 09:20:00,0,A195,2,A7,231.06,USD,231.06,USD,ACH,0
2026-01-07 09:22:00,3,A288,4,A79,935.27,USD,935.27,USD,ACH,0
2026-01-07 09:24:00,1,A161,0,A10,282.37,USD,282.37,USD,ACH,0
2026-01-07 09:25:00,2,A72,4,A104,631.57,USD,631.57,USD,ACH,0
2026-01-07 09:26:00,2,A147,2,A252,1262.04,USD,1262.04,USD,ACH,0
2026-01-07 09:26:00,2,A242,2,A222,453.74,USD,453.74,USD,ACH,0
2026-01-07 09:27:00,1,A136,4,A254,444.12,USD,444.12,USD,ACH,0
2026-01-07 09:27:00,4,A144,0,A145,437.79,USD,437.79,USD,ACH,0
2026-01-07 09:31:00,4,A269,4,A109,361.66,USD,361.66,USD,ACH,0
2026-01-07 09:32:00,0,A40,4,A119,294.78,USD,294.78,USD,ACH,0
2026-01-07 09:32:00,1,A206,1,A291,621.12,USD,621.12,USD,ACH,0
2026-01-07 09:32:00,2,A292,0,A245,466.85,USD,466.85,USD,ACH,0
2026-01-07 09:33:00,3,A153,0,A260,576.31,USD,576.31,USD,ACH,0
2026-01-07 09:34:00,1,A71,3,A288,1074.09,USD,1074.09,USD,ACH,0
2026-01-07 09:34:00,3,A298,2,A247,443.59,USD,443.59,USD,ACH,0
2026-01-07 09:35:00,0,A215,2,A242,306.87,USD,306.87,USD,ACH,0
2026-01-07 09:36:00,0,A35,3,A173,211.46,USD,211.46,USD,ACH,0
2026-01-07 09:37:00,1,A41,3,A18,264.76,USD,264.76,USD,ACH,0
2026-01-07 09:37:00,1,A266,1,A156,314.62,USD,314.62,USD,ACH,0
2026-01-07 09:40:00,0,A185,3,A18,737.58,USD,737.58,USD,ACH,0
2026-01-07 09:42:00,2,A157,1,A131,677.29,USD,677.29,USD,ACH,0
2026-01-07 09:42:00,4,A229,4,A244,1967.21,USD,1967.21,USD,ACH,0
2026-01-07 09:43:00,2,A297,3,A123,202.54,USD,202.54,USD,ACH,0
2026-01-07 09:48:00,2,A197,4,A224,287.18,USD,287.18,USD,ACH,0
2026-01-07 09:53:00,3,A268,4,A109,359.14,USD,359.14,USD,ACH,0
2026-01-07 09:54:00,0,A160,2,A112,252.71,USD,252.71,USD,ACH,0
2026-01-07 09:56:00,4,A254,1,A271,424.58,USD,424.58,USD,ACH,0
2026-01-07 09:57:00,1,A1,1,A281,239.7,USD,239.7,USD,ACH,0
2026-01-07 09:57:00,0,A115,4,A289,254.78,USD,254.78,USD,ACH,0
2026-01-07 09:58:00,2,A262,4,A84,222.41,USD,222.41,USD,ACH,0
2026-01-07 09:59:00,2,A272,0,A25,119.7,USD,119.7,USD,ACH,0
2026-01-07 10:01:00,1,A141,2,A237,336.62,USD,336.62,USD,ACH,0
2026-01-07 10:02:00,4,A169,1,A201,1027.73,USD,1027.73,USD,ACH,1
2026-01-07 10:05:00,1,A276,0,A295,751.2,USD,751.2,USD,ACH,0
2026-01-07 10:11:00,3,A113,3,A93,110.85,USD,110.85,USD,ACH,0
2026-01-07 10:12:00,4,A164,2,A92,316.33,USD,316.33,USD,ACH,0
2026-01-07 10:13:00,1,A231,2,A102,168.91,USD,168.91,USD,ACH,0
2026-01-07 10:13:00,3,A283,2,A112,475.02,USD,475.02,USD,ACH,0
2026-01-07 10:14:00,3,A58,3,A13,334.96,USD,334.96,USD,ACH,0
2026-01-07 10:14:00,0,A90,2,A192,212.74,USD,212.74,USD,ACH,0
2026-01-07 10:14:00,0,A270,3,A53,147.9,USD,147.9,USD,ACH,0
2026-01-07 10:16:00,4,A19,4,A254,1343.6,USD,1343.6,USD,ACH,0
2026-01-07 10:18:00,4,A239,2,A67,992.8,USD,992.8,USD,ACH,0
2026-01-07 10:19:00,4,A134,0,A50,384.42,USD,384.42,USD,ACH,0
2026-01-07 10:21:00,2,A42,2,A72,274.24,USD,274.24,USD,ACH,0
2026-01-07 10:24:00,2,A262,4,A184,94.48,USD,94.48,USD,ACH,0
2026-01-07 10:25:00,4,A44,4,A289,370.85,USD,370.85,USD,ACH,0
2026-01-07 10:28:00,0,A65,1,A96,366.06,USD,366.06,USD,ACH,0
2026-01-07 10:28:00,1,A281,4,A144,66.83,USD,66.83,USD,ACH,0
2026-01-07 10:29:00,3,A178,2,A22,452.61,USD,452.61,USD,ACH,0
2026-01-07 10:34:00,2,A22,0,A275,500.89,USD,500.89,USD,ACH,0
2026-01-07 10:36:00,4,A279,2,A122,654.51,USD,654.51,USD,ACH,0
2026-01-07 10:38:00,1,A81,2,A52,889.41,USD,889.41,USD,ACH,0
2026-01-07 10:39:00,1,A56,1,A206,355.79,USD,355.79,USD,ACH,0
2026-01-07 10:41:00,3,A248,0,A5,169.66,USD,169.66,USD,ACH,0
2026-01-07 10:43:00,3,A158,1,A196,432.63,USD,432.63,USD,ACH,0
2026-01-07 10:43:00,2,A212,3,A278,406.01,USD,406.01,USD,ACH,0
2026-01-07 10:44:00,1,A141,4,A239,615.63,USD,615.63,USD,ACH,0
2026-01-07 10:46:00,1,A126,4,A149,494.42,USD,494.42,USD,ACH,0
2026-01-07 10:47:00,1,A91,1,A181,130.83,USD,130.83,USD,ACH,0
2026-01-07 10:48:00,4,A134,4,A64,110.01,USD,110.01,USD,ACH,0
2026-01-07 10:50:00,0,A275,1,A146,1505.27,USD,1505.27,USD,ACH,0
2026-01-07 10:51:00,4,A119,0,A295,518.75,USD,518.75,USD,ACH,0
2026-01-07 10:52:00,4,A159,3,A13,2183.01,USD,2183.01,USD,ACH,0
2026-01-07 10:53:00,1,A96,1,A1,776.69,USD,776.69,USD,ACH,0
2026-01-07 10:53:00,2,A292,2,A67,152.43,USD,152.43,USD,ACH,0
2026-01-07 10:54:00,3,A53,1,A271,227.15,USD,227.15,USD,ACH,0
2026-01-07 10:57:00,1,A6,3,A213,390.49,USD,390.49,USD,ACH,0
2026-01-07 10:57:00,3,A98,3,A263,777.96,USD,777.96,USD,ACH,0
2026-01-07 10:58:00,2,A147,4,A69,219.04,USD,219.04,USD,ACH,0
2026-01-07 10:58:00,3,A158,2,A242,220.89,USD,220.89,USD,ACH,0
2026-01-07 11:00:00,2,A177,4,A259,494.83,USD,494.83,USD,ACH,0
2026-01-07 11:05:00,3,A118,3,A263,463.43,USD,463.43,USD,ACH,0
2026-01-07 11:05:00,4,A174,2,A197,251.15,USD,251.15,USD,ACH,0
2026-01-07 11:07:00,1,A146,4,A129,372.8,USD,372.8,USD,ACH,0
2026-01-07 11:10:00,0,A230,0,A290,113.71,USD,113.71,USD,ACH,0
2026-01-07 11:11:00,3,A28,0,A155,455.61,USD,455.61,USD,ACH,0
2026-01-07 11:12:00,4,A139,3,A123,592.03,USD,592.03,USD,ACH,0
2026-01-07 11:13:00,2,A67,3,A28,164.24,USD,164.24,USD,ACH,0
2026-01-07 11:14:00,3,A203,2,A287,215.07,USD,215.07,USD,ACH,0
2026-01-07 11:14:00,0,A220,1,A161,89.94,USD,89.94,USD,ACH,0
2026-01-07 11:14:00,0,A230,2,A282,319.73,USD,319.73,USD,ACH,0
2026-01-07 11:19:00,4,A204,3,A143,243.13,USD,243.13,USD,ACH,0
2026-01-07 11:20:00,1,A61,4,A204,631.77,USD,631.77,USD,ACH,0
2026-01-07 11:20:00,3,A123,1,A216,587.33,USD,587.33,USD,ACH,0
2026-01-07 11:20:00,2,A272,3,A133,455.47,USD,455.47,USD,ACH,0
2026-01-07 11:21:00,2,A7,2,A42,226.79,USD,226.79,USD,ACH,0
2026-01-07 11:23:00,1,A266,2,A172,320.63,USD,320.63,USD,ACH,0
2026-01-07 11:24:00,3,A88,4,A239,133.85,USD,133.85,USD,ACH,0
2026-01-07 11:29:00,4,A74,4,A179,1082.88,USD,1082.88,USD,ACH,0
2026-01-07 11:29:00,2,A277,0,A290,670.9,USD,670.9,USD,ACH,0
2026-01-07 11:30:00,3,A103,1,A141,437.75,USD,437.75,USD,ACH,0
2026-01-07 11:30:00,3,A183,1,A271,547.04,USD,547.04,USD,ACH,0
2026-01-07 11:30:00,2,A282,1,A126,600.02,USD,600.02,USD,ACH,0
2026-01-07 11:32:00,0,A130,4,A299,80.56,USD,80.56,USD,ACH,0
2026-01-07 11:33:00,3,A168,2,A272,427.92,USD,427.92,USD,ACH,0
2026-01-07 11:36:00,0,A10,3,A253,219.79,USD,219.79,USD,ACH,0
2026-01-07 11:37:00,1,A1,0,A70,190.33,USD,190.33,USD,ACH,0
2026-01-07 11:39:00,2,A27,1,A181,231.0,USD,231.0,USD,ACH,0
2026-01-07 11:40:00,2,A102,4,A289,771.12,USD,771.12,USD,ACH,0
2026-01-07 11:41:00,2,A182,1,A256,282.21,USD,282.21,USD,ACH,0
2026-01-07 11:43:00,0,A85,1,A1,776.94,USD,776.94,USD,ACH,0
2026-01-07 11:43:00,4,A144,4,A214,148.71,USD,148.71,USD,ACH,0
2026-01-07 11:44:00,4,A179,2,A107,221.29,USD,221.29,USD,ACH,0
2026-01-07 11:44:00,3,A208,1,A196,529.17,USD,529.17,USD,ACH,1
2026-01-07 11:47:00,0,A240,0,A155,2181.2,USD,2181.2,USD,ACH,0
2026-01-07 11:50:00,2,A207,3,A258,684.17,USD,684.17,USD,ACH,0
2026-01-07 11:51:00,3,A18,3,A28,1474.99,USD,1474.99,USD,ACH,0
2026-01-07 11:51:00,2,A77,0,A220,1972.36,USD,1972.36,USD,ACH,0
2026-01-07 11:53:00,3,A13,3,A28,521.24,USD,521.24,USD,ACH,0
2026-01-07 11:53:00,3,A43,0,A15,466.98,USD,466.98,USD,ACH,0
2026-01-07 11:54:00,0,A30,3,A48,194.3,USD,194.3,USD,ACH,0
2026-01-07 11:55:00,0,A45,2,A202,549.8,USD,549.8,USD,ACH,0
2026-01-07 11:55:00,4,A229,3,A93,740.82,USD,740.82,USD,ACH,0
2026-01-07 11:56:00,0,A75,0,A50,887.04,USD,887.04,USD,ACH,0
2026-01-07 11:56:00,4,A164,3,A63,484.07,USD,484.07,USD,ACH,1
2026-01-07 11:59:00,1,A226,3,A28,394.13,USD,394.13,USD,ACH,0
2026-01-07 12:00:00,3,A3,1,A296,2591.88,USD,2591.88,USD,Wire,0
2026-01-07 12:01:00,1,A56,4,A49,3009.94,USD,3009.94,USD,Wire,0
2026-01-07 12:01:00,4,A149,3,A103,2987.7,USD,2987.7,USD,ACH,0
2026-01-07 12:02:00,4,A144,2,A137,2779.24,USD,2779.24,USD,Wire,0
2026-01-07 12:03:00,2,A42,4,A264,596.38,USD,596.38,USD,ACH,0
2026-01-07 12:03:00,3,A248,1,A241,1396.65,USD,1396.65,USD,Wire,0
2026-01-07 12:04:00,4,A74,2,A67,2491.52,USD,2491.52,USD,Wire,0
2026-01-07 12:04:00,1,A171,4,A164,2008.59,USD,2008.59,USD,Wire,0
2026-01-07 12:04:00,1,A176,0,A235,458.6,USD,458.6,USD,ACH,0
2026-01-07 12:04:00,4,A234,2,A227,2413.65,USD,2413.65,USD,Wire,0
2026-01-07 12:04:00,0,A235,3,A228,3026.44,USD,3026.44,USD,Wire,0
2026-01-07 12:04:00,4,A294,2,A287,2413.22,USD,2413.22,USD,Wire,0
2026-01-07 12:04:00,1,A296,4,A289,2822.54,USD,2822.54,USD,Wire,0
2026-01-07 12:05:00,2,A32,0,A170,113.66,USD,113.66,USD,ACH,0
2026-01-07 12:05:00,3,A83,3,A23,109.03,USD,109.03,USD,ACH,0
2026-01-07 12:05:00,3,A93,1,A86,2528.81,USD,2528.81,USD,Wire,0
2026-01-07 12:05:00,4,A174,2,A167,2845.89,USD,2845.89,USD,Wire,0
2026-01-07 12:05:00,3,A223,1,A216,2442.98,USD,2442.98,USD,Wire,0
2026-01-07 12:06:00,4,A134,2,A127,2783.7,USD,2783.7,USD,Wire,0
2026-01-07 12:06:00,1,A236,4,A229,2928.01,USD,2928.01,USD,Wire,0
2026-01-07 12:06:00,4,A239,2,A17,487.42,USD,487.42,USD,ACH,0
2026-01-07 12:06:00,1,A261,4,A254,1928.91,USD,1928.91,USD,Wire,0
2026-01-07 12:06:00,4,A274,2,A287,1861.71,USD,1861.71,USD,ACH,0
2026-01-07 12:07:00,4,A34,2,A27,2486.68,USD,2486.68,USD,Wire,0
2026-01-07 12:07:00,0,A230,3,A223,1816.57,USD,1816.57,USD,Wire,0
2026-01-07 12:08:00,2,A7,2,A227,409.17,USD,409.17,USD,ACH,0
2026-01-07 12:08:00,1,A101,4,A94,2247.61,USD,2247.61,USD,Wire,0
2026-01-07 12:10:00,1,A16,4,A9,3190.09,USD,3190.09,USD,Wire,0
2026-01-07 12:10:00,1,A261,2,A257,189.69,USD,189.69,USD,ACH,0
2026-01-07 12:13:00,1,A61,4,A54,1949.84,USD,1949.84,USD,Wire,0
2026-01-07 12:13:00,2,A62,2,A197,274.39,USD,274.39,USD,ACH,0
2026-01-07 12:13:00,3,A123,1,A116,2443.69,USD,2443.69,USD,Wire,0
2026-01-07 12:13:00,1,A156,0,A80,378.27,USD,378.27,USD,ACH,0
2026-01-07 12:13:00,4,A184,2,A177,2479.59,USD,2479.59,USD,Wire,0
2026-01-07 12:13:00,3,A188,1,A181,1663.93,USD,1663.93,USD,Wire,0
2026-01-07 12:13:00,4,A279,2,A272,1544.63,USD,1544.63,USD,Wire,0
2026-01-07 12:14:00,1,A26,4,A19,2879.95,USD,2879.95,USD,Wire,0
2026-01-07 12:14:00,4,A264,2,A257,2734.5,USD,2734.5,USD,Wire,0
2026-01-07 12:14:00,4,A299,2,A292,1689.68,USD,1689.68,USD,Wire,0
2026-01-07 12:15:00,1,A86,4,A79,2827.2,USD,2827.2,USD,Wire,0
2026-01-07 12:15:00,0,A110,3,A103,1845.1,USD,1845.1,USD,Wire,0
2026-01-07 12:16:00,2,A72,0,A65,2154.03,USD,2154.03,USD,Wire,0
2026-01-07 12:16:00,1,A116,1,A56,1038.91,USD,1038.91,USD,ACH,0
2026-01-07 12:16:00,2,A142,0,A50,630.71,USD,630.71,USD,ACH,0
2026-01-07 12:16:00,0,A155,3,A148,2998.07,USD,2998.07,USD,Wire,0
2026-01-07 12:16:00,1,A276,4,A269,3160.06,USD,3160.06,USD,Wire,0
2026-01-07 12:17:00,1,A226,4,A219,3255.3,USD,3255.3,USD,Wire,0
2026-01-07 12:17:00,2,A282,1,A186,104.04,USD,104.04,USD,ACH,0
2026-01-07 12:18:00,4,A44,2,A37,2696.55,USD,2696.55,USD,Wire,0
2026-01-07 12:19:00,4,A94,2,A87,2588.36,USD,2588.36,USD,Wire,0
2026-01-07 12:19:00,4,A124,2,A117,2446.33,USD,2446.33,USD,Wire,0
2026-01-07 12:19:00,4,A284,2,A277,2762.69,USD,2762.69,USD,Wire,0
2026-01-07 12:20:00,1,A296,4,A9,2370.04,USD,2370.04,USD,Wire,0
2026-01-07 12:21:00,4,A49,2,A62,2714.71,USD,2714.71,USD,Wire,0
2026-01-07 12:21:00,1,A86,1,A181,2124.66,USD,2124.66,USD,ACH,0
2026-01-07 12:22:00,4,A109,0,A150,670.79,USD,670.79,USD,ACH,1
2026-01-07 12:22:00,2,A137,0,A150,2734.54,USD,2734.54,USD,Wire,0
2026-01-07 12:23:00,1,A241,4,A254,1324.66,USD,1324.66,USD,Wire,0
2026-01-07 12:24:00,2,A37,2,A242,419.16,USD,419.16,USD,ACH,0
2026-01-07 12:24:00,2,A67,0,A80,2283.5,USD,2283.5,USD,Wire,0
2026-01-07 12:24:00,4,A164,2,A177,1877.18,USD,1877.18,USD,Wire,0
2026-01-07 12:24:00,2,A227,0,A240,2261.1,USD,2261.1,USD,Wire,0
2026-01-07 12:24:00,3,A228,1,A241,2799.48,USD,2799.48,USD,Wire,0
2026-01-07 12:24:00,2,A287,0,A0,2190.8,USD,2190.8,USD,Wire,0
2026-01-07 12:24:00,4,A289,2,A2,2564.47,USD,2564.47,USD,Wire,0
2026-01-07 12:25:00,1,A86,4,A99,2361.03,USD,2361.03,USD,Wire,0
2026-01-07 12:25:00,2,A167,0,A180,2781.98,USD,2781.98,USD,Wire,0
2026-01-07 12:25:00,1,A216,4,A229,2295.13,USD,2295.13,USD,Wire,0
2026-01-07 12:25:00,0,A245,3,A8,930.28,USD,930.28,USD,ACH,0
2026-01-07 12:26:00,2,A122,3,A118,720.0,USD,720.0,USD,ACH,0
2026-01-07 12:26:00,2,A127,0,A140,2620.59,USD,2620.59,USD,Wire,0
2026-01-07 12:26:00,2,A152,4,A59,438.46,USD,438.46,USD,ACH,0
2026-01-07 12:26:00,4,A229,2,A242,2716.04,USD,2716.04,USD,Wire,0
2026-01-07 12:26:00,4,A254,2,A267,1891.45,USD,1891.45,USD,Wire,0
2026-01-07 12:27:00,2,A27,0,A40,2273.12,USD,2273.12,USD,Wire,0
2026-01-07 12:27:00,3,A223,1,A236,1722.36,USD,1722.36,USD,Wire,0
2026-01-07 12:28:00,4,A94,2,A107,2187.33,USD,2187.33,USD,Wire,0
2026-01-07 12:28:00,2,A137,0,A5,536.73,USD,536.73,USD,ACH,0
2026-01-07 12:28:00,0,A295,3,A188,2281.41,USD,2281.41,USD,ACH,0
2026-01-07 12:30:00,4,A9,2,A22,3094.28,USD,3094.28,USD,Wire,0
2026-01-07 12:30:00,2,A37,4,A254,255.68,USD,255.68,USD,ACH,0
2026-01-07 12:30:00,0,A275,0,A110,563.43,USD,563.43,USD,ACH,0
2026-01-07 12:31:00,3,A103,0,A230,120.72,USD,120.72,USD,ACH,0
2026-01-07 12:31:00,0,A145,4,A254,655.58,USD,655.58,USD,ACH,0
2026-01-07 12:33:00,4,A54,2,A67,1919.58,USD,1919.58,USD,Wire,0
2026-01-07 12:33:00,1,A116,4,A129,2310.52,USD,2310.52,USD,Wire,0
2026-01-07 12:33:00,2,A177,0,A190,2375.95,USD,2375.95,USD,Wire,0
2026-01-07 12:33:00,1,A181,4,A194,1532.81,USD,1532.81,USD,Wire,0
2026-01-07 12:33:00,2,A272,0,A285,1479.08,USD,1479.08,USD,Wire,0
2026-01-07 12:34:00,4,A19,2,A32,2664.18,USD,2664.18,USD,Wire,0
2026-01-07 12:34:00,4,A204,2,A82,213.84,USD,213.84,USD,ACH,0
2026-01-07 12:34:00,2,A257,0,A270,2462.11,USD,2462.11,USD,Wire,0
2026-01-07 12:34:00,2,A292,0,A5,1615.25,USD,1615.25,USD,Wire,0
2026-01-07 12:35:00,4,A79,2,A92,2696.91,USD,2696.91,USD,Wire,0
2026-01-07 12:35:00,3,A103,1,A116,1693.21,USD,1693.21,USD,Wire,0
2026-01-07 12:36:00,0,A65,3,A78,1946.58,USD,1946.58,USD,Wire,0
2026-01-07 12:36:00,2,A87,0,A70,354.28,USD,354.28,USD,ACH,0
2026-01-07 12:36:00,3,A148,1,A161,2734.76,USD,2734.76,USD,Wire,0
2026-01-07 12:36:00,4,A269,2,A282,2878.67,USD,2878.67,USD,Wire,0
2026-01-07 12:37:00,4,A219,2,A232,2996.77,USD,2996.77,USD,Wire,0
2026-01-07 12:38:00,2,A37,0,A50,2587.03,USD,2587.03,USD,Wire,0
2026-01-07 12:38:00,2,A192,1,A116,190.18,USD,190.18,USD,ACH,0
2026-01-07 12:39:00,2,A87,0,A100,2506.81,USD,2506.81,USD,Wire,0
2026-01-07 12:39:00,2,A117,0,A130,2386.44,USD,2386.44,USD,Wire,0
2026-01-07 12:39:00,2,A277,0,A290,2665.13,USD,2665.13,USD,Wire,0
2026-01-07 12:42:00,4,A129,2,A82,193.46,USD,193.46,USD,ACH,0
2026-01-07 12:42:00,4,A234,4,A59,464.51,USD,464.51,USD,ACH,0
2026-01-07 12:47:00,0,A130,4,A294,290.84,USD,290.84,USD,ACH,0
2026-01-07 12:49:00,3,A23,3,A48,377.28,USD,377.28,USD,ACH,0
2026-01-07 12:51:00,0,A185,3,A168,374.75,USD,374.75,USD,ACH,0
2026-01-07 12:54:00,1,A106,0,A265,388.67,USD,388.67,USD,ACH,1
2026-01-07 12:54:00,4,A214,4,A149,299.97,USD,299.97,USD,ACH,0
2026-01-07 12:56:00,4,A64,3,A253,592.78,USD,592.78,USD,ACH,0
2026-01-07 12:59:00,4,A219,3,A58,3503.32,USD,3503.32,USD,ACH,0
2026-01-07 13:00:00,0,A155,2,A17,1204.13,USD,1204.13,USD,ACH,0
2026-01-07 13:00:00,3,A218,4,A199,440.45,USD,440.45,USD,ACH,0
2026-01-07 13:01:00,2,A267,0,A175,452.98,USD,452.98,USD,ACH,0
2026-01-07 13:03:00,4,A104,4,A59,254.58,USD,254.58,USD,ACH,0
2026-01-07 13:05:00,3,A108,4,A94,530.43,USD,530.43,USD,ACH,0
2026-01-07 13:05:00,0,A180,0,A225,226.97,USD,226.97,USD,ACH,0
2026-01-07 13:06:00,4,A39,0,A45,225.47,USD,225.47,USD,ACH,0
2026-01-07 13:08:00,1,A196,3,A213,641.08,USD,641.08,USD,ACH,0
2026-01-07 13:08:00,4,A259,3,A113,326.7,USD,326.7,USD,ACH,0
2026-01-07 13:11:00,1,A286,1,A136,280.88,USD,280.88,USD,ACH,0
2026-01-07 13:11:00,1,A296,1,A26,766.65,USD,766.65,USD,ACH,0
2026-01-07 13:13:00,4,A24,0,A180,421.54,USD,421.54,USD,ACH,0
2026-01-07 13:13:00,2,A137,3,A273,472.85,USD,472.85,USD,ACH,0
2026-01-07 13:15:00,3,A233,2,A232,287.74,USD,287.74,USD,ACH,0
2026-01-07 13:17:00,0,A55,0,A255,791.75,USD,791.75,USD,ACH,0
2026-01-07 13:19:00,4,A4,4,A254,280.46,USD,280.46,USD,ACH,0
2026-01-07 13:27:00,1,A146,3,A73,550.18,USD,550.18,USD,ACH,0
2026-01-07 13:30:00,0,A0,3,A63,154.68,USD,154.68,USD,ACH,0
2026-01-07 13:32:00,0,A135,3,A168,338.9,USD,338.9,USD,ACH,0
2026-01-07 13:36:00,1,A181,2,A67,148.81,USD,148.81,USD,ACH,0
2026-01-07 13:36:00,1,A236,1,A126,787.6,USD,787.6,USD,ACH,0
2026-01-07 13:37:00,3,A173,3,A183,1723.06,USD,1723.06,USD,ACH,0
2026-01-07 13:40:00,1,A131,1,A31,215.33,USD,215.33,USD,ACH,0
2026-01-07 13:46:00,1,A116,3,A238,393.93,USD,393.93,USD,ACH,0
2026-01-07 13:47:00,0,A205,3,A268,516.35,USD,516.35,USD,ACH,0
2026-01-07 13:48:00,0,A25,4,A279,179.08,USD,179.08,USD,ACH,1
2026-01-07 13:48:00,4,A49,0,A175,234.27,USD,234.27,USD,ACH,1
2026-01-07 13:48:00,2,A82,2,A52,305.46,USD,305.46,USD,ACH,0
2026-01-07 13:49:00,1,A76,1,A221,506.09,USD,506.09,USD,ACH,0
2026-01-07 13:52:00,4,A184,4,A104,93.61,USD,93.61,USD,ACH,0
2026-01-07 13:55:00,3,A38,1,A176,347.82,USD,347.82,USD,ACH,0
2026-01-07 13:57:00,0,A110,4,A159,421.72,USD,421.72,USD,ACH,0
2026-01-07 13:57:00,2,A112,2,A272,182.92,USD,182.92,USD,ACH,0
2026-01-07 13:58:00,2,A227,2,A237,794.55,USD,794.55,USD,ACH,0
2026-01-07 13:58:00,3,A278,4,A144,537.32,USD,537.32,USD,ACH,0
2026-01-07 14:00:00,4,A94,0,A285,265.81,USD,265.81,USD,ACH,0
2026-01-07 14:01:00,1,A66,4,A54,320.51,USD,320.51,USD,ACH,0
2026-01-07 14:01:00,3,A163,2,A2,517.95,USD,517.95,USD,ACH,0
2026-01-07 14:02:00,3,A128,4,A224,494.51,USD,494.51,USD,ACH,0
2026-01-07 14:03:00,0,A5,3,A98,246.99,USD,246.99,USD,ACH,0
2026-01-07 14:04:00,4,A124,0,A195,551.26,USD,551.26,USD,ACH,0
2026-01-07 14:10:00,0,A15,0,A70,189.86,USD,189.86,USD,ACH,0
2026-01-07 14:10:00,2,A47,1,A261,1007.41,USD,1007.41,USD,ACH,0
2026-01-07 14:10:00,2,A132,1,A36,892.28,USD,892.28,USD,ACH,0
2026-01-07 14:11:00,0,A245,2,A172,300.71,USD,300.71,USD,ACH,0
2026-01-07 14:11:00,0,A285,0,A0,1010.6,USD,1010.6,USD,ACH,0
2026-01-07 14:13:00,3,A298,3,A243,433.21,USD,433.21,USD,ACH,1
2026-01-07 14:16:00,3,A63,3,A243,552.22,USD,552.22,USD,ACH,0
2026-01-07 14:17:00,0,A165,0,A125,219.56,USD,219.56,USD,ACH,0
2026-01-07 14:18:00,0,A90,1,A61,275.25,USD,275.25,USD,ACH,0
2026-01-07 14:19:00,4,A99,2,A267,1251.12,USD,1251.12,USD,ACH,0
2026-01-07 14:20:00,0,A165,1,A216,313.18,USD,313.18,USD,ACH,0
2026-01-07 14:27:00,3,A138,1,A111,1097.86,USD,1097.86,USD,ACH,0
2026-01-07 14:27:00,1,A211,4,A124,539.47,USD,539.47,USD,ACH,0
2026-01-07 14:27:00,3,A228,2,A277,986.33,USD,986.33,USD,ACH,0
2026-01-07 14:27:00,3,A238,2,A77,1202.34,USD,1202.34,USD,ACH,0
2026-01-07 14:28:00,3,A23,4,A244,273.62,USD,273.62,USD,ACH,0
2026-01-07 14:28:00,1,A36,4,A129,230.34,USD,230.34,USD,ACH,0
2026-01-07 14:30:00,4,A69,3,A93,1219.89,USD,1219.89,USD,ACH,0
2026-01-07 14:32:00,0,A200,3,A83,159.98,USD,159.98,USD,ACH,0
2026-01-07 14:33:00,1,A56,2,A297,328.75,USD,328.75,USD,ACH,0
2026-01-07 14:33:00,1,A166,3,A193,389.8,USD,389.8,USD,ACH,0
2026-01-07 14:37:00,1,A16,0,A70,701.19,USD,701.19,USD,ACH,0
2026-01-07 14:38:00,0,A100,4,A19,817.5,USD,817.5,USD,ACH,0
2026-01-07 14:38:00,0,A265,4,A184,219.6,USD,219.6,USD,ACH,0
2026-01-07 14:38:00,3,A278,1,A101,622.34,USD,622.34,USD,ACH,0
2026-01-07 14:39:00,2,A172,3,A58,237.82,USD,237.82,USD,ACH,0
2026-01-07 14:41:00,0,A225,3,A253,575.29,USD,575.29,USD,ACH,1
2026-01-07 14:41:00,4,A294,2,A37,486.14,USD,486.14,USD,ACH,0
2026-01-07 14:46:00,1,A201,0,A20,182.83,USD,182.83,USD,ACH,0
2026-01-07 14:49:00,3,A3,2,A147,313.46,USD,313.46,USD,ACH,0
2026-01-07 14:49:00,3,A113,4,A9,475.76,USD,475.76,USD,ACH,0
2026-01-07 14:53:00,0,A235,3,A118,661.97,USD,661.97,USD,ACH,0
2026-01-07 14:53:00,1,A246,1,A31,646.14,USD,646.14,USD,ACH,0
2026-01-07 14:57:00,1,A216,4,A99,546.11,USD,546.11,USD,ACH,0
2026-01-07 15:01:00,3,A148,1,A1,1362.81,USD,1362.81,USD,ACH,0
2026-01-07 15:02:00,2,A117,3,A103,556.1,USD,556.1,USD,ACH,0
2026-01-07 15:03:00,0,A140,2,A32,124.92,USD,124.92,USD,ACH,0
2026-01-07 15:05:00,4,A49,2,A202,178.45,USD,178.45,USD,ACH,0
2026-01-07 15:05:00,3,A243,4,A44,664.81,USD,664.81,USD,ACH,0
2026-01-07 15:06:00,2,A257,3,A123,731.37,USD,731.37,USD,ACH,0
2026-01-07 15:08:00,2,A247,3,A3,1010.21,USD,1010.21,USD,ACH,0
2026-01-07 15:09:00,2,A267,2,A12,422.93,USD,422.93,USD,ACH,0
2026-01-07 15:10:00,2,A287,4,A34,248.85,USD,248.85,USD,ACH,1
2026-01-07 15:11:00,1,A46,0,A200,481.87,USD,481.87,USD,ACH,0
2026-01-07 15:12:00,2,A72,0,A80,1062.87,USD,1062.87,USD,ACH,0
2026-01-07 15:12:00,1,A76,2,A52,519.97,USD,519.97,USD,ACH,0
2026-01-07 15:12:00,0,A175,4,A184,657.6,USD,657.6,USD,ACH,0
2026-01-07 15:15:00,0,A280,1,A196,65.87,USD,65.87,USD,ACH,0
2026-01-07 15:17:00,0,A205,3,A248,507.3,USD,507.3,USD,ACH,0
2026-01-07 15:18:00,1,A176,2,A112,479.39,USD,479.39,USD,ACH,0
2026-01-07 15:18:00,0,A220,2,A112,275.94,USD,275.94,USD,ACH,0
2026-01-07 15:19:00,2,A172,1,A66,126.43,USD,126.43,USD,ACH,0
2026-01-07 15:20:00,1,A271,4,A114,684.1,USD,684.1,USD,ACH,0
2026-01-07 15:21:00,0,A145,0,A150,304.29,USD,304.29,USD,ACH,0
2026-01-07 15:22:00,1,A166,0,A50,265.73,USD,265.73,USD,ACH,1
2026-01-07 15:22:00,3,A213,4,A129,381.09,USD,381.09,USD,ACH,0
2026-01-07 15:24:00,2,A142,0,A45,422.74,USD,422.74,USD,ACH,0
2026-01-07 15:24:00,4,A259,3,A148,390.79,USD,390.79,USD,ACH,0
2026-01-07 15:26:00,2,A107,0,A110,187.97,USD,187.97,USD,ACH,0
2026-01-07 15:26:00,0,A150,0,A70,89.14,USD,89.14,USD,ACH,1
2026-01-07 15:27:00,1,A51,0,A80,561.22,USD,561.22,USD,ACH,0
2026-01-07 15:28:00,4,A194,1,A201,256.54,USD,256.54,USD,ACH,0
2026-01-07 15:30:00,0,A120,4,A124,573.95,USD,573.95,USD,ACH,0
2026-01-07 15:31:00,4,A89,1,A81,372.99,USD,372.99,USD,ACH,0
2026-01-07 15:31:00,1,A296,3,A38,383.96,USD,383.96,USD,ACH,0
2026-01-07 15:32:00,3,A68,1,A31,742.69,USD,742.69,USD,ACH,1
2026-01-07 15:32:00,3,A78,1,A291,382.51,USD,382.51,USD,ACH,0
2026-01-07 15:32:00,1,A201,3,A13,1187.62,USD,1187.62,USD,ACH,0
2026-01-07 15:34:00,4,A4,4,A139,336.43,USD,336.43,USD,ACH,0
2026-01-07 15:35:00,3,A273,3,A158,312.21,USD,312.21,USD,ACH,0
2026-01-07 15:35:00,2,A297,2,A162,1275.95,USD,1275.95,USD,ACH,0
2026-01-07 15:37:00,4,A264,3,A298,434.47,USD,434.47,USD,ACH,0
2026-01-07 15:39:00,2,A57,2,A102,584.63,USD,584.63,USD,ACH,0
2026-01-07 15:42:00,0,A50,2,A287,96.92,USD,96.92,USD,ACH,0
2026-01-07 15:42:00,1,A251,1,A166,72.01,USD,72.01,USD,ACH,0
2026-01-07 15:43:00,4,A249,4,A159,650.61,USD,650.61,USD,ACH,0
2026-01-07 15:46:00,4,A14,1,A81,1137.69,USD,1137.69,USD,ACH,0
2026-01-07 15:47:00,3,A263,3,A53,258.73,USD,258.73,USD,ACH,0
2026-01-07 15:49:00,4,A269,2,A232,1136.42,USD,1136.42,USD,ACH,0
2026-01-07 15:50:00,4,A89,2,A62,610.39,USD,610.39,USD,ACH,0
2026-01-07 15:50:00,4,A149,4,A169,1507.67,USD,1507.67,USD,ACH,0
2026-01-07 15:50:00,2,A237,4,A74,374.42,USD,374.42,USD,ACH,0
2026-01-07 15:53:00,1,A256,1,A6,1622.49,USD,1622.49,USD,ACH,0
2026-01-07 15:55:00,4,A94,3,A78,335.06,USD,335.06,USD,ACH,0
2026-01-07 15:55:00,4,A169,2,A32,355.11,USD,355.11,USD,ACH,0
2026-01-07 16:00:00,2,A17,4,A9,205.65,USD,205.65,USD,ACH,0
2026-01-07 16:00:00,0,A20,4,A144,764.39,USD,764.39,USD,ACH,0
2026-01-07 16:02:00,4,A289,0,A70,204.07,USD,204.07,USD,ACH,0
2026-01-07 16:03:00,2,A237,4,A64,630.27,USD,630.27,USD,ACH,0
2026-01-07 16:05:00,4,A79,2,A152,465.33,USD,465.33,USD,ACH,0
2026-01-07 16:10:00,0,A45,2,A132,99.0,USD,99.0,USD,ACH,0
2026-01-07 16:16:00,0,A255,0,A110,261.22,USD,261.22,USD,ACH,0
2026-01-07 16:17:00,1,A196,0,A10,633.87,USD,633.87,USD,ACH,0
2026-01-07 16:18:00,3,A283,3,A288,435.79,USD,435.79,USD,ACH,1
2026-01-07 16:21:00,1,A241,2,A152,270.55,USD,270.55,USD,ACH,0
2026-01-07 16:23:00,4,A59,0,A210,966.89,USD,966.89,USD,ACH,0
2026-01-07 16:23:00,4,A299,0,A145,187.3,USD,187.3,USD,ACH,0
2026-01-07 16:25:00,1,A16,4,A154,503.06,USD,503.06,USD,ACH,0
2026-01-07 16:25:00,2,A202,1,A256,325.57,USD,325.57,USD,ACH,0
2026-01-07 16:26:00,2,A107,0,A35,388.58,USD,388.58,USD,ACH,0
2026-01-07 16:27:00,2,A102,4,A154,1203.6,USD,1203.6,USD,ACH,0
2026-01-07 16:28:00,1,A136,4,A14,511.91,USD,511.91,USD,ACH,0
2026-01-07 16:28:00,3,A198,4,A104,156.67,USD,156.67,USD,ACH,0
2026-01-07 16:30:00,0,A105,2,A207,204.1,USD,204.1,USD,ACH,0
2026-01-07 16:30:00,3,A223,0,A275,224.66,USD,224.66,USD,ACH,0
2026-01-07 16:32:00,3,A188,3,A23,499.85,USD,499.85,USD,ACH,0
2026-01-07 16:33:00,1,A221,1,A156,215.28,USD,215.28,USD,ACH,0
2026-01-07 16:36:00,4,A59,4,A274,267.48,USD,267.48,USD,ACH,0
2026-01-07 16:38:00,2,A187,2,A77,1146.27,USD,1146.27,USD,ACH,0
2026-01-07 16:38:00,1,A191,0,A90,497.11,USD,497.11,USD,ACH,0
2026-01-07 16:38:00,4,A279,3,A58,1133.66,USD,1133.66,USD,ACH,0
2026-01-07 16:39:00,1,A186,0,A165,1842.22,USD,1842.22,USD,ACH,0
2026-01-07 16:41:00,1,A161,1,A131,262.35,USD,262.35,USD,ACH,0
2026-01-07 16:43:00,1,A121,1,A151,99.9,USD,99.9,USD,ACH,0
2026-01-07 16:50:00,3,A193,0,A105,471.49,USD,471.49,USD,ACH,0
2026-01-07 16:51:00,1,A251,0,A240,347.98,USD,347.98,USD,ACH,0
2026-01-07 16:51:00,3,A258,0,A225,707.87,USD,707.87,USD,ACH,1
2026-01-07 16:52:00,3,A58,4,A159,455.09,USD,455.09,USD,ACH,0
2026-01-07 16:53:00,4,A254,1,A226,861.16,USD,861.16,USD,ACH,0
2026-01-07 16:54:00,0,A25,1,A26,436.72,USD,436.72,USD,ACH,1
2026-01-07 16:55:00,2,A177,1,A41,381.43,USD,381.43,USD,ACH,0
2026-01-07 16:57:00,0,A210,0,A270,134.24,USD,134.24,USD,ACH,0
2026-01-07 17:01:00,4,A189,3,A248,763.55,USD,763.55,USD,ACH,1
2026-01-07 17:04:00,3,A198,2,A172,1098.06,USD,1098.06,USD,ACH,0
2026-01-07 17:04:00,3,A213,0,A145,187.0,USD,187.0,USD,ACH,0
2026-01-07 17:05:00,2,A87,2,A97,291.92,USD,291.92,USD,ACH,1
2026-01-07 17:06:00,4,A284,3,A188,267.01,USD,267.01,USD,ACH,0
2026-01-07 17:07:00,2,A127,2,A107,417.3,USD,417.3,USD,ACH,0
2026-01-07 17:08:00,3,A8,2,A192,265.26,USD,265.26,USD,ACH,0
2026-01-07 17:08:00,0,A40,4,A279,136.58,USD,136.58,USD,ACH,0
2026-01-07 17:08:00,0,A70,0,A225,149.68,USD,149.68,USD,ACH,0
2026-01-07 17:10:00,4,A214,3,A228,77.19,USD,77.19,USD,ACH,0
2026-01-07 17:11:00,2,A47,4,A39,839.44,USD,839.44,USD,ACH,0
2026-01-07 17:12:00,1,A31,3,A138,405.86,USD,405.86,USD,ACH,0
2026-01-07 17:12:00,1,A41,2,A237,573.85,USD,573.85,USD,ACH,0
2026-01-07 17:13:00,3,A288,4,A184,271.54,USD,271.54,USD,ACH,1
2026-01-07 17:14:00,2,A22,0,A135,66.97,USD,66.97,USD,ACH,0
2026-01-07 17:15:00,0,A290,0,A45,304.24,USD,304.24,USD,ACH,0
2026-01-07 17:16:00,4,A174,1,A261,165.71,USD,165.71,USD,ACH,0
2026-01-07 17:17:00,0,A250,1,A241,357.55,USD,357.55,USD,ACH,0
2026-01-07 17:18:00,0,A75,3,A283,240.37,USD,240.37,USD,ACH,0
2026-01-07 17:18:00,0,A295,1,A56,921.11,USD,921.11,USD,ACH,0
2026-01-07 17:21:00,0,A60,2,A62,304.88,USD,304.88,USD,ACH,0
2026-01-07 17:23:00,4,A34,3,A193,274.38,USD,274.38,USD,ACH,0
2026-01-07 17:23:00,3,A128,3,A68,378.62,USD,378.62,USD,ACH,0
2026-01-07 17:27:00,2,A32,1,A116,206.35,USD,206.35,USD,ACH,0
2026-01-07 17:31:00,1,A171,0,A115,148.0,USD,148.0,USD,ACH,0
2026-01-07 17:33:00,0,A95,3,A198,464.68,USD,464.68,USD,ACH,0
2026-01-07 17:37:00,2,A92,0,A25,260.87,USD,260.87,USD,ACH,0
2026-01-07 17:38:00,3,A33,4,A194,180.2,USD,180.2,USD,ACH,0
2026-01-07 17:39:00,2,A92,3,A3,144.98,USD,144.98,USD,ACH,0
2026-01-07 17:39:00,3,A168,1,A131,519.44,USD,519.44,USD,ACH,0
2026-01-07 17:40:00,2,A242,3,A183,133.15,USD,133.15,USD,ACH,0
2026-01-07 17:41:00,3,A68,2,A12,409.12,USD,409.12,USD,ACH,1
2026-01-07 17:41:00,2,A162,3,A293,238.7,USD,238.7,USD,ACH,0
2026-01-07 17:42:00,1,A111,4,A239,125.9,USD,125.9,USD,ACH,0
2026-01-07 17:42:00,4,A224,3,A248,287.45,USD,287.45,USD,ACH,0
2026-01-07 17:43:00,2,A257,3,A8,109.78,USD,109.78,USD,ACH,0
2026-01-07 17:44:00,3,A238,1,A226,160.42,USD,160.42,USD,ACH,0
2026-01-07 17:49:00,1,A61,3,A78,131.63,USD,131.63,USD,ACH,0
2026-01-07 17:49:00,0,A170,1,A186,86.53,USD,86.53,USD,ACH,1
2026-01-07 17:50:00,4,A154,2,A297,103.05,USD,103.05,USD,ACH,0
2026-01-07 17:51:00,3,A208,4,A274,735.57,USD,735.57,USD,ACH,0
2026-01-07 17:52:00,3,A73,0,A115,347.99,USD,347.99,USD,ACH,0
2026-01-07 17:53:00,1,A26,4,A79,1238.14,USD,1238.14,USD,ACH,0
2026-01-07 17:55:00,0,A70,4,A34,726.97,USD,726.97,USD,ACH,0
2026-01-07 17:55:00,3,A78,4,A49,228.71,USD,228.71,USD,ACH,0
2026-01-07 17:56:00,2,A12,4,A269,256.72,USD,256.72,USD,ACH,0
2026-01-07 17:58:00,3,A93,3,A173,1291.98,USD,1291.98,USD,ACH,0
2026-01-07 17:58:00,2,A202,0,A285,397.94,USD,397.94,USD,ACH,0
2026-01-07 17:59:00,3,A143,0,A265,456.47,USD,456.47,USD,ACH,0
2026-01-08 08:00:00,2,A67,4,A154,969.06,USD,969.06,USD,ACH,1
2026-01-08 08:04:00,1,A16,2,A42,220.53,USD,220.53,USD,ACH,0
2026-01-08 08:04:00,2,A37,2,A87,239.19,USD,239.19,USD,ACH,1
2026-01-08 08:04:00,1,A256,1,A41,244.54,USD,244.54,USD,ACH,0
2026-01-08 08:05:00,4,A44,0,A245,144.49,USD,144.49,USD,ACH,0
2026-01-08 08:05:00,1,A216,0,A15,707.42,USD,707.42,USD,ACH,0
2026-01-08 08:05:00,3,A218,2,A142,1187.29,USD,1187.29,USD,ACH,0
2026-01-08 08:07:00,1,A231,3,A258,137.19,USD,137.19,USD,ACH,0
2026-01-08 08:07:00,4,A264,0,A195,463.69,USD,463.69,USD,ACH,0
2026-01-08 08:09:00,0,A25,4,A129,682.7,USD,682.7,USD,ACH,0
2026-01-08 08:10:00,1,A106,3,A253,634.01,USD,634.01,USD,ACH,0
2026-01-08 08:11:00,2,A47,0,A20,3051.38,USD,3051.38,USD,ACH,0
2026-01-08 08:14:00,3,A263,3,A213,229.33,USD,229.33,USD,ACH,0
2026-01-08 08:15:00,3,A78,0,A255,588.12,USD,588.12,USD,ACH,0
2026-01-08 08:15:00,1,A146,2,A92,685.79,USD,685.79,USD,ACH,0
2026-01-08 08:15:00,0,A295,4,A214,257.59,USD,257.59,USD,ACH,0
2026-01-08 08:16:00,4,A169,1,A176,455.3,USD,455.3,USD,ACH,0
2026-01-08 08:17:00,3,A98,0,A220,877.38,USD,877.38,USD,ACH,0
2026-01-08 08:18:00,4,A9,1,A291,991.65,USD,991.65,USD,ACH,0
2026-01-08 08:18:00,3,A108,0,A220,1020.83,USD,1020.83,USD,ACH,0
2026-01-08 08:19:00,0,A275,0,A35,664.52,USD,664.52,USD,ACH,0
2026-01-08 08:22:00,1,A51,2,A97,608.19,USD,608.19,USD,ACH,1
2026-01-08 08:22:00,1,A271,0,A70,222.42,USD,222.42,USD,ACH,0
2026-01-08 08:23:00,1,A76,0,A240,261.33,USD,261.33,USD,ACH,0
2026-01-08 08:24:00,3,A113,4,A249,835.03,USD,835.03,USD,ACH,0
2026-01-08 08:25:00,1,A11,4,A239,101.15,USD,101.15,USD,ACH,0
2026-01-08 08:26:00,0,A190,3,A243,168.43,USD,168.43,USD,ACH,0
2026-01-08 08:26:00,2,A197,2,A32,925.22,USD,925.22,USD,ACH,0
2026-01-08 08:27:00,4,A299,3,A273,357.62,USD,357.62,USD,ACH,0
2026-01-08 08:28:00,0,A145,1,A21,264.98,USD,264.98,USD,ACH,0
2026-01-08 08:28:00,1,A186,3,A38,412.51,USD,412.51,USD,ACH,0
2026-01-08 08:30:00,2,A102,4,A154,745.21,USD,745.21,USD,ACH,0
2026-01-08 08:30:00,4,A259,1,A151,501.07,USD,501.07,USD,ACH,0
2026-01-08 08:30:00,3,A298,2,A202,650.73,USD,650.73,USD,ACH,0
2026-01-08 08:32:00,4,A144,0,A275,242.38,USD,242.38,USD,ACH,0
2026-01-08 08:33:00,0,A175,2,A67,484.35,USD,484.35,USD,ACH,0
2026-01-08 08:35:00,0,A15,4,A84,159.51,USD,159.51,USD,ACH,0
2026-01-08 08:39:00,4,A19,0,A120,725.11,USD,725.11,USD,ACH,0
2026-01-08 08:39:00,2,A167,4,A274,814.3,USD,814.3,USD,ACH,0
2026-01-08 08:40:00,0,A140,0,A230,504.5,USD,504.5,USD,ACH,0
2026-01-08 08:40:00,1,A221,1,A291,209.98,USD,209.98,USD,ACH,0
2026-01-08 08:41:00,0,A195,1,A211,264.26,USD,264.26,USD,ACH,0
2026-01-08 08:44:00,3,A68,1,A216,1135.08,USD,1135.08,USD,ACH,0
2026-01-08 08:45:00,2,A62,0,A85,353.66,USD,353.66,USD,ACH,0
2026-01-08 08:45:00,3,A133,4,A284,682.77,USD,682.77,USD,ACH,0
2026-01-08 08:45:00,1,A196,4,A159,1091.44,USD,1091.44,USD,ACH,0
2026-01-08 08:45:00,3,A198,3,A73,619.33,USD,619.33,USD,ACH,0
2026-01-08 08:48:00,4,A209,4,A184,1176.18,USD,1176.18,USD,ACH,0
2026-01-08 08:54:00,4,A14,0,A210,198.01,USD,198.01,USD,ACH,0
2026-01-08 08:54:00,4,A114,0,A20,659.12,USD,659.12,USD,ACH,0
2026-01-08 08:59:00,4,A74,1,A16,373.99,USD,373.99,USD,ACH,0
2026-01-08 09:01:00,4,A139,3,A178,774.27,USD,774.27,USD,ACH,0
2026-01-08 09:01:00,1,A241,0,A140,124.28,USD,124.28,USD,ACH,0
2026-01-08 09:01:00,4,A269,1,A146,875.55,USD,875.55,USD,ACH,0
2026-01-08 09:02:00,4,A99,3,A58,306.77,USD,306.77,USD,ACH,0
2026-01-08 09:04:00,2,A167,0,A20,325.26,USD,325.26,USD,ACH,1
2026-01-08 09:06:00,4,A64,4,A74,505.95,USD,505.95,USD,ACH,0
2026-01-08 09:07:00,2,A137,2,A17,747.34,USD,747.34,USD,ACH,0
2026-01-08 09:09:00,0,A80,2,A132,150.79,USD,150.79,USD,ACH,0
2026-01-08 09:09:00,1,A226,1,A116,589.56,USD,589.56,USD,ACH,0
2026-01-08 09:11:00,2,A257,2,A7,424.29,USD,424.29,USD,ACH,0
2026-01-08 09:12:00,1,A106,1,A41,639.71,USD,639.71,USD,ACH,0
2026-01-08 09:13:00,4,A254,0,A130,282.14,USD,282.14,USD,ACH,0
2026-01-08 09:13:00,0,A280,4,A189,343.81,USD,343.81,USD,ACH,0
2026-01-08 09:14:00,1,A211,2,A287,218.28,USD,218.28,USD,ACH,0
2026-01-08 09:14:00,3,A233,4,A64,193.02,USD,193.02,USD,ACH,0
2026-01-08 09:15:00,4,A89,1,A211,345.24,USD,345.24,USD,ACH,0
2026-01-08 09:16:00,3,A238,1,A166,937.62,USD,937.62,USD,ACH,0
2026-01-08 09:17:00,3,A18,1,A286,557.29,USD,557.29,USD,ACH,0
2026-01-08 09:19:00,2,A107,2,A2,330.29,USD,330.29,USD,ACH,0
2026-01-08 09:20:00,1,A186,4,A214,295.93,USD,295.93,USD,ACH,0
2026-01-08 09:21:00,0,A150,0,A80,114.63,USD,114.63,USD,ACH,0
2026-01-08 09:25:00,4,A54,4,A69,702.51,USD,702.51,USD,ACH,0
2026-01-08 09:28:00,1,A241,2,A262,215.01,USD,215.01,USD,ACH,0
2026-01-08 09:29:00,4,A24,2,A97,296.8,USD,296.8,USD,ACH,0
2026-01-08 09:31:00,2,A42,4,A149,1060.33,USD,1060.33,USD,ACH,0
2026-01-08 09:34:00,1,A151,0,A25,434.39,USD,434.39,USD,ACH,0
2026-01-08 09:35:00,1,A46,2,A167,412.92,USD,412.92,USD,ACH,1
2026-01-08 09:36:00,1,A121,3,A158,453.23,USD,453.23,USD,ACH,0
2026-01-08 09:36:00,4,A269,1,A66,396.09,USD,396.09,USD,ACH,0
2026-01-08 09:37:00,4,A44,3,A208,81.32,USD,81.32,USD,ACH,0
2026-01-08 09:38:00,0,A265,2,A92,1412.92,USD,1412.92,USD,ACH,0
2026-01-08 09:40:00,4,A274,4,A94,1360.23,USD,1360.23,USD,ACH,0
2026-01-08 09:41:00,0,A235,2,A192,359.74,USD,359.74,USD,ACH,0
2026-01-08 09:42:00,2,A282,0,A210,270.95,USD,270.95,USD,ACH,0
2026-01-08 09:43:00,1,A31,0,A250,350.39,USD,350.39,USD,ACH,0
2026-01-08 09:44:00,4,A134,3,A273,1168.95,USD,1168.95,USD,ACH,0
2026-01-08 09:44:00,0,A255,2,A232,493.39,USD,493.39,USD,ACH,0
2026-01-08 09:45:00,0,A90,3,A123,149.18,USD,149.18,USD,ACH,0
2026-01-08 09:49:00,3,A3,2,A52,163.03,USD,163.03,USD,ACH,0
2026-01-08 09:49:00,0,A60,4,A209,126.76,USD,126.76,USD,ACH,0
2026-01-08 09:49:00,1,A236,1,A71,286.48,USD,286.48,USD,ACH,0
2026-01-08 09:51:00,4,A254,1,A221,734.82,USD,734.82,USD,ACH,0
2026-01-08 09:53:00,4,A94,0,A55,276.66,USD,276.66,USD,ACH,1
2026-01-08 09:53:00,2,A142,1,A271,454.73,USD,454.73,USD,ACH,0
2026-01-08 09:53:00,4,A219,2,A222,546.09,USD,546.09,USD,ACH,0
2026-01-08 09:55:00,4,A9,1,A201,651.04,USD,651.04,USD,ACH,1
2026-01-08 09:56:00,4,A29,4,A89,935.64,USD,935.64,USD,ACH,0
2026-01-08 09:58:00,1,A46,3,A53,559.18,USD,559.18,USD,ACH,0
2026-01-08 10:04:00,3,A8,1,A146,384.72,USD,384.72,USD,ACH,0
2026-01-08 10:07:00,1,A266,3,A38,315.17,USD,315.17,USD,ACH,0
2026-01-08 10:07:00,1,A291,3,A58,195.24,USD,195.24,USD,ACH,0
2026-01-08 10:09:00,2,A192,0,A150,550.94,USD,550.94,USD,ACH,0
2026-01-08 10:10:00,1,A191,1,A161,339.55,USD,339.55,USD,ACH,0
2026-01-08 10:10:00,3,A278,2,A212,395.69,USD,395.69,USD,ACH,0
2026-01-08 10:11:00,2,A57,4,A224,582.99,USD,582.99,USD,ACH,0
2026-01-08 10:14:00,4,A284,3,A88,84.7,USD,84.7,USD,ACH,0
2026-01-08 10:15:00,4,A234,0,A95,929.22,USD,929.22,USD,ACH,0
2026-01-08 10:16:00,1,A1,3,A108,224.12,USD,224.12,USD,ACH,0
2026-01-08 10:16:00,0,A15,2,A112,748.34,USD,748.34,USD,ACH,0
2026-01-08 10:23:00,4,A289,1,A121,463.43,USD,463.43,USD,ACH,1
2026-01-08 10:24:00,4,A224,0,A270,218.05,USD,218.05,USD,ACH,0
2026-01-08 10:25:00,4,A299,2,A117,587.63,USD,587.63,USD,ACH,0
2026-01-08 10:26:00,2,A22,4,A124,2099.47,USD,2099.47,USD,ACH,0
2026-01-08 10:26:00,4,A169,2,A272,551.68,USD,551.68,USD,ACH,0
2026-01-08 10:29:00,1,A56,0,A260,218.66,USD,218.66,USD,ACH,0
2026-01-08 10:30:00,2,A2,4,A109,577.66,USD,577.66,USD,ACH,0
2026-01-08 10:30:00,2,A112,1,A171,697.25,USD,697.25,USD,ACH,0
2026-01-08 10:30:00,0,A185,1,A46,803.82,USD,803.82,USD,ACH,0
2026-01-08 10:34:00,3,A23,4,A249,258.15,USD,258.15,USD,ACH,0
2026-01-08 10:34:00,2,A292,3,A288,706.67,USD,706.67,USD,ACH,0
2026-01-08 10:36:00,1,A6,3,A3,380.68,USD,380.68,USD,ACH,0
2026-01-08 10:36:00,4,A294,4,A204,753.37,USD,753.37,USD,ACH,0
2026-01-08 10:37:00,0,A265,4,A244,381.92,USD,381.92,USD,ACH,0
2026-01-08 10:38:00,2,A7,0,A260,924.02,USD,924.02,USD,ACH,0
2026-01-08 10:40:00,3,A108,1,A261,756.15,USD,756.15,USD,ACH,0
2026-01-08 10:41:00,2,A192,3,A98,341.36,USD,341.36,USD,ACH,0
2026-01-08 10:42:00,3,A53,1,A211,292.43,USD,292.43,USD,ACH,0
2026-01-08 10:42:00,3,A283,2,A72,597.74,USD,597.74,USD,ACH,0
2026-01-08 10:43:00,4,A34,4,A179,220.95,USD,220.95,USD,ACH,0
2026-01-08 10:43:00,4,A49,1,A121,844.0,USD,844.0,USD,ACH,0
2026-01-08 10:43:00,1,A296,2,A7,112.24,USD,112.24,USD,ACH,0
2026-01-08 10:45:00,4,A174,0,A155,618.81,USD,618.81,USD,ACH,0
2026-01-08 10:45:00,3,A183,1,A16,663.82,USD,663.82,USD,ACH,0
2026-01-08 10:49:00,2,A42,4,A229,308.62,USD,308.62,USD,ACH,0
2026-01-08 10:51:00,1,A81,1,A276,339.24,USD,339.24,USD,ACH,0
2026-01-08 10:53:00,2,A202,3,A268,775.86,USD,775.86,USD,ACH,0
2026-01-08 10:55:00,4,A209,3,A183,1598.36,USD,1598.36,USD,ACH,0
2026-01-08 10:56:00,0,A20,0,A40,146.95,USD,146.95,USD,ACH,0
2026-01-08 10:56:00,1,A81,0,A265,253.63,USD,253.63,USD,ACH,0
2026-01-08 10:57:00,1,A196,3,A68,585.85,USD,585.85,USD,ACH,0
2026-01-08 10:58:00,2,A87,1,A161,1063.92,USD,1063.92,USD,ACH,0
2026-01-08 10:58:00,1,A176,3,A93,256.21,USD,256.21,USD,ACH,0
2026-01-08 10:59:00,1,A116,3,A278,238.41,USD,238.41,USD,ACH,0
2026-01-08 10:59:00,1,A216,1,A296,329.87,USD,329.87,USD,ACH,0
2026-01-08 11:00:00,0,A175,0,A295,771.8,USD,771.8,USD,ACH,0
2026-01-08 11:01:00,0,A0,0,A160,40.27,USD,40.27,USD,ACH,0
2026-01-08 11:06:00,4,A119,3,A28,179.9,USD,179.9,USD,ACH,0
2026-01-08 11:06:00,3,A288,3,A163,182.52,USD,182.52,USD,ACH,0
2026-01-08 11:11:00,0,A135,1,A46,662.05,USD,662.05,USD,ACH,0
2026-01-08 11:12:00,3,A33,2,A2,233.33,USD,233.33,USD,ACH,0
2026-01-08 11:12:00,3,A143,3,A53,1021.39,USD,1021.39,USD,ACH,0
2026-01-08 11:12:00,3,A298,1,A276,554.59,USD,554.59,USD,ACH,0
2026-01-08 11:14:00,1,A161,0,A55,166.61,USD,166.61,USD,ACH,0
2026-01-08 11:16:00,3,A143,1,A261,189.41,USD,189.41,USD,ACH,0
2026-01-08 11:16:00,0,A160,2,A77,176.37,USD,176.37,USD,ACH,0
2026-01-08 11:17:00,2,A77,2,A12,575.15,USD,575.15,USD,ACH,0
2026-01-08 11:17:00,3,A88,2,A177,592.23,USD,592.23,USD,ACH,0
2026-01-08 11:17:00,0,A245,1,A221,246.06,USD,246.06,USD,ACH,0
2026-01-08 11:19:00,0,A205,1,A91,342.86,USD,342.86,USD,ACH,0
2026-01-08 11:20:00,0,A45,2,A147,893.44,USD,893.44,USD,ACH,0
2026-01-08 11:21:00,0,A270,2,A277,219.34,USD,219.34,USD,ACH,0
2026-01-08 11:23:00,2,A22,2,A297,167.45,USD,167.45,USD,ACH,0
2026-01-08 11:29:00,3,A138,2,A172,243.8,USD,243.8,USD,ACH,0
2026-01-08 11:30:00,1,A166,1,A181,354.54,USD,354.54,USD,ACH,0
2026-01-08 11:30:00,1,A211,4,A194,459.18,USD,459.18,USD,ACH,0
2026-01-08 11:32:00,0,A200,4,A269,284.48,USD,284.48,USD,ACH,0
2026-01-08 11:34:00,1,A101,1,A106,342.42,USD,342.42,USD,ACH,0
2026-01-08 11:34:00,3,A183,2,A212,163.34,USD,163.34,USD,ACH,0
2026-01-08 11:35:00,2,A97,4,A64,484.21,USD,484.21,USD,ACH,0
2026-01-08 11:37:00,4,A279,2,A292,1457.94,USD,1457.94,USD,ACH,0
2026-01-08 11:42:00,0,A75,3,A63,684.21,USD,684.21,USD,ACH,0
2026-01-08 11:43:00,0,A100,2,A82,377.39,USD,377.39,USD,ACH,0
2026-01-08 11:47:00,1,A101,2,A47,233.81,USD,233.81,USD,ACH,0
2026-01-08 11:47:00,3,A188,0,A110,929.4,USD,929.4,USD,ACH,0
2026-01-08 11:50:00,1,A251,2,A17,324.54,USD,324.54,USD,ACH,0
2026-01-08 11:51:00,4,A4,1,A181,955.81,USD,955.81,USD,ACH,0
2026-01-08 11:51:00,3,A248,2,A182,350.93,USD,350.93,USD,ACH,0
2026-01-08 11:52:00,3,A293,3,A248,486.32,USD,486.32,USD,ACH,0
2026-01-08 11:53:00,1,A276,1,A201,368.51,USD,368.51,USD,ACH,0
2026-01-08 11:54:00,1,A66,4,A149,173.34,USD,173.34,USD,ACH,0
2026-01-08 11:57:00,4,A249,2,A162,2562.09,USD,2562.09,USD,ACH,0
2026-01-08 11:58:00,1,A91,2,A282,1268.74,USD,1268.74,USD,ACH,0
2026-01-08 11:59:00,2,A132,3,A73,273.68,USD,273.68,USD,ACH,0
2026-01-08 11:59:00,0,A215,4,A134,281.16,USD,281.16,USD,ACH,0
2026-01-08 12:00:00,1,A66,4,A59,3262.14,USD,3262.14,USD,Wire,0
2026-01-08 12:00:00,1,A156,4,A149,3281.69,USD,3281.69,USD,Wire,0
2026-01-08 12:00:00,0,A235,3,A228,2780.82,USD,2780.82,USD,Wire,0
2026-01-08 12:00:00,4,A264,2,A257,2654.08,USD,2654.08,USD,Wire,0
2026-01-08 12:01:00,1,A36,4,A29,3213.64,USD,3213.64,USD,Wire,0
2026-01-08 12:01:00,1,A176,4,A169,3167.81,USD,3167.81,USD,Wire,0
2026-01-08 12:02:00,0,A155,4,A219,748.33,USD,748.33,USD,ACH,0
2026-01-08 12:02:00,3,A3,1,A296,2227.78,USD,2227.78,USD,Wire,0
2026-01-08 12:04:00,0,A10,3,A3,1843.93,USD,1843.93,USD,Wire,0
2026-01-08 12:04:00,0,A15,3,A8,2993.71,USD,2993.71,USD,Wire,0
2026-01-08 12:04:00,4,A204,3,A53,563.49,USD,563.49,USD,ACH,0
2026-01-08 12:05:00,3,A103,1,A96,2202.94,USD,2202.94,USD,Wire,0
2026-01-08 12:06:00,1,A51,4,A44,2164.82,USD,2164.82,USD,Wire,0
2026-01-08 12:06:00,3,A178,3,A13,933.08,USD,933.08,USD,ACH,0
2026-01-08 12:06:00,3,A233,3,A183,273.0,USD,273.0,USD,ACH,0
2026-01-08 12:07:00,1,A16,4,A9,3124.87,USD,3124.87,USD,Wire,0
2026-01-08 12:07:00,0,A70,3,A63,1921.28,USD,1921.28,USD,Wire,0
2026-01-08 12:07:00,2,A92,0,A85,2461.47,USD,2461.47,USD,Wire,0
2026-01-08 12:07:00,0,A135,3,A128,2604.34,USD,2604.34,USD,Wire,0
2026-01-08 12:07:00,4,A239,0,A65,761.07,USD,761.07,USD,ACH,0
2026-01-08 12:08:00,0,A75,3,A68,2752.54,USD,2752.54,USD,Wire,0
2026-01-08 12:08:00,2,A142,1,A261,146.29,USD,146.29,USD,ACH,0
2026-01-08 12:08:00,4,A174,2,A167,2769.24,USD,2769.24,USD,Wire,0
2026-01-08 12:09:00,4,A89,2,A82,1572.01,USD,1572.01,USD,Wire,0
2026-01-08 12:09:00,1,A196,4,A189,3142.22,USD,3142.22,USD,Wire,0
2026-01-08 12:09:00,4,A219,2,A212,1885.37,USD,1885.37,USD,Wire,0
2026-01-08 12:09:00,0,A275,3,A268,2769.04,USD,2769.04,USD,Wire,0
2026-01-08 12:10:00,4,A9,2,A2,1847.76,USD,1847.76,USD,Wire,0
2026-01-08 12:10:00,1,A261,4,A254,1872.19,USD,1872.19,USD,Wire,0
2026-01-08 12:11:00,2,A57,0,A50,1455.68,USD,1455.68,USD,Wire,0
2026-01-08 12:11:00,1,A186,4,A179,2838.18,USD,2838.18,USD,Wire,0
2026-01-08 12:12:00,2,A117,0,A110,1275.6,USD,1275.6,USD,Wire,0
2026-01-08 12:12:00,1,A206,4,A199,2964.61,USD,2964.61,USD,Wire,0
2026-01-08 12:13:00,4,A149,2,A142,1736.67,USD,1736.67,USD,Wire,0
2026-01-08 12:14:00,1,A111,4,A104,2023.07,USD,2023.07,USD,Wire,0
2026-01-08 12:14:00,4,A229,2,A37,1674.2,USD,1674.2,USD,ACH,0
2026-01-08 12:15:00,1,A136,2,A217,2009.49,USD,2009.49,USD,ACH,1
2026-01-08 12:15:00,4,A144,4,A234,508.63,USD,508.63,USD,ACH,0
2026-01-08 12:16:00,3,A23,1,A16,2566.87,USD,2566.87,USD,Wire,0
2026-01-08 12:16:00,2,A17,1,A36,587.93,USD,587.93,USD,ACH,0
2026-01-08 12:16:00,4,A44,2,A37,2416.35,USD,2416.35,USD,Wire,0
2026-01-08 12:16:00,1,A71,4,A64,1995.71,USD,1995.71,USD,Wire,0
2026-01-08 12:16:00,1,A101,4,A94,2044.59,USD,2044.59,USD,Wire,0
2026-01-08 12:16:00,2,A287,3,A183,612.11,USD,612.11,USD,ACH,0
2026-01-08 12:17:00,1,A106,4,A99,2955.25,USD,2955.25,USD,Wire,0
2026-01-08 12:17:00,2,A142,0,A135,2049.94,USD,2049.94,USD,Wire,0
2026-01-08 12:17:00,0,A195,3,A188,2970.99,USD,2970.99,USD,Wire,0
2026-01-08 12:17:00,3,A203,1,A196,2214.34,USD,2214.34,USD,Wire,0
2026-01-08 12:17:00,3,A248,1,A241,1416.24,USD,1416.24,USD,Wire,0
2026-01-08 12:17:00,4,A284,2,A102,184.32,USD,184.32,USD,ACH,0
2026-01-08 12:18:00,4,A74,2,A67,2625.62,USD,2625.62,USD,Wire,0
2026-01-08 12:18:00,1,A191,4,A184,2167.75,USD,2167.75,USD,Wire,0
2026-01-08 12:18:00,0,A225,3,A188,560.65,USD,560.65,USD,ACH,0
2026-01-08 12:20:00,4,A59,2,A72,3205.58,USD,3205.58,USD,Wire,0
2026-01-08 12:20:00,3,A128,3,A113,341.71,USD,341.71,USD,ACH,0
2026-01-08 12:20:00,4,A149,2,A162,3016.99,USD,3016.99,USD,Wire,0
2026-01-08 12:20:00,3,A228,1,A241,2578.57,USD,2578.57,USD,Wire,0
2026-01-08 12:20:00,2,A257,0,A270,2598.5,USD,2598.5,USD,Wire,0
2026-01-08 12:21:00,4,A29,2,A42,3099.46,USD,3099.46,USD,Wire,0
2026-01-08 12:21:00,4,A169,2,A182,3083.37,USD,3083.37,USD,Wire,0
2026-01-08 12:22:00,1,A296,4,A9,2183.06,USD,2183.06,USD,Wire,0
2026-01-08 12:23:00,4,A129,4,A49,1790.39,USD,1790.39,USD,ACH,0
2026-01-08 12:24:00,3,A3,1,A16,1824.4,USD,1824.4,USD,Wire,0
2026-01-08 12:24:00,3,A8,1,A21,2773.2,USD,2773.2,USD,Wire,0
2026-01-08 12:24:00,4,A84,1,A11,1274.41,USD,1274.41,USD,ACH,0
2026-01-08 12:24:00,3,A253,4,A89,97.3,USD,97.3,USD,ACH,0
2026-01-08 12:25:00,1,A96,4,A109,2136.52,USD,2136.52,USD,Wire,0
2026-01-08 12:26:00,4,A44,2,A57,2119.62,USD,2119.62,USD,Wire,0
2026-01-08 12:27:00,4,A9,2,A22,2961.35,USD,2961.35,USD,Wire,0
2026-01-08 12:27:00,3,A63,1,A76,1862.98,USD,1862.98,USD,Wire,0
2026-01-08 12:27:00,0,A85,3,A98,2347.74,USD,2347.74,USD,Wire,0
2026-01-08 12:27:00,3,A128,1,A141,2524.81,USD,2524.81,USD,Wire,0
2026-01-08 12:28:00,3,A68,1,A81,2711.65,USD,2711.65,USD,Wire,0
2026-01-08 12:28:00,2,A167,0,A180,2690.78,USD,2690.78,USD,Wire,0
2026-01-08 12:29:00,2,A82,0,A95,1465.39,USD,1465.39,USD,Wire,0
2026-01-08 12:29:00,4,A189,2,A202,3092.4,USD,3092.4,USD,Wire,0
2026-01-08 12:29:00,2,A212,0,A225,1762.29,USD,1762.29,USD,Wire,0
2026-01-08 12:29:00,3,A268,1,A281,2555.37,USD,2555.37,USD,Wire,0
2026-01-08 12:30:00,2,A2,0,A15,1815.87,USD,1815.87,USD,Wire,0
2026-01-08 12:30:00,4,A254,2,A267,1719.69,USD,1719.69,USD,Wire,0
2026-01-08 12:31:00,0,A50,3,A63,1338.97,USD,1338.97,USD,Wire,0
2026-01-08 12:31:00,4,A179,2,A192,2726.61,USD,2726.61,USD,Wire,0
2026-01-08 12:32:00,0,A110,3,A123,1237.52,USD,1237.52,USD,Wire,0
2026-01-08 12:32:00,4,A199,2,A212,2892.54,USD,2892.54,USD,Wire,0
2026-01-08 12:32:00,2,A267,0,A155,962.22,USD,962.22,USD,ACH,0
2026-01-08 12:33:00,2,A62,1,A121,272.89,USD,272.89,USD,ACH,0
2026-01-08 12:33:00,0,A85,4,A49,548.0,USD,548.0,USD,ACH,0
2026-01-08 12:33:00,2,A142,0,A155,1643.09,USD,1643.09,USD,Wire,0
2026-01-08 12:34:00,4,A104,2,A117,1945.37,USD,1945.37,USD,Wire,0
2026-01-08 12:34:00,1,A111,1,A126,93.61,USD,93.61,USD,ACH,0
2026-01-08 12:34:00,2,A182,0,A295,623.65,USD,623.65,USD,ACH,0
2026-01-08 12:36:00,1,A16,4,A29,2443.5,USD,2443.5,USD,Wire,0
2026-01-08 12:36:00,2,A37,0,A50,2261.99,USD,2261.99,USD,Wire,0
2026-01-08 12:36:00,0,A40,1,A96,186.57,USD,186.57,USD,ACH,0
2026-01-08 12:36:00,4,A64,2,A77,1908.5,USD,1908.5,USD,Wire,0
2026-01-08 12:36:00,4,A94,2,A107,1991.04,USD,1991.04,USD,Wire,0
2026-01-08 12:37:00,4,A99,2,A112,2699.33,USD,2699.33,USD,Wire,0
2026-01-08 12:37:00,0,A135,3,A148,1990.86,USD,1990.86,USD,Wire,0
2026-01-08 12:37:00,3,A188,1,A201,2723.03,USD,2723.03,USD,Wire,0
2026-01-08 12:37:00,1,A196,4,A209,2150.6,USD,2150.6,USD,Wire,0
2026-01-08 12:37:00,1,A241,4,A254,1350.76,USD,1350.76,USD,Wire,0
2026-01-08 12:38:00,2,A67,0,A80,2419.59,USD,2419.59,USD,Wire,0
2026-01-08 12:38:00,4,A184,2,A197,1970.8,USD,1970.8,USD,Wire,0
2026-01-08 12:39:00,1,A246,4,A199,256.79,USD,256.79,USD,ACH,0
2026-01-08 12:40:00,2,A82,4,A124,429.96,USD,429.96,USD,ACH,0
2026-01-08 12:41:00,4,A159,0,A160,955.78,USD,955.78,USD,ACH,0
2026-01-08 12:43:00,0,A30,0,A130,177.42,USD,177.42,USD,ACH,0
2026-01-08 12:45:00,3,A48,4,A74,298.02,USD,298.02,USD,ACH,0
2026-01-08 12:47:00,3,A148,4,A289,1184.67,USD,1184.67,USD,ACH,0
2026-01-08 12:48:00,1,A136,3,A223,193.89,USD,193.89,USD,ACH,0
2026-01-08 12:50:00,2,A67,2,A137,260.12,USD,260.12,USD,ACH,0
2026-01-08 12:51:00,0,A195,1,A261,202.3,USD,202.3,USD,ACH,0
2026-01-08 12:53:00,0,A115,2,A82,963.38,USD,963.38,USD,ACH,0
2026-01-08 12:54:00,3,A38,0,A145,514.61,USD,514.61,USD,ACH,0
2026-01-08 12:55:00,1,A166,4,A179,426.22,USD,426.22,USD,ACH,0
2026-01-08 12:55:00,3,A178,2,A112,414.83,USD,414.83,USD,ACH,0
2026-01-08 12:59:00,4,A24,1,A1,299.34,USD,299.34,USD,ACH,0
2026-01-08 13:01:00,2,A92,2,A147,210.85,USD,210.85,USD,ACH,0
2026-01-08 13:02:00,4,A89,2,A242,996.36,USD,996.36,USD,ACH,0
2026-01-08 13:05:00,4,A179,0,A295,718.68,USD,718.68,USD,ACH,0
2026-01-08 13:08:00,0,A165,3,A123,806.56,USD,806.56,USD,ACH,0
2026-01-08 13:13:00,2,A227,2,A12,707.97,USD,707.97,USD,ACH,0
2026-01-08 13:15:00,0,A220,4,A229,637.85,USD,637.85,USD,ACH,0
2026-01-08 13:15:00,2,A287,1,A246,433.61,USD,433.61,USD,ACH,1
2026-01-08 13:17:00,1,A176,0,A185,1588.75,USD,1588.75,USD,ACH,0
2026-01-08 13:18:00,4,A39,2,A152,621.34,USD,621.34,USD,ACH,0
2026-01-08 13:19:00,3,A98,4,A34,753.68,USD,753.68,USD,ACH,0
2026-01-08 13:20:00,3,A223,2,A267,1958.74,USD,1958.74,USD,ACH,0
2026-01-08 13:26:00,4,A104,2,A237,423.11,USD,423.11,USD,ACH,0
2026-01-08 13:26:00,3,A278,2,A127,435.28,USD,435.28,USD,ACH,0
2026-01-08 13:27:00,4,A199,3,A158,397.47,USD,397.47,USD,ACH,0
2026-01-08 13:28:00,1,A286,4,A84,480.3,USD,480.3,USD,ACH,0
2026-01-08 13:30:00,1,A246,2,A62,1134.94,USD,1134.94,USD,ACH,0
2026-01-08 13:31:00,0,A235,4,A234,616.66,USD,616.66,USD,ACH,0
2026-01-08 13:33:00,4,A124,1,A276,712.55,USD,712.55,USD,ACH,0
2026-01-08 13:38:00,2,A147,0,A255,437.2,USD,437.2,USD,ACH,0
2026-01-08 13:39:00,2,A152,4,A259,342.0,USD,342.0,USD,ACH,0
2026-01-08 13:39:00,2,A187,1,A96,587.01,USD,587.01,USD,ACH,0
2026-01-08 13:41:00,0,A70,2,A177,147.8,USD,147.8,USD,ACH,0
2026-01-08 13:41:00,1,A131,3,A228,221.64,USD,221.64,USD,ACH,0
2026-01-08 13:43:00,2,A242,3,A103,127.22,USD,127.22,USD,ACH,0
2026-01-08 13:45:00,4,A244,3,A133,385.72,USD,385.72,USD,ACH,0
2026-01-08 13:47:00,0,A30,2,A57,862.41,USD,862.41,USD,ACH,0
2026-01-08 13:48:00,2,A152,0,A295,1196.84,USD,1196.84,USD,ACH,0
2026-01-08 13:50:00,1,A16,0,A260,1676.74,USD,1676.74,USD,ACH,0
2026-01-08 13:51:00,1,A26,2,A62,605.03,USD,605.03,USD,ACH,0
2026-01-08 13:51:00,2,A252,3,A28,367.02,USD,367.02,USD,ACH,0
2026-01-08 13:53:00,0,A5,3,A153,208.98,USD,208.98,USD,ACH,0
2026-01-08 13:55:00,1,A96,3,A138,273.48,USD,273.48,USD,ACH,0
2026-01-08 13:56:00,2,A97,1,A256,132.05,USD,132.05,USD,ACH,0
2026-01-08 13:59:00,4,A4,0,A205,797.28,USD,797.28,USD,ACH,0
2026-01-08 14:00:00,2,A272,2,A102,63.32,USD,63.32,USD,ACH,0
2026-01-08 14:02:00,2,A177,1,A76,353.4,USD,353.4,USD,ACH,0
2026-01-08 14:04:00,3,A118,3,A123,531.44,USD,531.44,USD,ACH,0
2026-01-08 14:04:00,4,A154,2,A142,325.47,USD,325.47,USD,ACH,0
2026-01-08 14:04:00,0,A170,1,A56,321.12,USD,321.12,USD,ACH,0
2026-01-08 14:05:00,0,A185,2,A37,271.07,USD,271.07,USD,ACH,0
2026-01-08 14:06:00,2,A27,1,A181,660.53,USD,660.53,USD,ACH,0
2026-01-08 14:06:00,0,A120,2,A212,212.57,USD,212.57,USD,ACH,0
2026-01-08 14:09:00,2,A282,2,A272,222.42,USD,222.42,USD,ACH,0
2026-01-08 14:11:00,3,A163,0,A100,2244.03,USD,2244.03,USD,ACH,0
2026-01-08 14:12:00,2,A12,4,A279,517.09,USD,517.09,USD,ACH,0
2026-01-08 14:13:00,4,A109,2,A82,1333.65,USD,1333.65,USD,ACH,0
2026-01-08 14:16:00,4,A214,2,A167,278.29,USD,278.29,USD,ACH,0
2026-01-08 14:17:00,2,A137,0,A10,339.14,USD,339.14,USD,ACH,0
2026-01-08 14:18:00,4,A19,2,A182,532.09,USD,532.09,USD,ACH,0
2026-01-08 14:18:00,4,A59,3,A13,1319.21,USD,1319.21,USD,ACH,0
2026-01-08 14:19:00,4,A179,3,A88,585.35,USD,585.35,USD,ACH,0
2026-01-08 14:19:00,0,A215,4,A99,1332.74,USD,1332.74,USD,ACH,0
2026-01-08 14:20:00,0,A160,1,A271,219.71,USD,219.71,USD,ACH,0
2026-01-08 14:21:00,1,A181,0,A165,191.16,USD,191.16,USD,ACH,0
2026-01-08 14:23:00,3,A268,1,A271,317.92,USD,317.92,USD,ACH,0
2026-01-08 14:25:00,2,A32,2,A212,515.86,USD,515.86,USD,ACH,0
2026-01-08 14:25:00,4,A219,4,A189,1876.52,USD,1876.52,USD,ACH,0
2026-01-08 14:27:00,3,A148,3,A113,478.05,USD,478.05,USD,ACH,0
2026-01-08 14:27:00,2,A172,4,A14,280.94,USD,280.94,USD,ACH,0
2026-01-08 14:28:00,3,A213,4,A294,259.48,USD,259.48,USD,ACH,0
2026-01-08 14:30:00,2,A102,1,A51,246.84,USD,246.84,USD,ACH,0
2026-01-08 14:31:00,1,A151,1,A201,351.94,USD,351.94,USD,ACH,0
2026-01-08 14:33:00,2,A122,0,A150,122.54,USD,122.54,USD,ACH,0
2026-01-08 14:36:00,0,A85,1,A116,180.27,USD,180.27,USD,ACH,0
2026-01-08 14:37:00,1,A26,3,A223,547.25,USD,547.25,USD,ACH,0
2026-01-08 14:39:00,4,A189,2,A262,1751.74,USD,1751.74,USD,ACH,0
2026-01-08 14:40:00,1,A41,0,A0,223.89,USD,223.89,USD,ACH,0
2026-01-08 14:40:00,3,A73,4,A54,164.07,USD,164.07,USD,ACH,0
2026-01-08 14:43:00,4,A69,3,A258,1164.43,USD,1164.43,USD,ACH,0
2026-01-08 14:43:00,2,A297,0,A85,729.45,USD,729.45,USD,ACH,0
2026-01-08 14:44:00,1,A201,4,A79,328.47,USD,328.47,USD,ACH,0
2026-01-08 14:46:00,4,A84,1,A276,181.93,USD,181.93,USD,ACH,0
2026-01-08 14:46:00,1,A111,3,A228,574.29,USD,574.29,USD,ACH,0
2026-01-08 14:46:00,0,A280,3,A203,320.18,USD,320.18,USD,ACH,0
2026-01-08 14:48:00,0,A290,3,A218,108.58,USD,108.58,USD,ACH,0
2026-01-08 14:49:00,2,A7,0,A35,218.81,USD,218.81,USD,ACH,0
2026-01-08 14:51:00,1,A21,1,A221,280.36,USD,280.36,USD,ACH,0
2026-01-08 14:52:00,4,A104,3,A278,206.81,USD,206.81,USD,ACH,0
2026-01-08 14:53:00,3,A208,4,A179,973.05,USD,973.05,USD,ACH,0
2026-01-08 14:53:00,2,A277,2,A222,29.45,USD,29.45,USD,ACH,0
2026-01-08 14:54:00,1,A261,4,A44,188.22,USD,188.22,USD,ACH,0
2026-01-08 14:55:00,2,A157,3,A283,531.17,USD,531.17,USD,ACH,0
2026-01-08 14:57:00,3,A93,3,A158,551.9,USD,551.9,USD,ACH,0
2026-01-08 14:57:00,2,A127,0,A80,748.21,USD,748.21,USD,ACH,1
2026-01-08 14:58:00,3,A123,3,A223,88.58,USD,88.58,USD,ACH,0
2026-01-08 14:59:00,0,A55,1,A166,201.16,USD,201.16,USD,ACH,0
2026-01-08 14:59:00,0,A105,1,A11,835.17,USD,835.17,USD,ACH,0
2026-01-08 15:00:00,2,A207,4,A109,809.77,USD,809.77,USD,ACH,0
2026-01-08 15:00:00,2,A237,2,A92,314.94,USD,314.94,USD,ACH,0
2026-01-08 15:00:00,0,A295,4,A299,125.88,USD,125.88,USD,ACH,0
2026-01-08 15:01:00,0,A35,2,A42,319.94,USD,319.94,USD,ACH,0
2026-01-08 15:03:00,1,A86,0,A10,352.53,USD,352.53,USD,ACH,0
2026-01-08 15:08:00,4,A194,0,A75,732.14,USD,732.14,USD,ACH,0
2026-01-08 15:09:00,0,A260,4,A9,72.9,USD,72.9,USD,ACH,0
2026-01-08 15:11:00,4,A99,2,A167,447.64,USD,447.64,USD,ACH,0
2026-01-08 15:13:00,0,A95,0,A260,590.75,USD,590.75,USD,ACH,0
2026-01-08 15:13:00,1,A206,1,A116,1132.01,USD,1132.01,USD,ACH,0
2026-01-08 15:14:00,2,A77,2,A17,1308.27,USD,1308.27,USD,ACH,0
2026-01-08 15:16:00,4,A164,0,A115,1111.89,USD,1111.89,USD,ACH,0
2026-01-08 15:18:00,3,A58,4,A59,618.9,USD,618.9,USD,ACH,0
2026-01-08 15:18:00,0,A240,1,A51,127.22,USD,127.22,USD,ACH,0
2026-01-08 15:19:00,1,A261,1,A181,80.45,USD,80.45,USD,ACH,0
2026-01-08 15:20:00,2,A297,0,A65,592.11,USD,592.11,USD,ACH,0
2026-01-08 15:21:00,3,A153,1,A271,253.97,USD,253.97,USD,ACH,0
2026-01-08 15:21:00,0,A275,1,A191,769.98,USD,769.98,USD,ACH,0
2026-01-08 15:23:00,1,A296,4,A39,217.47,USD,217.47,USD,ACH,0
2026-01-08 15:25:00,0,A230,3,A258,186.29,USD,186.29,USD,ACH,0
2026-01-08 15:25:00,3,A243,1,A161,458.62,USD,458.62,USD,ACH,0
2026-01-08 15:27:00,1,A156,2,A22,1482.59,USD,1482.59,USD,ACH,0
2026-01-08 15:27:00,3,A228,4,A154,240.69,USD,240.69,USD,ACH,0
2026-01-08 15:27:00,3,A258,4,A174,194.41,USD,194.41,USD,ACH,0
2026-01-08 15:29:00,3,A273,0,A180,719.11,USD,719.11,USD,ACH,0
2026-01-08 15:34:00,3,A163,4,A64,261.39,USD,261.39,USD,ACH,0
2026-01-08 15:35:00,3,A158,1,A231,688.92,USD,688.92,USD,ACH,0
2026-01-08 15:38:00,4,A79,1,A151,246.39,USD,246.39,USD,ACH,0
2026-01-08 15:42:00,3,A43,4,A129,1097.8,USD,1097.8,USD,ACH,0
2026-01-08 15:42:00,3,A173,0,A135,531.5,USD,531.5,USD,ACH,0
2026-01-08 15:44:00,3,A83,1,A196,192.92,USD,192.92,USD,ACH,0
2026-01-08 15:44:00,4,A149,4,A204,1972.12,USD,1972.12,USD,ACH,0
2026-01-08 15:47:00,2,A222,2,A132,482.53,USD,482.53,USD,ACH,0
2026-01-08 15:50:00,1,A36,3,A208,539.45,USD,539.45,USD,ACH,0
2026-01-08 15:52:00,1,A21,4,A14,549.63,USD,549.63,USD,ACH,0
2026-01-08 15:54:00,0,A220,4,A144,80.83,USD,80.83,USD,ACH,0
2026-01-08 15:55:00,3,A3,4,A224,518.69,USD,518.69,USD,ACH,0
2026-01-08 15:56:00,2,A162,2,A187,203.55,USD,203.55,USD,ACH,0
2026-01-08 15:56:00,1,A281,3,A208,237.41,USD,237.41,USD,ACH,0
2026-01-08 15:57:00,0,A50,1,A206,336.57,USD,336.57,USD,ACH,0
2026-01-08 15:58:00,0,A210,2,A127,197.3,USD,197.3,USD,ACH,0
2026-01-08 15:58:00,3,A258,3,A108,504.37,USD,504.37,USD,ACH,0
2026-01-08 16:00:00,1,A56,0,A20,583.34,USD,583.34,USD,ACH,0
2026-01-08 16:01:00,2,A247,0,A85,102.41,USD,102.41,USD,ACH,0
2026-01-08 16:02:00,1,A76,4,A249,214.87,USD,214.87,USD,ACH,0
2026-01-08 16:03:00,0,A260,3,A163,301.83,USD,301.83,USD,ACH,0
2026-01-08 16:06:00,4,A79,4,A174,426.46,USD,426.46,USD,ACH,0
2026-01-08 16:06:00,1,A171,1,A216,373.19,USD,373.19,USD,ACH,0
2026-01-08 16:07:00,4,A114,4,A159,312.73,USD,312.73,USD,ACH,0
2026-01-08 16:09:00,3,A168,1,A51,351.99,USD,351.99,USD,ACH,0
2026-01-08 16:10:00,0,A100,0,A75,196.87,USD,196.87,USD,ACH,0
2026-01-08 16:11:00,4,A249,2,A262,1431.61,USD,1431.61,USD,ACH,0
2026-01-08 16:12:00,2,A2,4,A254,613.75,USD,613.75,USD,ACH,0
2026-01-08 16:12:00,2,A72,0,A210,655.14,USD,655.14,USD,ACH,0
2026-01-08 16:12:00,2,A147,4,A129,847.85,USD,847.85,USD,ACH,0
2026-01-08 16:13:00,3,A13,3,A143,78.67,USD,78.67,USD,ACH,0
2026-01-08 16:14:00,2,A267,1,A156,2930.06,USD,2930.06,USD,ACH,0
2026-01-08 16:15:00,3,A223,0,A35,1246.0,USD,1246.0,USD,ACH,0
2026-01-08 16:20:00,4,A74,3,A228,524.77,USD,524.77,USD,ACH,0
2026-01-08 16:21:00,3,A18,1,A216,284.95,USD,284.95,USD,ACH,0
2026-01-08 16:21:00,0,A210,2,A172,177.46,USD,177.46,USD,ACH,0
2026-01-08 16:22:00,3,A78,0,A250,126.87,USD,126.87,USD,ACH,1
2026-01-08 16:22:00,3,A88,1,A246,405.45,USD,405.45,USD,ACH,0
2026-01-08 16:22:00,2,A157,3,A23,148.69,USD,148.69,USD,ACH,0
2026-01-08 16:23:00,3,A103,2,A107,1298.8,USD,1298.8,USD,ACH,0
2026-01-08 16:23:00,0,A180,2,A62,255.95,USD,255.95,USD,ACH,0
2026-01-08 16:23:00,0,A180,0,A150,419.88,USD,419.88,USD,ACH,0
2026-01-08 16:24:00,2,A202,2,A2,517.68,USD,517.68,USD,ACH,0
2026-01-08 16:26:00,0,A105,2,A62,248.98,USD,248.98,USD,ACH,0
2026-01-08 16:28:00,3,A113,0,A155,146.37,USD,146.37,USD,ACH,0
2026-01-08 16:30:00,2,A232,2,A67,151.47,USD,151.47,USD,ACH,0
2026-01-08 16:31:00,4,A54,0,A105,300.0,USD,300.0,USD,ACH,1
2026-01-08 16:33:00,0,A290,3,A208,329.8,USD,329.8,USD,ACH,0
2026-01-08 16:36:00,0,A110,4,A4,185.68,USD,185.68,USD,ACH,0
2026-01-08 16:37:00,2,A177,2,A287,848.63,USD,848.63,USD,ACH,0
2026-01-08 16:41:00,0,A20,0,A290,392.62,USD,392.62,USD,ACH,0
2026-01-08 16:42:00,1,A71,3,A53,492.68,USD,492.68,USD,ACH,0
2026-01-08 16:42:00,4,A129,4,A34,2132.87,USD,2132.87,USD,ACH,0
2026-01-08 16:43:00,0,A10,2,A242,86.61,USD,86.61,USD,ACH,0
2026-01-08 16:43:00,1,A96,1,A86,580.3,USD,580.3,USD,ACH,0
2026-01-08 16:45:00,2,A82,1,A181,414.09,USD,414.09,USD,ACH,0
2026-01-08 16:45:00,2,A212,3,A53,278.45,USD,278.45,USD,ACH,0
2026-01-08 16:47:00,2,A117,0,A0,137.07,USD,137.07,USD,ACH,0
2026-01-08 16:47:00,0,A130,2,A147,664.52,USD,664.52,USD,ACH,0
2026-01-08 16:49:00,3,A228,4,A54,909.97,USD,909.97,USD,ACH,0
2026-01-08 16:49:00,1,A256,3,A8,909.35,USD,909.35,USD,ACH,0
2026-01-08 16:50:00,1,A156,1,A11,185.98,USD,185.98,USD,ACH,0
2026-01-08 16:51:00,1,A146,3,A133,562.68,USD,562.68,USD,ACH,0
2026-01-08 16:51:00,3,A168,4,A294,303.93,USD,303.93,USD,ACH,0
2026-01-08 16:53:00,3,A63,2,A292,677.36,USD,677.36,USD,ACH,0
2026-01-08 16:53:00,3,A103,3,A118,381.07,USD,381.07,USD,ACH,1
2026-01-08 16:54:00,1,A91,0,A135,547.21,USD,547.21,USD,ACH,0
2026-01-08 16:55:00,3,A28,3,A143,742.45,USD,742.45,USD,ACH,0
2026-01-08 16:55:00,0,A250,3,A23,411.25,USD,411.25,USD,ACH,0
2026-01-08 16:56:00,3,A48,0,A220,637.85,USD,637.85,USD,ACH,0
2026-01-08 16:56:00,1,A126,2,A292,1518.12,USD,1518.12,USD,ACH,0
2026-01-08 16:58:00,2,A27,1,A31,570.33,USD,570.33,USD,ACH,0
2026-01-08 16:58:00,4,A29,1,A276,681.44,USD,681.44,USD,ACH,0
2026-01-08 16:58:00,4,A49,2,A137,854.95,USD,854.95,USD,ACH,0
2026-01-08 17:00:00,3,A203,4,A199,140.61,USD,140.61,USD,ACH,0
2026-01-08 17:00:00,0,A245,0,A45,214.73,USD,214.73,USD,ACH,0
2026-01-08 17:02:00,3,A123,1,A261,1307.17,USD,1307.17,USD,ACH,0
2026-01-08 17:03:00,4,A139,2,A187,638.23,USD,638.23,USD,ACH,0
2026-01-08 17:03:00,4,A149,1,A71,306.67,USD,306.67,USD,ACH,0
2026-01-08 17:04:00,1,A61,3,A158,533.65,USD,533.65,USD,ACH,0
2026-01-08 17:06:00,1,A226,0,A215,511.61,USD,511.61,USD,ACH,0
2026-01-08 17:10:00,2,A217,4,A74,472.7,USD,472.7,USD,ACH,0
2026-01-08 17:11:00,1,A141,3,A58,583.33,USD,583.33,USD,ACH,0
2026-01-08 17:11:00,2,A182,4,A59,194.3,USD,194.3,USD,ACH,0
2026-01-08 17:11:00,0,A230,1,A141,419.78,USD,419.78,USD,ACH,0
2026-01-08 17:12:00,4,A34,4,A269,957.72,USD,957.72,USD,ACH,0
2026-01-08 17:16:00,3,A128,1,A121,450.8,USD,450.8,USD,ACH,0
2026-01-08 17:16:00,2,A232,0,A80,213.61,USD,213.61,USD,ACH,0
2026-01-08 17:16:00,0,A285,4,A179,879.74,USD,879.74,USD,ACH,1
2026-01-08 17:20:00,2,A272,2,A257,158.59,USD,158.59,USD,ACH,0
2026-01-08 17:24:00,3,A13,0,A245,358.28,USD,358.28,USD,ACH,0
2026-01-08 17:27:00,0,A5,1,A156,228.96,USD,228.96,USD,ACH,0
2026-01-08 17:28:00,2,A52,1,A156,365.36,USD,365.36,USD,ACH,0
2026-01-08 17:29:00,4,A184,4,A74,537.83,USD,537.83,USD,ACH,0
2026-01-08 17:30:00,4,A59,4,A234,585.26,USD,585.26,USD,ACH,0
2026-01-08 17:31:00,2,A252,3,A8,643.72,USD,643.72,USD,ACH,0
2026-01-08 17:33:00,1,A181,1,A211,396.09,USD,396.09,USD,ACH,1
2026-01-08 17:35:00,0,A95,1,A146,199.49,USD,199.49,USD,ACH,0
2026-01-08 17:36:00,1,A221,0,A75,72.98,USD,72.98,USD,ACH,0
2026-01-08 17:40:00,1,A126,3,A238,122.44,USD,122.44,USD,ACH,0
2026-01-08 17:40:00,2,A212,1,A81,131.01,USD,131.01,USD,ACH,0
2026-01-08 17:41:00,3,A23,0,A150,527.84,USD,527.84,USD,ACH,0
2026-01-08 17:43:00,2,A262,1,A81,67.88,USD,67.88,USD,ACH,0
2026-01-08 17:44:00,0,A10,4,A39,349.68,USD,349.68,USD,ACH,0
2026-01-08 17:45:00,1,A291,4,A39,813.94,USD,813.94,USD,ACH,0
2026-01-08 17:48:00,0,A0,1,A126,400.87,USD,400.87,USD,ACH,0
2026-01-08 17:48:00,0,A65,3,A153,1033.92,USD,1033.92,USD,ACH,0
2026-01-08 17:49:00,2,A277,0,A210,330.18,USD,330.18,USD,ACH,0
2026-01-08 17:51:00,3,A193,3,A148,132.96,USD,132.96,USD,ACH,0
2026-01-08 17:51:00,3,A203,0,A170,787.85,USD,787.85,USD,ACH,0
2026-01-08 17:51:00,4,A274,1,A141,813.46,USD,813.46,USD,ACH,0
2026-01-08 17:54:00,0,A80,2,A32,444.25,USD,444.25,USD,ACH,0
2026-01-08 17:58:00,0,A125,1,A246,618.71,USD,618.71,USD,ACH,0
2026-01-09 08:00:00,0,A115,3,A8,750.16,USD,750.16,USD,ACH,0
2026-01-09 08:03:00,3,A78,1,A106,1375.28,USD,1375.28,USD,ACH,0
2026-01-09 08:05:00,3,A78,0,A135,1056.89,USD,1056.89,USD,ACH,0
2026-01-09 08:05:00,4,A149,4,A54,665.71,USD,665.71,USD,ACH,0
2026-01-09 08:05:00,0,A210,0,A25,40.76,USD,40.76,USD,ACH,0
2026-01-09 08:05:00,3,A243,2,A267,291.9,USD,291.9,USD,ACH,0
2026-01-09 08:06:00,0,A0,1,A236,136.46,USD,136.46,USD,ACH,0
2026-01-09 08:08:00,2,A197,2,A132,662.9,USD,662.9,USD,ACH,0
2026-01-09 08:11:00,1,A21,3,A128,743.34,USD,743.34,USD,ACH,0
2026-01-09 08:12:00,4,A254,0,A255,863.72,USD,863.72,USD,ACH,1
2026-01-09 08:13:00,4,A224,0,A140,1040.81,USD,1040.81,USD,ACH,0
2026-01-09 08:14:00,0,A10,4,A89,188.26,USD,188.26,USD,ACH,0
2026-01-09 08:15:00,1,A101,3,A258,50.33,USD,50.33,USD,ACH,0
2026-01-09 08:15:00,1,A236,4,A69,251.68,USD,251.68,USD,ACH,0
2026-01-09 08:16:00,0,A80,3,A118,373.04,USD,373.04,USD,ACH,0
2026-01-09 08:17:00,3,A23,0,A160,1069.25,USD,1069.25,USD,ACH,0
2026-01-09 08:17:00,1,A31,3,A138,367.2,USD,367.2,USD,ACH,0
2026-01-09 08:19:00,2,A187,2,A117,1617.48,USD,1617.48,USD,ACH,0
2026-01-09 08:20:00,1,A111,4,A204,419.31,USD,419.31,USD,ACH,0
2026-01-09 08:21:00,2,A42,0,A55,309.27,USD,309.27,USD,ACH,0
2026-01-09 08:21:00,4,A49,4,A9,253.31,USD,253.31,USD,ACH,0
2026-01-09 08:21:00,1,A146,4,A64,276.14,USD,276.14,USD,ACH,0
2026-01-09 08:21:00,4,A164,3,A233,665.22,USD,665.22,USD,ACH,0
2026-01-09 08:22:00,0,A25,2,A202,562.93,USD,562.93,USD,ACH,0
2026-01-09 08:23:00,2,A97,2,A107,253.62,USD,253.62,USD,ACH,0
2026-01-09 08:23:00,3,A153,4,A244,143.68,USD,143.68,USD,ACH,0
2026-01-09 08:25:00,2,A227,4,A294,269.89,USD,269.89,USD,ACH,0
2026-01-09 08:25:00,2,A277,0,A185,617.73,USD,617.73,USD,ACH,0
2026-01-09 08:28:00,1,A121,3,A178,78.7,USD,78.7,USD,ACH,0
2026-01-09 08:31:00,4,A24,1,A286,518.82,USD,518.82,USD,ACH,0
2026-01-09 08:33:00,2,A292,0,A25,320.45,USD,320.45,USD,ACH,0
2026-01-09 08:34:00,4,A269,2,A297,842.89,USD,842.89,USD,ACH,0
2026-01-09 08:37:00,4,A44,4,A59,190.51,USD,190.51,USD,ACH,1
2026-01-09 08:38:00,2,A87,4,A219,568.34,USD,568.34,USD,ACH,0
2026-01-09 08:43:00,3,A248,3,A188,1513.11,USD,1513.11,USD,ACH,0
2026-01-09 08:45:00,2,A17,1,A151,910.22,USD,910.22,USD,ACH,0
2026-01-09 08:46:00,3,A183,2,A77,509.86,USD,509.86,USD,ACH,0
2026-01-09 08:47:00,3,A18,2,A92,107.32,USD,107.32,USD,ACH,0
2026-01-09 08:48:00,0,A65,0,A5,148.27,USD,148.27,USD,ACH,0
2026-01-09 08:50:00,1,A286,2,A207,1412.88,USD,1412.88,USD,ACH,0
2026-01-09 08:53:00,3,A8,4,A274,301.24,USD,301.24,USD,ACH,1
2026-01-09 08:54:00,4,A259,2,A137,576.83,USD,576.83,USD,ACH,0
2026-01-09 08:56:00,4,A94,1,A151,323.86,USD,323.86,USD,ACH,0
2026-01-09 08:57:00,3,A138,0,A160,1007.84,USD,1007.84,USD,ACH,0
2026-01-09 08:57:00,3,A293,2,A212,97.76,USD,97.76,USD,ACH,0
2026-01-09 08:58:00,1,A11,4,A149,131.8,USD,131.8,USD,ACH,0
2026-01-09 08:58:00,0,A30,2,A247,422.85,USD,422.85,USD,ACH,0
2026-01-09 09:00:00,4,A214,2,A162,632.65,USD,632.65,USD,ACH,0
2026-01-09 09:00:00,2,A287,4,A274,175.02,USD,175.02,USD,ACH,0
2026-01-09 09:01:00,2,A62,1,A81,382.0,USD,382.0,USD,ACH,0
2026-01-09 09:02:00,0,A55,4,A204,280.25,USD,280.25,USD,ACH,0
2026-01-09 09:02:00,3,A268,0,A75,359.25,USD,359.25,USD,ACH,0
2026-01-09 09:05:00,3,A113,0,A280,720.29,USD,720.29,USD,ACH,0
2026-01-09 09:05:00,0,A230,3,A123,250.54,USD,250.54,USD,ACH,0
2026-01-09 09:05:00,3,A233,2,A237,406.18,USD,406.18,USD,ACH,0
2026-01-09 09:08:00,4,A79,3,A43,650.83,USD,650.83,USD,ACH,0
2026-01-09 09:08:00,1,A176,4,A209,539.57,USD,539.57,USD,ACH,0
2026-01-09 09:08:00,4,A194,0,A225,646.57,USD,646.57,USD,ACH,0
2026-01-09 09:11:00,0,A60,3,A208,462.62,USD,462.62,USD,ACH,0
2026-01-09 09:11:00,1,A291,2,A82,920.46,USD,920.46,USD,ACH,0
2026-01-09 09:11:00,3,A298,4,A14,960.84,USD,960.84,USD,ACH,0
2026-01-09 09:18:00,0,A75,3,A83,682.33,USD,682.33,USD,ACH,0
2026-01-09 09:19:00,2,A87,2,A147,763.09,USD,763.09,USD,ACH,0
2026-01-09 09:20:00,2,A197,3,A133,1103.96,USD,1103.96,USD,ACH,0
2026-01-09 09:21:00,2,A247,2,A297,504.9,USD,504.9,USD,ACH,0
2026-01-09 09:23:00,1,A41,4,A254,163.82,USD,163.82,USD,ACH,0
2026-01-09 09:23:00,3,A173,4,A234,190.18,USD,190.18,USD,ACH,0
2026-01-09 09:23:00,3,A228,3,A58,464.25,USD,464.25,USD,ACH,0
2026-01-09 09:24:00,4,A124,2,A107,350.7,USD,350.7,USD,ACH,0
2026-01-09 09:25:00,3,A218,0,A25,539.95,USD,539.95,USD,ACH,0
2026-01-09 09:26:00,4,A229,0,A265,634.69,USD,634.69,USD,ACH,0
2026-01-09 09:27:00,3,A38,0,A90,360.3,USD,360.3,USD,ACH,0
2026-01-09 09:27:00,4,A99,4,A94,875.0,USD,875.0,USD,ACH,0
2026-01-09 09:28:00,3,A213,4,A19,678.09,USD,678.09,USD,ACH,0
2026-01-09 09:28:00,1,A261,4,A219,259.0,USD,259.0,USD,ACH,0
2026-01-09 09:29:00,4,A64,4,A29,321.41,USD,321.41,USD,ACH,0
2026-01-09 09:30:00,2,A272,3,A163,1052.86,USD,1052.86,USD,ACH,0
2026-01-09 09:30:00,1,A281,3,A83,95.44,USD,95.44,USD,ACH,0
2026-01-09 09:35:00,0,A200,2,A47,147.6,USD,147.6,USD,ACH,0
2026-01-09 09:38:00,3,A298,1,A196,308.1,USD,308.1,USD,ACH,0
2026-01-09 09:39:00,2,A202,2,A252,361.51,USD,361.51,USD,ACH,0
2026-01-09 09:40:00,0,A295,3,A253,497.49,USD,497.49,USD,ACH,0
2026-01-09 09:42:00,2,A152,4,A64,373.56,USD,373.56,USD,ACH,0
2026-01-09 09:43:00,4,A34,3,A18,1634.37,USD,1634.37,USD,ACH,0
2026-01-09 09:43:00,2,A112,3,A158,151.5,USD,151.5,USD,ACH,0
2026-01-09 09:46:00,0,A105,3,A18,559.2,USD,559.2,USD,ACH,0
2026-01-09 09:49:00,2,A82,2,A147,205.44,USD,205.44,USD,ACH,0
2026-01-09 09:49:00,0,A210,1,A276,328.76,USD,328.76,USD,ACH,0
2026-01-09 09:51:00,2,A67,3,A218,157.37,USD,157.37,USD,ACH,0
2026-01-09 09:53:00,4,A54,0,A45,116.91,USD,116.91,USD,ACH,0
2026-01-09 09:56:00,4,A114,4,A134,232.45,USD,232.45,USD,ACH,0
2026-01-09 09:57:00,1,A26,1,A281,1111.37,USD,1111.37,USD,ACH,0
2026-01-09 09:57:00,2,A132,0,A40,865.39,USD,865.39,USD,ACH,0
2026-01-09 09:58:00,1,A286,0,A240,133.3,USD,133.3,USD,ACH,0
2026-01-09 10:01:00,1,A1,4,A249,335.99,USD,335.99,USD,ACH,0
2026-01-09 10:03:00,2,A22,2,A257,185.89,USD,185.89,USD,ACH,0
2026-01-09 10:03:00,4,A29,3,A178,361.65,USD,361.65,USD,ACH,0
2026-01-09 10:03:00,1,A156,4,A289,286.85,USD,286.85,USD,ACH,0
2026-01-09 10:06:00,3,A273,3,A128,205.32,USD,205.32,USD,ACH,0
2026-01-09 10:12:00,3,A83,3,A98,212.42,USD,212.42,USD,ACH,0
2026-01-09 10:12:00,2,A212,2,A97,101.98,USD,101.98,USD,ACH,0
2026-01-09 10:13:00,3,A98,3,A18,305.58,USD,305.58,USD,ACH,0
2026-01-09 10:15:00,0,A250,3,A123,241.59,USD,241.59,USD,ACH,0
2026-01-09 10:16:00,1,A41,4,A94,340.26,USD,340.26,USD,ACH,0
2026-01-09 10:18:00,0,A160,1,A66,580.15,USD,580.15,USD,ACH,0
2026-01-09 10:19:00,0,A5,1,A41,576.86,USD,576.86,USD,ACH,0
2026-01-09 10:20:00,3,A208,0,A30,638.38,USD,638.38,USD,ACH,0
2026-01-09 10:21:00,4,A74,3,A273,478.62,USD,478.62,USD,ACH,0
2026-01-09 10:22:00,0,A5,3,A203,519.0,USD,519.0,USD,ACH,0
2026-01-09 10:23:00,3,A48,1,A101,244.32,USD,244.32,USD,ACH,0
2026-01-09 10:23:00,3,A143,4,A19,303.22,USD,303.22,USD,ACH,0
2026-01-09 10:23:00,1,A271,4,A14,1343.04,USD,1343.04,USD,ACH,0
2026-01-09 10:24:00,1,A121,0,A40,193.14,USD,193.14,USD,ACH,0
2026-01-09 10:26:00,1,A141,2,A182,518.25,USD,518.25,USD,ACH,0
2026-01-09 10:26:00,3,A193,1,A36,194.63,USD,194.63,USD,ACH,0
2026-01-09 10:27:00,0,A260,2,A187,231.68,USD,231.68,USD,ACH,0
2026-01-09 10:29:00,3,A128,4,A229,194.45,USD,194.45,USD,ACH,0
2026-01-09 10:29:00,4,A139,3,A283,982.62,USD,982.62,USD,ACH,0
2026-01-09 10:30:00,1,A131,4,A179,645.81,USD,645.81,USD,ACH,0
2026-01-09 10:31:00,1,A266,1,A66,403.22,USD,403.22,USD,ACH,0
2026-01-09 10:33:00,4,A274,4,A109,503.12,USD,503.12,USD,ACH,0
2026-01-09 10:37:00,2,A297,1,A11,130.09,USD,130.09,USD,ACH,0
2026-01-09 10:38:00,2,A77,2,A242,1540.8,USD,1540.8,USD,ACH,0
2026-01-09 10:39:00,4,A154,1,A161,907.08,USD,907.08,USD,ACH,0
2026-01-09 10:39:00,3,A168,0,A45,886.27,USD,886.27,USD,ACH,0
2026-01-09 10:40:00,4,A244,2,A92,720.82,USD,720.82,USD,ACH,0
2026-01-09 10:42:00,3,A163,3,A243,593.1,USD,593.1,USD,ACH,0
2026-01-09 10:43:00,3,A153,1,A96,768.78,USD,768.78,USD,ACH,0
2026-01-09 10:45:00,1,A191,3,A298,292.82,USD,292.82,USD,ACH,0
2026-01-09 10:46:00,4,A249,0,A105,440.07,USD,440.07,USD,ACH,0
2026-01-09 10:46:00,3,A283,4,A79,289.38,USD,289.38,USD,ACH,0
2026-01-09 10:47:00,0,A205,2,A252,151.78,USD,151.78,USD,ACH,0
2026-01-09 10:47:00,2,A282,1,A291,596.99,USD,596.99,USD,ACH,0
2026-01-09 10:48:00,2,A252,4,A234,137.56,USD,137.56,USD,ACH,0
2026-01-09 10:48:00,2,A262,3,A133,178.13,USD,178.13,USD,ACH,0
2026-01-09 10:49:00,0,A220,1,A46,92.12,USD,92.12,USD,ACH,0
2026-01-09 10:51:00,1,A201,4,A89,383.47,USD,383.47,USD,ACH,0
2026-01-09 10:52:00,2,A12,3,A248,171.82,USD,171.82,USD,ACH,0
2026-01-09 10:56:00,1,A6,2,A252,685.16,USD,685.16,USD,ACH,0
2026-01-09 10:57:00,4,A209,1,A131,543.73,USD,543.73,USD,ACH,0
2026-01-09 10:58:00,1,A136,0,A80,253.12,USD,253.12,USD,ACH,0
2026-01-09 11:00:00,3,A98,4,A69,738.52,USD,738.52,USD,ACH,0
2026-01-09 11:01:00,3,A138,1,A11,529.52,USD,529.52,USD,ACH,0
2026-01-09 11:02:00,4,A244,3,A283,262.03,USD,262.03,USD,ACH,0
2026-01-09 11:03:00,0,A35,4,A9,910.48,USD,910.48,USD,ACH,0
2026-01-09 11:03:00,0,A125,1,A76,154.93,USD,154.93,USD,ACH,0
2026-01-09 11:03:00,1,A186,2,A127,177.37,USD,177.37,USD,ACH,0
2026-01-09 11:06:00,0,A40,0,A50,153.42,USD,153.42,USD,ACH,0
2026-01-09 11:09:00,0,A225,4,A214,1289.12,USD,1289.12,USD,ACH,0
2026-01-09 11:13:00,2,A92,0,A175,120.11,USD,120.11,USD,ACH,0
2026-01-09 11:13:00,2,A117,2,A142,517.36,USD,517.36,USD,ACH,0
2026-01-09 11:14:00,2,A67,1,A211,191.04,USD,191.04,USD,ACH,0
2026-01-09 11:16:00,1,A171,4,A169,222.09,USD,222.09,USD,ACH,0
2026-01-09 11:17:00,1,A21,3,A268,161.3,USD,161.3,USD,ACH,0
2026-01-09 11:17:00,0,A170,1,A206,661.55,USD,661.55,USD,ACH,0
2026-01-09 11:19:00,4,A39,0,A245,179.77,USD,179.77,USD,ACH,0
2026-01-09 11:20:00,4,A84,4,A44,1300.12,USD,1300.12,USD,ACH,0
2026-01-09 11:20:00,1,A241,1,A36,843.32,USD,843.32,USD,ACH,0
2026-01-09 11:24:00,0,A235,3,A163,642.63,USD,642.63,USD,ACH,0
2026-01-09 11:29:00,2,A222,0,A10,142.64,USD,142.64,USD,ACH,0
2026-01-09 11:29:00,2,A267,4,A234,850.41,USD,850.41,USD,ACH,0
2026-01-09 11:37:00,4,A39,4,A264,253.85,USD,253.85,USD,ACH,0
2026-01-09 11:37:00,0,A50,3,A143,94.9,USD,94.9,USD,ACH,0
2026-01-09 11:38:00,0,A60,3,A178,132.6,USD,132.6,USD,ACH,0
2026-01-09 11:38:00,2,A107,2,A282,241.21,USD,241.21,USD,ACH,0
2026-01-09 11:41:00,3,A163,1,A96,451.54,USD,451.54,USD,ACH,0
2026-01-09 11:41:00,4,A274,0,A205,304.3,USD,304.3,USD,ACH,0
2026-01-09 11:42:00,0,A285,3,A278,380.74,USD,380.74,USD,ACH,0
2026-01-09 11:43:00,0,A275,1,A241,130.19,USD,130.19,USD,ACH,0
2026-01-09 11:44:00,1,A106,3,A188,135.12,USD,135.12,USD,ACH,0
2026-01-09 11:45:00,2,A2,4,A124,113.51,USD,113.51,USD,ACH,0
2026-01-09 11:46:00,4,A194,0,A255,1061.02,USD,1061.02,USD,ACH,0
2026-01-09 11:47:00,1,A181,2,A267,1085.25,USD,1085.25,USD,ACH,0
2026-01-09 11:48:00,4,A219,0,A235,1816.67,USD,1816.67,USD,ACH,0
2026-01-09 11:49:00,0,A40,0,A150,228.27,USD,228.27,USD,ACH,0
2026-01-09 11:51:00,3,A208,2,A267,546.99,USD,546.99,USD,ACH,0
2026-01-09 11:52:00,0,A205,0,A235,960.29,USD,960.29,USD,ACH,0
2026-01-09 11:55:00,3,A173,1,A241,256.75,USD,256.75,USD,ACH,0
2026-01-09 11:57:00,2,A127,4,A134,201.86,USD,201.86,USD,ACH,0
2026-01-09 11:58:00,4,A279,0,A185,813.61,USD,813.61,USD,ACH,0
2026-01-09 11:59:00,4,A124,4,A84,496.76,USD,496.76,USD,ACH,0
2026-01-09 12:00:00,0,A35,3,A28,2829.1,USD,2829.1,USD,Wire,0
2026-01-09 12:00:00,0,A80,3,A73,1782.65,USD,1782.65,USD,Wire,0
2026-01-09 12:00:00,4,A144,4,A119,252.01,USD,252.01,USD,ACH,0
2026-01-09 12:00:00,0,A190,3,A183,1803.35,USD,1803.35,USD,Wire,0
2026-01-09 12:00:00,3,A228,1,A191,554.12,USD,554.12,USD,ACH,0
2026-01-09 12:00:00,1,A246,4,A239,2856.12,USD,2856.12,USD,Wire,0
2026-01-09 12:01:00,2,A22,1,A266,423.12,USD,423.12,USD,ACH,0
2026-01-09 12:01:00,4,A29,2,A22,1462.76,USD,1462.76,USD,Wire,0
2026-01-09 12:01:00,0,A225,3,A218,2757.73,USD,2757.73,USD,Wire,0
2026-01-09 12:03:00,3,A108,1,A101,1417.95,USD,1417.95,USD,Wire,0
2026-01-09 12:03:00,0,A195,3,A188,2652.0,USD,2652.0,USD,Wire,0
2026-01-09 12:04:00,4,A134,2,A127,2864.85,USD,2864.85,USD,Wire,0
2026-01-09 12:04:00,0,A135,3,A128,2722.83,USD,2722.83,USD,Wire,0
2026-01-09 12:04:00,2,A152,0,A145,2446.79,USD,2446.79,USD,Wire,0
2026-01-09 12:05:00,3,A173,1,A166,2491.94,USD,2491.94,USD,Wire,0
2026-01-09 12:06:00,4,A104,1,A171,1101.82,USD,1101.82,USD,ACH,0
2026-01-09 12:06:00,3,A133,1,A126,2298.69,USD,2298.69,USD,Wire,0
2026-01-09 12:06:00,3,A153,1,A146,2237.14,USD,2237.14,USD,Wire,0
2026-01-09 12:07:00,1,A146,0,A40,217.04,USD,217.04,USD,ACH,0
2026-01-09 12:08:00,0,A55,3,A48,2651.14,USD,2651.14,USD,Wire,0
2026-01-09 12:08:00,0,A65,3,A58,2613.66,USD,2613.66,USD,Wire,0
2026-01-09 12:08:00,0,A105,3,A98,2698.75,USD,2698.75,USD,Wire,0
2026-01-09 12:08:00,3,A148,3,A238,605.74,USD,605.74,USD,ACH,0
2026-01-09 12:09:00,0,A50,3,A43,1724.37,USD,1724.37,USD,Wire,0
2026-01-09 12:10:00,2,A237,0,A230,1170.85,USD,1170.85,USD,Wire,0
2026-01-09 12:11:00,1,A26,4,A19,2887.26,USD,2887.26,USD,Wire,0
2026-01-09 12:11:00,1,A231,1,A111,483.46,USD,483.46,USD,ACH,0
2026-01-09 12:11:00,3,A273,1,A266,2548.58,USD,2548.58,USD,Wire,0
2026-01-09 12:12:00,2,A67,0,A60,1008.46,USD,1008.46,USD,Wire,0
2026-01-09 12:12:00,0,A95,3,A88,2797.63,USD,2797.63,USD,Wire,0
2026-01-09 12:12:00,4,A144,2,A137,2791.6,USD,2791.6,USD,Wire,0
2026-01-09 12:12:00,4,A279,2,A272,1547.9,USD,1547.9,USD,Wire,0
2026-01-09 12:12:00,0,A290,3,A283,1602.54,USD,1602.54,USD,Wire,0
2026-01-09 12:12:00,0,A5,3,A298,2912.74,USD,2912.74,USD,Wire,0
2026-01-09 12:13:00,1,A136,4,A129,3287.19,USD,3287.19,USD,Wire,0
2026-01-09 12:13:00,1,A226,4,A219,2999.47,USD,2999.47,USD,Wire,0
2026-01-09 12:13:00,3,A228,1,A221,1298.95,USD,1298.95,USD,Wire,0
2026-01-09 12:13:00,0,A255,3,A248,2659.63,USD,2659.63,USD,Wire,0
2026-01-09 12:13:00,4,A259,2,A252,1732.92,USD,1732.92,USD,Wire,0
2026-01-09 12:14:00,0,A60,3,A53,2065.34,USD,2065.34,USD,Wire,0
2026-01-09 12:14:00,4,A69,2,A62,1545.3,USD,1545.3,USD,Wire,0
2026-01-09 12:14:00,1,A101,4,A94,1914.76,USD,1914.76,USD,Wire,0
2026-01-09 12:14:00,4,A234,2,A227,2640.39,USD,2640.39,USD,Wire,0
2026-01-09 12:14:00,0,A270,3,A263,1976.74,USD,1976.74,USD,Wire,0
2026-01-09 12:14:00,3,A278,1,A271,1309.56,USD,1309.56,USD,Wire,0
2026-01-09 12:15:00,4,A214,2,A207,2703.89,USD,2703.89,USD,Wire,0
2026-01-09 12:16:00,4,A59,0,A290,844.35,USD,844.35,USD,ACH,0
2026-01-09 12:17:00,3,A8,1,A1,1277.37,USD,1277.37,USD,Wire,0
2026-01-09 12:17:00,3,A213,1,A206,2650.59,USD,2650.59,USD,Wire,0
2026-01-09 12:18:00,3,A63,1,A56,2534.26,USD,2534.26,USD,Wire,0
2026-01-09 12:18:00,3,A238,0,A120,679.63,USD,679.63,USD,ACH,0
2026-01-09 12:19:00,1,A51,1,A196,166.67,USD,166.67,USD,ACH,0
2026-01-09 12:19:00,3,A73,1,A66,2211.81,USD,2211.81,USD,Wire,0
2026-01-09 12:19:00,1,A106,4,A99,2855.93,USD,2855.93,USD,Wire,0
2026-01-09 12:19:00,0,A250,3,A243,1741.93,USD,1741.93,USD,Wire,0
2026-01-09 12:20:00,3,A28,1,A41,2785.42,USD,2785.42,USD,Wire,0
2026-01-09 12:20:00,3,A73,1,A86,1694.1,USD,1694.1,USD,Wire,0
2026-01-09 12:20:00,0,A120,3,A273,155.61,USD,155.61,USD,ACH,0
2026-01-09 12:20:00,3,A183,1,A196,1731.08,USD,1731.08,USD,Wire,0
2026-01-09 12:20:00,4,A239,2,A252,2819.04,USD,2819.04,USD,Wire,0
2026-01-09 12:21:00,2,A22,0,A35,1424.63,USD,1424.63,USD,Wire,0
2026-01-09 12:21:00,3,A218,1,A231,2702.56,USD,2702.56,USD,Wire,0
2026-01-09 12:22:00,3,A198,1,A196,1260.25,USD,1260.25,USD,ACH,0
2026-01-09 12:22:00,3,A223,1,A96,60.35,USD,60.35,USD,ACH,0
2026-01-09 12:23:00,3,A53,3,A93,90.0,USD,90.0,USD,ACH,0
2026-01-09 12:23:00,1,A101,4,A114,1309.83,USD,1309.83,USD,Wire,0
2026-01-09 12:23:00,3,A188,1,A201,2500.57,USD,2500.57,USD,Wire,0
2026-01-09 12:24:00,2,A37,3,A78,467.36,USD,467.36,USD,ACH,0
2026-01-09 12:24:00,1,A116,0,A70,1344.57,USD,1344.57,USD,ACH,0
2026-01-09 12:24:00,2,A127,0,A140,2754.56,USD,2754.56,USD,Wire,0
2026-01-09 12:24:00,3,A128,1,A141,2568.68,USD,2568.68,USD,Wire,0
2026-01-09 12:24:00,0,A145,3,A158,2353.4,USD,2353.4,USD,Wire,0
2026-01-09 12:25:00,1,A166,4,A179,2452.55,USD,2452.55,USD,Wire,0
2026-01-09 12:25:00,0,A290,0,A190,35.27,USD,35.27,USD,ACH,0
2026-01-09 12:26:00,2,A27,0,A95,355.36,USD,355.36,USD,ACH,0
2026-01-09 12:26:00,1,A126,4,A139,2216.04,USD,2216.04,USD,Wire,0
2026-01-09 12:26:00,1,A146,4,A159,2182.42,USD,2182.42,USD,Wire,0
2026-01-09 12:28:00,3,A48,1,A61,2509.28,USD,2509.28,USD,Wire,0
2026-01-09 12:28:00,3,A58,1,A71,2402.82,USD,2402.82,USD,Wire,0
2026-01-09 12:28:00,3,A98,1,A111,2539.85,USD,2539.85,USD,Wire,0
2026-01-09 12:28:00,3,A143,2,A62,108.79,USD,108.79,USD,ACH,0
2026-01-09 12:28:00,0,A180,3,A153,485.67,USD,485.67,USD,ACH,0
2026-01-09 12:28:00,3,A293,0,A200,206.08,USD,206.08,USD,ACH,0
2026-01-09 12:29:00,3,A43,1,A56,1586.04,USD,1586.04,USD,Wire,0
2026-01-09 12:30:00,2,A147,1,A41,415.81,USD,415.81,USD,ACH,0
2026-01-09 12:30:00,0,A230,3,A243,1128.51,USD,1128.51,USD,Wire,0
2026-01-09 12:31:00,4,A19,2,A32,2720.36,USD,2720.36,USD,Wire,0
2026-01-09 12:31:00,2,A142,3,A213,147.17,USD,147.17,USD,ACH,0
2026-01-09 12:31:00,1,A266,4,A279,2330.27,USD,2330.27,USD,Wire,0
2026-01-09 12:32:00,0,A60,3,A73,922.85,USD,922.85,USD,Wire,0
2026-01-09 12:32:00,0,A70,0,A150,239.77,USD,239.77,USD,ACH,0
2026-01-09 12:32:00,3,A88,1,A101,2523.53,USD,2523.53,USD,Wire,0
2026-01-09 12:32:00,2,A137,0,A150,2665.55,USD,2665.55,USD,Wire,0
2026-01-09 12:32:00,0,A190,3,A43,1828.43,USD,1828.43,USD,ACH,0
2026-01-09 12:32:00,2,A272,0,A285,1510.71,USD,1510.71,USD,Wire,0
2026-01-09 12:32:00,3,A283,1,A296,1456.14,USD,1456.14,USD,Wire,0
2026-01-09 12:32:00,3,A298,1,A11,2811.27,USD,2811.27,USD,Wire,0
2026-01-09 12:33:00,4,A129,2,A142,3037.01,USD,3037.01,USD,Wire,0
2026-01-09 12:33:00,4,A219,2,A232,2824.15,USD,2824.15,USD,Wire,0
2026-01-09 12:33:00,1,A221,4,A234,1190.4,USD,1190.4,USD,Wire,0
2026-01-09 12:33:00,3,A248,1,A261,2465.64,USD,2465.64,USD,Wire,0
2026-01-09 12:33:00,2,A252,0,A265,1623.87,USD,1623.87,USD,Wire,0
2026-01-09 12:34:00,3,A53,1,A66,2005.27,USD,2005.27,USD,Wire,0
2026-01-09 12:34:00,2,A62,0,A75,1463.24,USD,1463.24,USD,Wire,0
2026-01-09 12:34:00,4,A94,2,A107,1796.83,USD,1796.83,USD,Wire,0
2026-01-09 12:34:00,2,A227,0,A240,2385.22,USD,2385.22,USD,Wire,0
2026-01-09 12:34:00,3,A263,1,A276,1924.95,USD,1924.95,USD,Wire,0
2026-01-09 12:34:00,1,A271,4,A284,1190.51,USD,1190.51,USD,Wire,0
2026-01-09 12:35:00,2,A207,0,A220,2495.04,USD,2495.04,USD,Wire,0
2026-01-09 12:35:00,4,A284,0,A290,379.4,USD,379.4,USD,ACH,0
2026-01-09 12:37:00,1,A1,4,A14,1232.85,USD,1232.85,USD,Wire,0
2026-01-09 12:37:00,4,A159,0,A0,794.95,USD,794.95,USD,ACH,0
2026-01-09 12:37:00,1,A206,4,A219,2471.82,USD,2471.82,USD,Wire,0
2026-01-09 12:38:00,1,A56,4,A69,2351.48,USD,2351.48,USD,Wire,0
2026-01-09 12:38:00,1,A166,2,A107,653.08,USD,653.08,USD,ACH,0
2026-01-09 12:39:00,1,A66,4,A79,2174.15,USD,2174.15,USD,Wire,0
2026-01-09 12:39:00,4,A99,2,A112,2677.15,USD,2677.15,USD,Wire,0
2026-01-09 12:39:00,3,A128,4,A189,502.39,USD,502.39,USD,ACH,0
2026-01-09 12:39:00,3,A243,1,A256,1670.6,USD,1670.6,USD,Wire,0
2026-01-09 12:40:00,4,A184,3,A298,860.24,USD,860.24,USD,ACH,0
2026-01-09 12:41:00,4,A154,2,A97,313.07,USD,313.07,USD,ACH,0
2026-01-09 12:41:00,1,A206,1,A26,492.83,USD,492.83,USD,ACH,0
2026-01-09 12:43:00,4,A134,1,A166,394.17,USD,394.17,USD,ACH,0
2026-01-09 12:46:00,0,A90,0,A165,203.67,USD,203.67,USD,ACH,0
2026-01-09 12:47:00,2,A107,2,A287,819.52,USD,819.52,USD,ACH,0
2026-01-09 12:48:00,1,A86,3,A53,749.67,USD,749.67,USD,ACH,0
2026-01-09 12:50:00,3,A53,1,A116,466.08,USD,466.08,USD,ACH,0
2026-01-09 12:50:00,4,A79,2,A67,163.97,USD,163.97,USD,ACH,0
2026-01-09 12:50:00,2,A172,3,A143,160.3,USD,160.3,USD,ACH,0
2026-01-09 12:56:00,2,A232,4,A34,489.89,USD,489.89,USD,ACH,0
2026-01-09 12:58:00,4,A4,1,A61,153.5,USD,153.5,USD,ACH,0
2026-01-09 12:58:00,4,A109,0,A120,734.77,USD,734.77,USD,ACH,1
2026-01-09 12:58:00,2,A242,4,A159,606.71,USD,606.71,USD,ACH,0
2026-01-09 12:59:00,4,A214,2,A242,841.3,USD,841.3,USD,ACH,0
2026-01-09 12:59:00,1,A231,1,A191,464.08,USD,464.08,USD,ACH,0
2026-01-09 13:01:00,0,A160,1,A296,294.3,USD,294.3,USD,ACH,0
2026-01-09 13:02:00,4,A289,0,A125,745.3,USD,745.3,USD,ACH,0
2026-01-09 13:03:00,0,A290,1,A71,828.37,USD,828.37,USD,ACH,0
2026-01-09 13:04:00,1,A96,4,A299,96.23,USD,96.23,USD,ACH,0
2026-01-09 13:06:00,1,A36,3,A28,578.35,USD,578.35,USD,ACH,0
2026-01-09 13:07:00,4,A299,2,A182,793.62,USD,793.62,USD,ACH,0
2026-01-09 13:08:00,0,A85,2,A177,847.8,USD,847.8,USD,ACH,0
2026-01-09 13:09:00,1,A161,1,A286,753.14,USD,753.14,USD,ACH,0
2026-01-09 13:09:00,3,A203,0,A55,170.01,USD,170.01,USD,ACH,0
2026-01-09 13:10:00,3,A68,4,A244,505.32,USD,505.32,USD,ACH,0
2026-01-09 13:13:00,4,A69,1,A276,1529.7,USD,1529.7,USD,ACH,0
2026-01-09 13:14:00,1,A61,2,A292,300.08,USD,300.08,USD,ACH,0
2026-01-09 13:14:00,2,A62,2,A147,243.74,USD,243.74,USD,ACH,0
2026-01-09 13:15:00,0,A15,3,A58,200.47,USD,200.47,USD,ACH,0
2026-01-09 13:15:00,3,A68,3,A188,852.55,USD,852.55,USD,ACH,0
2026-01-09 13:17:00,1,A46,3,A258,376.17,USD,376.17,USD,ACH,0
2026-01-09 13:20:00,0,A280,4,A269,397.09,USD,397.09,USD,ACH,0
2026-01-09 13:21:00,2,A187,1,A266,58.94,USD,58.94,USD,ACH,0
2026-01-09 13:22:00,4,A129,0,A290,234.02,USD,234.02,USD,ACH,0
2026-01-09 13:23:00,3,A133,0,A265,365.78,USD,365.78,USD,ACH,0
2026-01-09 13:23:00,3,A198,0,A190,228.85,USD,228.85,USD,ACH,0
2026-01-09 13:24:00,2,A132,1,A146,196.03,USD,196.03,USD,ACH,0
2026-01-09 13:26:00,2,A57,0,A15,1193.37,USD,1193.37,USD,ACH,0
2026-01-09 13:27:00,3,A133,2,A242,747.5,USD,747.5,USD,ACH,0
2026-01-09 13:27:00,2,A177,1,A296,140.71,USD,140.71,USD,ACH,0
2026-01-09 13:27:00,0,A195,2,A22,429.7,USD,429.7,USD,ACH,0
2026-01-09 13:29:00,4,A74,2,A192,422.62,USD,422.62,USD,ACH,0
2026-01-09 13:29:00,3,A113,0,A270,291.86,USD,291.86,USD,ACH,0
2026-01-09 13:30:00,2,A207,2,A292,605.71,USD,605.71,USD,ACH,0
2026-01-09 13:31:00,3,A158,2,A22,2897.94,USD,2897.94,USD,ACH,0
2026-01-09 13:32:00,1,A106,1,A131,736.73,USD,736.73,USD,ACH,0
2026-01-09 13:32:00,3,A108,0,A275,2102.7,USD,2102.7,USD,ACH,0
2026-01-09 13:33:00,1,A226,1,A151,301.38,USD,301.38,USD,ACH,0
2026-01-09 13:38:00,0,A155,2,A72,601.67,USD,601.67,USD,ACH,0
2026-01-09 13:38:00,0,A170,2,A172,189.35,USD,189.35,USD,ACH,0
2026-01-09 13:39:00,4,A14,4,A139,307.98,USD,307.98,USD,ACH,0
2026-01-09 13:39:00,2,A177,0,A30,943.6,USD,943.6,USD,ACH,0
2026-01-09 13:40:00,3,A33,2,A57,236.93,USD,236.93,USD,ACH,0
2026-01-09 13:40:00,2,A47,4,A279,201.09,USD,201.09,USD,ACH,0
2026-01-09 13:42:00,1,A126,0,A225,436.67,USD,436.67,USD,ACH,0
2026-01-09 13:43:00,1,A136,1,A171,207.65,USD,207.65,USD,ACH,0
2026-01-09 13:43:00,3,A233,4,A224,273.95,USD,273.95,USD,ACH,1
2026-01-09 13:45:00,2,A217,1,A296,1095.2,USD,1095.2,USD,ACH,0
2026-01-09 13:46:00,3,A278,2,A277,1937.36,USD,1937.36,USD,ACH,1
2026-01-09 13:47:00,3,A283,4,A69,174.08,USD,174.08,USD,ACH,0
2026-01-09 13:50:00,4,A189,0,A225,794.45,USD,794.45,USD,ACH,0
2026-01-09 13:51:00,3,A3,4,A194,150.0,USD,150.0,USD,ACH,1
2026-01-09 13:52:00,4,A24,0,A105,308.55,USD,308.55,USD,ACH,0
2026-01-09 13:54:00,4,A19,1,A161,126.86,USD,126.86,USD,ACH,0
2026-01-09 13:54:00,1,A71,3,A58,336.99,USD,336.99,USD,ACH,0
2026-01-09 13:54:00,1,A86,2,A77,388.28,USD,388.28,USD,ACH,0
2026-01-09 13:54:00,4,A239,3,A183,518.89,USD,518.89,USD,ACH,0
2026-01-09 13:56:00,3,A238,4,A234,782.49,USD,782.49,USD,ACH,0
2026-01-09 13:57:00,3,A8,0,A65,368.64,USD,368.64,USD,ACH,0
2026-01-09 13:57:00,3,A28,3,A3,1406.91,USD,1406.91,USD,ACH,0
2026-01-09 13:59:00,2,A252,1,A41,655.37,USD,655.37,USD,ACH,0
2026-01-09 14:00:00,1,A296,4,A209,240.35,USD,240.35,USD,ACH,0
2026-01-09 14:01:00,2,A122,3,A178,146.08,USD,146.08,USD,ACH,0
2026-01-09 14:02:00,4,A109,0,A200,313.83,USD,313.83,USD,ACH,0
2026-01-09 14:02:00,4,A174,2,A227,219.38,USD,219.38,USD,ACH,0
2026-01-09 14:03:00,4,A9,2,A7,1037.33,USD,1037.33,USD,ACH,0
2026-01-09 14:04:00,3,A83,0,A30,515.42,USD,515.42,USD,ACH,0
2026-01-09 14:04:00,0,A110,4,A89,125.33,USD,125.33,USD,ACH,0
2026-01-09 14:05:00,4,A294,1,A36,238.39,USD,238.39,USD,ACH,0
2026-01-09 14:06:00,0,A135,2,A147,354.92,USD,354.92,USD,ACH,0
2026-01-09 14:12:00,0,A140,2,A172,62.42,USD,62.42,USD,ACH,0
2026-01-09 14:13:00,0,A75,0,A230,921.13,USD,921.13,USD,ACH,0
2026-01-09 14:14:00,4,A264,0,A285,257.43,USD,257.43,USD,ACH,0
2026-01-09 14:17:00,4,A84,1,A21,167.25,USD,167.25,USD,ACH,0
2026-01-09 14:18:00,0,A35,1,A216,1039.91,USD,1039.91,USD,ACH,0
2026-01-09 14:19:00,1,A16,0,A45,891.54,USD,891.54,USD,ACH,0
2026-01-09 14:20:00,1,A16,2,A137,167.36,USD,167.36,USD,ACH,0
2026-01-09 14:21:00,2,A222,3,A238,332.19,USD,332.19,USD,ACH,0
2026-01-09 14:23:00,3,A253,1,A231,356.18,USD,356.18,USD,ACH,0
2026-01-09 14:24:00,0,A10,1,A96,386.79,USD,386.79,USD,ACH,0
2026-01-09 14:25:00,2,A77,4,A54,1821.37,USD,1821.37,USD,ACH,0
2026-01-09 14:27:00,2,A277,3,A283,202.31,USD,202.31,USD,ACH,0
2026-01-09 14:27:00,2,A287,2,A127,275.53,USD,275.53,USD,ACH,0
2026-01-09 14:34:00,2,A157,2,A87,118.34,USD,118.34,USD,ACH,0
2026-01-09 14:35:00,2,A72,3,A18,280.93,USD,280.93,USD,ACH,0
2026-01-09 14:38:00,4,A29,3,A213,352.73,USD,352.73,USD,ACH,0
2026-01-09 14:40:00,0,A175,0,A150,517.75,USD,517.75,USD,ACH,0
2026-01-09 14:41:00,1,A91,3,A273,250.12,USD,250.12,USD,ACH,0
2026-01-09 14:44:00,3,A88,2,A117,914.95,USD,914.95,USD,ACH,0
2026-01-09 14:44:00,0,A295,0,A290,285.41,USD,285.41,USD,ACH,0
2026-01-09 14:45:00,4,A249,0,A80,166.34,USD,166.34,USD,ACH,0
2026-01-09 14:47:00,1,A226,1,A191,409.55,USD,409.55,USD,ACH,0
2026-01-09 14:48:00,1,A256,0,A170,1074.41,USD,1074.41,USD,ACH,0
2026-01-09 14:53:00,0,A100,4,A164,565.06,USD,565.06,USD,ACH,0
2026-01-09 14:54:00,1,A81,2,A207,575.83,USD,575.83,USD,ACH,0
2026-01-09 14:56:00,0,A135,3,A208,156.64,USD,156.64,USD,ACH,0
2026-01-09 14:57:00,2,A192,3,A198,84.83,USD,84.83,USD,ACH,0
2026-01-09 14:58:00,0,A220,4,A64,501.39,USD,501.39,USD,ACH,0
2026-01-09 15:00:00,1,A91,2,A292,132.16,USD,132.16,USD,ACH,0
2026-01-09 15:00:00,1,A251,0,A205,80.54,USD,80.54,USD,ACH,0
2026-01-09 15:00:00,0,A270,0,A75,173.17,USD,173.17,USD,ACH,0
2026-01-09 15:02:00,2,A237,0,A180,180.75,USD,180.75,USD,ACH,0
2026-01-09 15:02:00,0,A255,1,A266,835.48,USD,835.48,USD,ACH,0
2026-01-09 15:04:00,3,A253,3,A138,275.57,USD,275.57,USD,ACH,0
2026-01-09 15:06:00,2,A117,2,A182,4707.67,USD,4707.67,USD,ACH,0
2026-01-09 15:11:00,3,A168,4,A209,543.22,USD,543.22,USD,ACH,0
2026-01-09 15:12:00,0,A20,2,A192,54.68,USD,54.68,USD,ACH,0
2026-01-09 15:13:00,0,A240,0,A275,146.88,USD,146.88,USD,ACH,0
2026-01-09 15:13:00,4,A284,1,A296,314.33,USD,314.33,USD,ACH,0
2026-01-09 15:14:00,4,A189,4,A94,741.98,USD,741.98,USD,ACH,0
2026-01-09 15:14:00,3,A263,4,A154,148.48,USD,148.48,USD,ACH,0
2026-01-09 15:15:00,4,A69,4,A14,251.6,USD,251.6,USD,ACH,0
2026-01-09 15:15:00,4,A184,3,A73,262.46,USD,262.46,USD,ACH,1
2026-01-09 15:16:00,0,A95,4,A74,523.25,USD,523.25,USD,ACH,0
2026-01-09 15:18:00,1,A156,0,A265,627.05,USD,627.05,USD,ACH,0
2026-01-09 15:18:00,0,A215,0,A175,265.12,USD,265.12,USD,ACH,0
2026-01-09 15:20:00,3,A58,2,A137,786.3,USD,786.3,USD,ACH,0
2026-01-09 15:20:00,0,A65,4,A179,458.97,USD,458.97,USD,ACH,0
2026-01-09 15:21:00,4,A169,1,A106,415.58,USD,415.58,USD,ACH,0
2026-01-09 15:23:00,0,A265,0,A170,202.31,USD,202.31,USD,ACH,0
2026-01-09 15:24:00,4,A279,0,A55,386.31,USD,386.31,USD,ACH,0
2026-01-09 15:25:00,1,A51,3,A123,592.06,USD,592.06,USD,ACH,0
2026-01-09 15:26:00,3,A103,2,A152,186.06,USD,186.06,USD,ACH,0
2026-01-09 15:26:00,4,A134,0,A205,621.17,USD,621.17,USD,ACH,0
2026-01-09 15:29:00,4,A89,0,A80,1924.19,USD,1924.19,USD,ACH,0
2026-01-09 15:33:00,2,A57,0,A15,69.3,USD,69.3,USD,ACH,0
2026-01-09 15:33:00,1,A66,0,A85,681.02,USD,681.02,USD,ACH,0
2026-01-09 15:36:00,1,A246,4,A154,382.92,USD,382.92,USD,ACH,0
2026-01-09 15:39:00,3,A273,2,A87,472.79,USD,472.79,USD,ACH,0
2026-01-09 15:40:00,0,A50,2,A192,340.17,USD,340.17,USD,ACH,0
2026-01-09 15:41:00,0,A185,2,A117,526.65,USD,526.65,USD,ACH,0
2026-01-09 15:43:00,0,A175,0,A285,832.61,USD,832.61,USD,ACH,0
2026-01-09 15:44:00,0,A45,0,A55,886.95,USD,886.95,USD,ACH,0
2026-01-09 15:45:00,3,A23,3,A38,73.79,USD,73.79,USD,ACH,0
2026-01-09 15:45:00,2,A32,3,A293,319.29,USD,319.29,USD,ACH,0
2026-01-09 15:46:00,3,A258,1,A181,357.99,USD,357.99,USD,ACH,0
2026-01-09 15:47:00,4,A139,0,A5,943.17,USD,943.17,USD,ACH,0
2026-01-09 15:49:00,0,A145,0,A85,420.98,USD,420.98,USD,ACH,0
2026-01-09 15:49:00,1,A216,2,A182,387.94,USD,387.94,USD,ACH,0
2026-01-09 15:50:00,2,A157,0,A275,340.83,USD,340.83,USD,ACH,0
2026-01-09 15:52:00,1,A151,0,A180,188.54,USD,188.54,USD,ACH,0
2026-01-09 15:53:00,1,A31,3,A108,279.32,USD,279.32,USD,ACH,0
2026-01-09 15:54:00,0,A90,4,A274,365.3,USD,365.3,USD,ACH,0
2026-01-09 15:55:00,0,A150,0,A55,521.05,USD,521.05,USD,ACH,0
2026-01-09 15:58:00,0,A85,1,A291,186.4,USD,186.4,USD,ACH,0
2026-01-09 16:01:00,4,A149,3,A283,618.23,USD,618.23,USD,ACH,0
2026-01-09 16:02:00,4,A34,0,A125,495.45,USD,495.45,USD,ACH,1
2026-01-09 16:09:00,2,A212,1,A231,154.58,USD,154.58,USD,ACH,0
2026-01-09 16:11:00,3,A178,1,A161,441.52,USD,441.52,USD,ACH,0
2026-01-09 16:12:00,0,A245,2,A22,558.48,USD,558.48,USD,ACH,0
2026-01-09 16:12:00,3,A288,3,A33,386.35,USD,386.35,USD,ACH,0
2026-01-09 16:13:00,1,A271,2,A247,288.11,USD,288.11,USD,ACH,0
2026-01-09 16:16:00,1,A161,3,A198,224.31,USD,224.31,USD,ACH,0
2026-01-09 16:18:00,2,A102,3,A118,115.73,USD,115.73,USD,ACH,0
2026-01-09 16:19:00,4,A89,0,A255,339.29,USD,339.29,USD,ACH,0
2026-01-09 16:19:00,0,A145,4,A224,169.46,USD,169.46,USD,ACH,0
2026-01-09 16:19:00,4,A159,0,A45,755.59,USD,755.59,USD,ACH,0
2026-01-09 16:21:00,2,A127,4,A194,619.29,USD,619.29,USD,ACH,0
2026-01-09 16:22:00,0,A95,4,A244,379.02,USD,379.02,USD,ACH,0
2026-01-09 16:23:00,3,A118,3,A193,658.26,USD,658.26,USD,ACH,0
2026-01-09 16:24:00,3,A63,2,A217,818.35,USD,818.35,USD,ACH,0
2026-01-09 16:24:00,3,A178,1,A146,500.59,USD,500.59,USD,ACH,0
2026-01-09 16:24:00,2,A182,4,A129,892.45,USD,892.45,USD,ACH,0
2026-01-09 16:24:00,4,A234,2,A47,721.59,USD,721.59,USD,ACH,0
2026-01-09 16:30:00,3,A43,0,A10,163.38,USD,163.38,USD,ACH,0
2026-01-09 16:31:00,2,A17,4,A249,156.56,USD,156.56,USD,ACH,0
2026-01-09 16:32:00,2,A37,2,A232,801.82,USD,801.82,USD,ACH,1
2026-01-09 16:32:00,4,A289,0,A260,340.21,USD,340.21,USD,ACH,0
2026-01-09 16:34:00,2,A52,1,A181,492.54,USD,492.54,USD,ACH,0
2026-01-09 16:34:00,1,A211,2,A237,493.84,USD,493.84,USD,ACH,0
2026-01-09 16:38:00,2,A47,4,A99,753.72,USD,753.72,USD,ACH,0
2026-01-09 16:40:00,1,A56,3,A113,606.95,USD,606.95,USD,ACH,0
2026-01-09 16:41:00,4,A169,2,A127,851.74,USD,851.74,USD,ACH,0
2026-01-09 16:43:00,1,A196,1,A216,722.2,USD,722.2,USD,ACH,0
2026-01-09 16:49:00,3,A118,2,A172,2277.8,USD,2277.8,USD,ACH,0
2026-01-09 16:52:00,1,A221,4,A84,254.05,USD,254.05,USD,ACH,0
2026-01-09 16:53:00,3,A223,0,A90,689.37,USD,689.37,USD,ACH,0
2026-01-09 16:54:00,1,A176,3,A128,564.12,USD,564.12,USD,ACH,0
2026-01-09 16:55:00,0,A165,3,A113,118.53,USD,118.53,USD,ACH,0
2026-01-09 16:56:00,3,A288,4,A214,234.01,USD,234.01,USD,ACH,0
2026-01-09 16:58:00,2,A167,4,A114,279.64,USD,279.64,USD,ACH,0
2026-01-09 16:58:00,0,A225,3,A203,119.29,USD,119.29,USD,ACH,0
2026-01-09 17:00:00,4,A119,1,A146,836.16,USD,836.16,USD,ACH,0
2026-01-09 17:04:00,4,A9,4,A14,517.63,USD,517.63,USD,ACH,1
2026-01-09 17:06:00,3,A88,1,A271,1516.39,USD,1516.39,USD,ACH,0
2026-01-09 17:09:00,0,A55,4,A249,316.24,USD,316.24,USD,ACH,0
2026-01-09 17:10:00,4,A4,4,A149,288.21,USD,288.21,USD,ACH,0
2026-01-09 17:10:00,3,A93,3,A168,381.47,USD,381.47,USD,ACH,0
2026-01-09 17:12:00,3,A73,4,A214,312.16,USD,312.16,USD,ACH,0
2026-01-09 17:14:00,3,A18,1,A156,672.49,USD,672.49,USD,ACH,0
2026-01-09 17:14:00,2,A162,2,A27,199.15,USD,199.15,USD,ACH,0
2026-01-09 17:14:00,2,A262,1,A166,711.5,USD,711.5,USD,ACH,0
2026-01-09 17:14:00,1,A296,3,A263,258.28,USD,258.28,USD,ACH,0
2026-01-09 17:17:00,0,A130,0,A15,140.33,USD,140.33,USD,ACH,0
2026-01-09 17:20:00,0,A235,4,A264,1210.82,USD,1210.82,USD,ACH,0
2026-01-09 17:21:00,4,A129,2,A47,1840.97,USD,1840.97,USD,ACH,0
2026-01-09 17:21:00,0,A280,2,A112,494.85,USD,494.85,USD,ACH,0
2026-01-09 17:23:00,1,A151,2,A132,539.98,USD,539.98,USD,ACH,0
2026-01-09 17:23:00,1,A216,1,A51,59.58,USD,59.58,USD,ACH,0
2026-01-09 17:26:00,4,A299,3,A113,627.77,USD,627.77,USD,ACH,0
2026-01-09 17:33:00,4,A14,3,A183,562.47,USD,562.47,USD,ACH,0
2026-01-09 17:34:00,1,A181,2,A267,543.9,USD,543.9,USD,ACH,0
2026-01-09 17:36:00,1,A236,2,A252,251.57,USD,251.57,USD,ACH,0
2026-01-09 17:36:00,3,A278,1,A131,792.51,USD,792.51,USD,ACH,0
2026-01-09 17:37:00,0,A265,2,A212,862.06,USD,862.06,USD,ACH,0
2026-01-09 17:39:00,0,A80,3,A273,236.8,USD,236.8,USD,ACH,0
2026-01-09 17:41:00,2,A2,0,A140,367.83,USD,367.83,USD,ACH,0
2026-01-09 17:45:00,1,A26,2,A62,2269.81,USD,2269.81,USD,ACH,0
2026-01-09 17:45:00,1,A76,0,A195,175.64,USD,175.64,USD,ACH,0
2026-01-09 17:45:00,4,A199,3,A268,799.23,USD,799.23,USD,ACH,0
2026-01-09 17:47:00,3,A123,2,A292,585.75,USD,585.75,USD,ACH,0
2026-01-09 17:47:00,2,A137,1,A256,1351.38,USD,1351.38,USD,ACH,0
2026-01-09 17:50:00,3,A13,4,A229,162.34,USD,162.34,USD,ACH,0
2026-01-09 17:50:00,3,A188,3,A3,267.08,USD,267.08,USD,ACH,0
2026-01-09 17:52:00,1,A276,3,A168,2255.94,USD,2255.94,USD,ACH,0
2026-01-09 17:56:00,1,A116,1,A76,469.14,USD,469.14,USD,ACH,0
2026-01-09 17:56:00,4,A204,2,A102,255.12,USD,255.12,USD,ACH,0
2026-01-09 17:56:00,2,A257,0,A275,908.74,USD,908.74,USD,ACH,0
2026-01-09 17:57:00,2,A7,3,A163,450.61,USD,450.61,USD,ACH,0
2026-01-09 17:58:00,2,A42,1,A31,322.71,USD,322.71,USD,ACH,0
2026-01-09 17:59:00,4,A179,4,A79,1036.95,USD,1036.95,USD,ACH,0
2026-01-10 08:08:00,1,A211,1,A231,136.76,USD,136.76,USD,ACH,0
2026-01-10 08:16:00,4,A9,0,A295,142.12,USD,142.12,USD,ACH,0
2026-01-10 08:16:00,0,A30,2,A112,214.11,USD,214.11,USD,ACH,0
2026-01-10 08:16:00,0,A205,2,A77,203.34,USD,203.34,USD,ACH,0
2026-01-10 08:17:00,4,A219,2,A2,608.1,USD,608.1,USD,ACH,0
2026-01-10 08:17:00,2,A257,4,A99,772.19,USD,772.19,USD,ACH,0
2026-01-10 08:18:00,1,A291,2,A62,72.15,USD,72.15,USD,ACH,0
2026-01-10 08:19:00,4,A109,2,A292,224.5,USD,224.5,USD,ACH,0
2026-01-10 08:21:00,1,A81,0,A10,743.14,USD,743.14,USD,ACH,0
2026-01-10 08:22:00,3,A258,1,A21,907.5,USD,907.5,USD,ACH,0
2026-01-10 08:23:00,1,A126,1,A66,386.3,USD,386.3,USD,ACH,0
2026-01-10 08:23:00,1,A131,4,A154,94.09,USD,94.09,USD,ACH,0
2026-01-10 08:24:00,1,A246,4,A169,853.94,USD,853.94,USD,ACH,0
2026-01-10 08:24:00,3,A298,1,A16,828.26,USD,828.26,USD,ACH,0
2026-01-10 08:26:00,1,A11,3,A268,971.61,USD,971.61,USD,ACH,0
2026-01-10 08:27:00,1,A6,1,A76,695.14,USD,695.14,USD,ACH,0
2026-01-10 08:28:00,4,A99,0,A270,1458.73,USD,1458.73,USD,ACH,0
2026-01-10 08:28:00,4,A274,1,A106,449.9,USD,449.9,USD,ACH,0
2026-01-10 08:30:00,3,A258,1,A41,868.11,USD,868.11,USD,ACH,0
2026-01-10 08:31:00,1,A156,4,A79,377.6,USD,377.6,USD,ACH,0
2026-01-10 08:32:00,3,A98,0,A265,699.64,USD,699.64,USD,ACH,0
2026-01-10 08:32:00,0,A100,0,A140,349.29,USD,349.29,USD,ACH,0
2026-01-10 08:33:00,4,A19,2,A37,161.12,USD,161.12,USD,ACH,0
2026-01-10 08:33:00,3,A148,4,A104,1063.15,USD,1063.15,USD,ACH,0
2026-01-10 08:37:00,1,A11,3,A218,1139.64,USD,1139.64,USD,ACH,0
2026-01-10 08:40:00,0,A140,4,A259,447.05,USD,447.05,USD,ACH,0
2026-01-10 08:42:00,2,A2,3,A138,295.9,USD,295.9,USD,ACH,0
2026-01-10 08:43:00,3,A43,0,A50,813.25,USD,813.25,USD,ACH,0
2026-01-10 08:44:00,4,A229,4,A184,316.78,USD,316.78,USD,ACH,0
2026-01-10 08:45:00,4,A39,1,A246,298.98,USD,298.98,USD,ACH,0
2026-01-10 08:45:00,1,A206,0,A145,586.09,USD,586.09,USD,ACH,0
2026-01-10 08:47:00,3,A203,0,A0,264.48,USD,264.48,USD,ACH,0
2026-01-10 08:47:00,3,A283,4,A209,329.61,USD,329.61,USD,ACH,1
2026-01-10 08:48:00,4,A24,0,A180,302.88,USD,302.88,USD,ACH,0
2026-01-10 08:48:00,1,A151,2,A62,349.36,USD,349.36,USD,ACH,0
2026-01-10 08:49:00,1,A16,4,A239,176.92,USD,176.92,USD,ACH,0
2026-01-10 08:51:00,2,A77,2,A252,1377.23,USD,1377.23,USD,ACH,0
2026-01-10 08:51:00,0,A170,1,A106,253.81,USD,253.81,USD,ACH,0
2026-01-10 08:56:00,2,A47,1,A251,323.57,USD,323.57,USD,ACH,0
2026-01-10 08:56:00,0,A75,1,A111,221.07,USD,221.07,USD,ACH,0
2026-01-10 08:57:00,4,A89,0,A195,827.32,USD,827.32,USD,ACH,0
2026-01-10 08:57:00,0,A180,4,A144,307.56,USD,307.56,USD,ACH,0
2026-01-10 08:57:00,1,A186,0,A265,258.86,USD,258.86,USD,ACH,0
2026-01-10 08:58:00,4,A179,0,A270,344.39,USD,344.39,USD,ACH,0
2026-01-10 08:59:00,1,A41,2,A27,223.79,USD,223.79,USD,ACH,0
2026-01-10 08:59:00,3,A243,1,A116,565.16,USD,565.16,USD,ACH,0
2026-01-10 09:03:00,0,A275,4,A14,207.38,USD,207.38,USD,ACH,0
2026-01-10 09:05:00,4,A209,1,A21,138.51,USD,138.51,USD,ACH,0
2026-01-10 09:06:00,4,A174,2,A132,335.85,USD,335.85,USD,ACH,0
2026-01-10 09:06:00,3,A233,4,A204,111.72,USD,111.72,USD,ACH,0
2026-01-10 09:08:00,4,A79,1,A71,299.78,USD,299.78,USD,ACH,0
2026-01-10 09:08:00,3,A263,0,A80,629.3,USD,629.3,USD,ACH,1
2026-01-10 09:12:00,0,A215,0,A65,203.58,USD,203.58,USD,ACH,0
2026-01-10 09:13:00,2,A157,4,A39,400.22,USD,400.22,USD,ACH,0
2026-01-10 09:17:00,3,A23,0,A165,411.06,USD,411.06,USD,ACH,0
2026-01-10 09:17:00,4,A154,0,A180,535.54,USD,535.54,USD,ACH,0
2026-01-10 09:17:00,3,A288,1,A146,244.39,USD,244.39,USD,ACH,0
2026-01-10 09:18:00,0,A135,1,A71,184.6,USD,184.6,USD,ACH,0
2026-01-10 09:18:00,1,A271,3,A248,391.75,USD,391.75,USD,ACH,0
2026-01-10 09:21:00,3,A58,1,A51,1658.96,USD,1658.96,USD,ACH,0
2026-01-10 09:22:00,1,A71,2,A212,45.28,USD,45.28,USD,ACH,0
2026-01-10 09:23:00,1,A291,4,A239,888.33,USD,888.33,USD,ACH,0
2026-01-10 09:25:00,0,A15,3,A38,398.74,USD,398.74,USD,ACH,0
2026-01-10 09:25:00,2,A17,1,A41,409.17,USD,409.17,USD,ACH,0
2026-01-10 09:29:00,1,A146,2,A117,342.94,USD,342.94,USD,ACH,1
2026-01-10 09:31:00,2,A272,2,A47,551.16,USD,551.16,USD,ACH,1
2026-01-10 09:34:00,4,A299,4,A99,998.46,USD,998.46,USD,ACH,0
2026-01-10 09:36:00,2,A142,2,A12,58.45,USD,58.45,USD,ACH,0
2026-01-10 09:36:00,0,A155,2,A207,230.63,USD,230.63,USD,ACH,0
2026-01-10 09:37:00,2,A237,2,A272,585.82,USD,585.82,USD,ACH,0
2026-01-10 09:38:00,1,A1,3,A253,242.29,USD,242.29,USD,ACH,0
2026-01-10 09:41:00,0,A220,2,A182,412.57,USD,412.57,USD,ACH,0
2026-01-10 09:43:00,4,A204,0,A80,715.31,USD,715.31,USD,ACH,0
2026-01-10 09:44:00,0,A80,3,A233,350.05,USD,350.05,USD,ACH,0
2026-01-10 09:48:00,4,A249,2,A272,499.98,USD,499.98,USD,ACH,0
2026-01-10 09:51:00,0,A35,1,A281,66.05,USD,66.05,USD,ACH,0
2026-01-10 09:55:00,2,A127,1,A61,417.32,USD,417.32,USD,ACH,0
2026-01-10 09:56:00,3,A228,2,A72,366.04,USD,366.04,USD,ACH,0
2026-01-10 09:57:00,4,A4,2,A282,1648.32,USD,1648.32,USD,ACH,0
2026-01-10 09:57:00,1,A121,2,A87,173.56,USD,173.56,USD,ACH,0
2026-01-10 09:58:00,4,A204,1,A86,110.79,USD,110.79,USD,ACH,0
2026-01-10 10:01:00,3,A213,1,A21,157.24,USD,157.24,USD,ACH,0
2026-01-10 10:02:00,3,A113,3,A218,187.15,USD,187.15,USD,ACH,0
2026-01-10 10:02:00,2,A127,2,A257,1600.84,USD,1600.84,USD,ACH,0
2026-01-10 10:03:00,3,A168,4,A104,731.24,USD,731.24,USD,ACH,0
2026-01-10 10:03:00,4,A224,2,A67,514.48,USD,514.48,USD,ACH,0
2026-01-10 10:04:00,1,A1,3,A108,418.77,USD,418.77,USD,ACH,0
2026-01-10 10:04:00,3,A18,1,A41,542.5,USD,542.5,USD,ACH,0
2026-01-10 10:05:00,4,A289,2,A282,724.09,USD,724.09,USD,ACH,0
2026-01-10 10:07:00,3,A108,1,A31,442.88,USD,442.88,USD,ACH,0
2026-01-10 10:07:00,0,A290,4,A259,86.4,USD,86.4,USD,ACH,0
2026-01-10 10:12:00,4,A19,0,A160,449.69,USD,449.69,USD,ACH,0
2026-01-10 10:13:00,1,A256,4,A269,518.69,USD,518.69,USD,ACH,0
2026-01-10 10:15:00,4,A139,3,A243,272.1,USD,272.1,USD,ACH,0
2026-01-10 10:15:00,0,A205,3,A278,245.9,USD,245.9,USD,ACH,0
2026-01-10 10:16:00,4,A49,0,A100,505.44,USD,505.44,USD,ACH,0
2026-01-10 10:18:00,4,A194,2,A147,200.02,USD,200.02,USD,ACH,0
2026-01-10 10:19:00,3,A118,4,A109,427.37,USD,427.37,USD,ACH,0
2026-01-10 10:20:00,4,A29,2,A282,244.45,USD,244.45,USD,ACH,0
2026-01-10 10:21:00,0,A105,1,A166,327.13,USD,327.13,USD,ACH,0
2026-01-10 10:21:00,0,A145,2,A202,2805.4,USD,2805.4,USD,ACH,1
2026-01-10 10:22:00,3,A133,3,A143,421.97,USD,421.97,USD,ACH,0
2026-01-10 10:24:00,1,A161,0,A225,411.17,USD,411.17,USD,ACH,0
2026-01-10 10:24:00,0,A175,2,A22,300.66,USD,300.66,USD,ACH,0
2026-01-10 10:25:00,4,A164,0,A150,505.37,USD,505.37,USD,ACH,0
2026-01-10 10:26:00,3,A28,1,A206,171.27,USD,171.27,USD,ACH,0
2026-01-10 10:26:00,2,A72,1,A96,240.58,USD,240.58,USD,ACH,0
2026-01-10 10:26:00,2,A137,1,A11,464.01,USD,464.01,USD,ACH,1
2026-01-10 10:27:00,0,A95,4,A59,889.66,USD,889.66,USD,ACH,0
2026-01-10 10:27:00,4,A229,4,A69,319.09,USD,319.09,USD,ACH,0
2026-01-10 10:28:00,4,A259,4,A229,568.89,USD,568.89,USD,ACH,0
2026-01-10 10:28:00,1,A271,3,A173,137.34,USD,137.34,USD,ACH,0
2026-01-10 10:32:00,0,A85,1,A31,174.63,USD,174.63,USD,ACH,0
2026-01-10 10:37:00,0,A295,1,A171,359.6,USD,359.6,USD,ACH,0
2026-01-10 10:38:00,3,A13,1,A146,107.34,USD,107.34,USD,ACH,0
2026-01-10 10:38:00,1,A16,0,A215,247.89,USD,247.89,USD,ACH,0
2026-01-10 10:43:00,0,A90,1,A121,135.77,USD,135.77,USD,ACH,0
2026-01-10 10:43:00,3,A253,2,A137,804.76,USD,804.76,USD,ACH,0
2026-01-10 10:44:00,2,A92,0,A65,44.51,USD,44.51,USD,ACH,0
2026-01-10 10:45:00,4,A129,0,A225,1064.37,USD,1064.37,USD,ACH,0
2026-01-10 10:46:00,2,A62,3,A168,595.64,USD,595.64,USD,ACH,0
2026-01-10 10:46:00,3,A158,1,A141,324.19,USD,324.19,USD,ACH,0
2026-01-10 10:48:00,0,A0,0,A105,313.2,USD,313.2,USD,ACH,0
2026-01-10 10:48:00,2,A212,1,A11,89.03,USD,89.03,USD,ACH,0
2026-01-10 10:48:00,0,A265,4,A9,135.06,USD,135.06,USD,ACH,0
2026-01-10 10:50:00,3,A218,3,A258,258.72,USD,258.72,USD,ACH,0
2026-01-10 10:51:00,1,A226,1,A11,757.43,USD,757.43,USD,ACH,0
2026-01-10 10:52:00,3,A208,2,A72,491.1,USD,491.1,USD,ACH,0
2026-01-10 10:54:00,0,A130,0,A235,237.59,USD,237.59,USD,ACH,0
2026-01-10 10:56:00,4,A169,3,A83,711.4,USD,711.4,USD,ACH,0
2026-01-10 10:56:00,0,A190,4,A164,536.83,USD,536.83,USD,ACH,0
2026-01-10 10:56:00,1,A191,1,A256,754.2,USD,754.2,USD,ACH,0
2026-01-10 11:01:00,1,A281,0,A5,116.71,USD,116.71,USD,ACH,0
2026-01-10 11:03:00,0,A5,4,A119,222.77,USD,222.77,USD,ACH,0
2026-01-10 11:05:00,1,A91,4,A274,660.16,USD,660.16,USD,ACH,1
2026-01-10 11:07:00,2,A262,1,A206,717.51,USD,717.51,USD,ACH,1
2026-01-10 11:08:00,3,A233,1,A81,64.64,USD,64.64,USD,ACH,0
2026-01-10 11:09:00,1,A141,3,A293,1181.54,USD,1181.54,USD,ACH,0
2026-01-10 11:09:00,3,A173,2,A232,389.27,USD,389.27,USD,ACH,0
2026-01-10 11:10:00,4,A299,4,A19,893.4,USD,893.4,USD,ACH,0
2026-01-10 11:11:00,3,A88,1,A101,693.31,USD,693.31,USD,ACH,1
2026-01-10 11:15:00,3,A163,0,A55,243.13,USD,243.13,USD,ACH,0
2026-01-10 11:15:00,0,A230,3,A238,113.6,USD,113.6,USD,ACH,1
2026-01-10 11:16:00,2,A47,1,A141,633.05,USD,633.05,USD,ACH,0
2026-01-10 11:17:00,0,A10,3,A293,214.04,USD,214.04,USD,ACH,0
2026-01-10 11:17:00,2,A67,4,A249,1701.77,USD,1701.77,USD,ACH,0
2026-01-10 11:17:00,0,A235,2,A247,111.6,USD,111.6,USD,ACH,0
2026-01-10 11:18:00,2,A37,2,A192,271.69,USD,271.69,USD,ACH,0
2026-01-10 11:20:00,4,A29,4,A194,1202.16,USD,1202.16,USD,ACH,0
2026-01-10 11:20:00,3,A133,2,A282,877.15,USD,877.15,USD,ACH,0
2026-01-10 11:21:00,1,A176,0,A240,1499.71,USD,1499.71,USD,ACH,0
2026-01-10 11:22:00,3,A168,2,A32,541.17,USD,541.17,USD,ACH,0
2026-01-10 11:23:00,2,A162,4,A259,365.87,USD,365.87,USD,ACH,0
2026-01-10 11:23:00,4,A244,0,A175,92.18,USD,92.18,USD,ACH,0
2026-01-10 11:24:00,1,A236,1,A106,551.3,USD,551.3,USD,ACH,0
2026-01-10 11:24:00,0,A285,1,A131,436.28,USD,436.28,USD,ACH,0
2026-01-10 11:26:00,0,A70,2,A132,291.11,USD,291.11,USD,ACH,0
2026-01-10 11:26:00,3,A143,0,A270,206.85,USD,206.85,USD,ACH,0
2026-01-10 11:29:00,4,A144,4,A299,470.74,USD,470.74,USD,ACH,0
2026-01-10 11:29:00,1,A276,4,A139,430.38,USD,430.38,USD,ACH,0
2026-01-10 11:34:00,4,A114,1,A116,416.36,USD,416.36,USD,ACH,0
2026-01-10 11:35:00,0,A30,3,A218,346.81,USD,346.81,USD,ACH,0
2026-01-10 11:37:00,0,A195,3,A118,494.39,USD,494.39,USD,ACH,0
2026-01-10 11:38:00,1,A216,2,A282,1162.12,USD,1162.12,USD,ACH,0
2026-01-10 11:42:00,3,A188,2,A252,161.58,USD,161.58,USD,ACH,0
2026-01-10 11:42:00,2,A242,1,A271,642.68,USD,642.68,USD,ACH,0
2026-01-10 11:42:00,4,A279,0,A5,574.74,USD,574.74,USD,ACH,0
2026-01-10 11:43:00,2,A12,3,A298,408.71,USD,408.71,USD,ACH,0
2026-01-10 11:43:00,3,A23,4,A159,713.62,USD,713.62,USD,ACH,0
2026-01-10 11:43:00,2,A27,0,A250,328.49,USD,328.49,USD,ACH,0
2026-01-10 11:45:00,3,A113,1,A211,149.73,USD,149.73,USD,ACH,0
2026-01-10 11:46:00,1,A21,1,A66,144.23,USD,144.23,USD,ACH,0
2026-01-10 11:47:00,2,A237,0,A290,371.58,USD,371.58,USD,ACH,0
2026-01-10 11:48:00,1,A51,0,A105,457.52,USD,457.52,USD,ACH,0
2026-01-10 11:49:00,2,A192,4,A234,123.42,USD,123.42,USD,ACH,0
2026-01-10 11:50:00,3,A8,4,A34,448.45,USD,448.45,USD,ACH,0
2026-01-10 11:50:00,4,A189,0,A50,374.34,USD,374.34,USD,ACH,0
2026-01-10 11:51:00,1,A41,0,A10,214.45,USD,214.45,USD,ACH,0
2026-01-10 11:55:00,1,A76,2,A177,898.95,USD,898.95,USD,ACH,0
2026-01-10 11:56:00,1,A276,1,A271,920.74,USD,920.74,USD,ACH,0
2026-01-10 11:58:00,0,A145,0,A260,557.81,USD,557.81,USD,ACH,0
2026-01-10 12:00:00,1,A221,4,A214,1947.11,USD,1947.11,USD,Wire,0
2026-01-10 12:00:00,1,A236,4,A229,3289.83,USD,3289.83,USD,Wire,0
2026-01-10 12:01:00,2,A67,4,A134,761.08,USD,761.08,USD,ACH,0
2026-01-10 12:01:00,4,A164,2,A157,2424.35,USD,2424.35,USD,Wire,0
2026-01-10 12:02:00,2,A82,1,A1,259.52,USD,259.52,USD,ACH,0
2026-01-10 12:02:00,3,A153,1,A146,2690.52,USD,2690.52,USD,Wire,0
2026-01-10 12:03:00,3,A228,1,A221,1373.92,USD,1373.92,USD,Wire,0
2026-01-10 12:03:00,4,A254,2,A247,2469.86,USD,2469.86,USD,Wire,0
2026-01-10 12:04:00,3,A113,1,A106,2655.63,USD,2655.63,USD,Wire,0
2026-01-10 12:04:00,1,A126,4,A119,3113.3,USD,3113.3,USD,Wire,0
2026-01-10 12:04:00,0,A185,3,A178,2637.28,USD,2637.28,USD,Wire,0
2026-01-10 12:04:00,4,A244,2,A237,2488.27,USD,2488.27,USD,Wire,0
2026-01-10 12:04:00,1,A266,4,A259,3157.73,USD,3157.73,USD,Wire,0
2026-01-10 12:04:00,1,A271,4,A264,1886.41,USD,1886.41,USD,Wire,0
2026-01-10 12:05:00,1,A66,4,A59,3016.17,USD,3016.17,USD,Wire,0
2026-01-10 12:05:00,4,A264,2,A257,2676.22,USD,2676.22,USD,Wire,0
2026-01-10 12:06:00,2,A107,1,A211,463.97,USD,463.97,USD,ACH,0
2026-01-10 12:06:00,1,A116,4,A109,2839.73,USD,2839.73,USD,Wire,0
2026-01-10 12:06:00,3,A273,2,A267,158.25,USD,158.25,USD,ACH,0
2026-01-10 12:07:00,4,A74,2,A17,289.67,USD,289.67,USD,ACH,0
2026-01-10 12:07:00,4,A144,1,A121,148.01,USD,148.01,USD,ACH,0
2026-01-10 12:08:00,0,A90,3,A83,1858.77,USD,1858.77,USD,Wire,0
2026-01-10 12:08:00,4,A214,2,A72,162.89,USD,162.89,USD,ACH,0
2026-01-10 12:08:00,1,A226,4,A219,2959.54,USD,2959.54,USD,Wire,0
2026-01-10 12:09:00,0,A40,3,A33,1777.74,USD,1777.74,USD,Wire,0
2026-01-10 12:09:00,4,A114,2,A107,2880.19,USD,2880.19,USD,Wire,0
2026-01-10 12:09:00,4,A149,2,A142,1672.19,USD,1672.19,USD,Wire,0
2026-01-10 12:10:00,1,A26,4,A104,1060.39,USD,1060.39,USD,ACH,0
2026-01-10 12:11:00,4,A54,3,A33,311.15,USD,311.15,USD,ACH,0
2026-01-10 12:11:00,1,A56,4,A214,742.42,USD,742.42,USD,ACH,0
2026-01-10 12:11:00,4,A144,2,A137,2851.71,USD,2851.71,USD,Wire,0
2026-01-10 12:11:00,0,A200,3,A193,2027.24,USD,2027.24,USD,Wire,0
2026-01-10 12:11:00,2,A197,3,A218,623.74,USD,623.74,USD,ACH,0
2026-01-10 12:11:00,1,A1,4,A294,1862.86,USD,1862.86,USD,Wire,0
2026-01-10 12:12:00,2,A132,0,A125,2318.6,USD,2318.6,USD,Wire,0
2026-01-10 12:12:00,1,A251,1,A196,128.43,USD,128.43,USD,ACH,0
2026-01-10 12:12:00,0,A260,0,A295,869.02,USD,869.02,USD,ACH,0
2026-01-10 12:13:00,0,A205,3,A198,2940.85,USD,2940.85,USD,Wire,0
2026-01-10 12:13:00,2,A217,0,A210,1148.92,USD,1148.92,USD,Wire,0
2026-01-10 12:15:00,1,A86,1,A286,609.94,USD,609.94,USD,ACH,0
2026-01-10 12:15:00,1,A206,4,A199,3291.7,USD,3291.7,USD,Wire,0
2026-01-10 12:15:00,2,A277,3,A53,1395.05,USD,1395.05,USD,ACH,0
2026-01-10 12:16:00,2,A87,0,A45,589.33,USD,589.33,USD,ACH,0
2026-01-10 12:16:00,2,A97,1,A266,838.14,USD,838.14,USD,ACH,0
2026-01-10 12:16:00,3,A213,1,A206,2240.09,USD,2240.09,USD,Wire,0
2026-01-10 12:17:00,0,A65,1,A276,341.78,USD,341.78,USD,ACH,0
2026-01-10 12:17:00,2,A82,0,A75,2055.09,USD,2055.09,USD,Wire,0
2026-01-10 12:17:00,1,A171,3,A168,118.09,USD,118.09,USD,ACH,0
2026-01-10 12:17:00,4,A189,3,A103,1043.1,USD,1043.1,USD,ACH,0
2026-01-10 12:18:00,4,A154,2,A147,2505.94,USD,2505.94,USD,Wire,0
2026-01-10 12:18:00,0,A175,3,A168,2950.91,USD,2950.91,USD,Wire,0
2026-01-10 12:19:00,2,A62,0,A55,2053.13,USD,2053.13,USD,Wire,0
2026-01-10 12:19:00,1,A96,4,A89,3211.26,USD,3211.26,USD,Wire,0
2026-01-10 12:20:00,4,A214,2,A227,1821.64,USD,1821.64,USD,Wire,0
2026-01-10 12:20:00,4,A229,2,A242,3109.51,USD,3109.51,USD,Wire,0
2026-01-10 12:21:00,2,A157,0,A170,2259.79,USD,2259.79,USD,Wire,0
2026-01-10 12:21:00,0,A270,0,A20,443.92,USD,443.92,USD,ACH,0
2026-01-10 12:22:00,4,A34,0,A230,524.63,USD,524.63,USD,ACH,0
2026-01-10 12:22:00,1,A146,4,A159,2587.49,USD,2587.49,USD,Wire,0
2026-01-10 12:23:00,1,A221,4,A234,1296.43,USD,1296.43,USD,Wire,0
2026-01-10 12:23:00,2,A247,0,A260,2227.8,USD,2227.8,USD,Wire,0
2026-01-10 12:24:00,1,A106,4,A119,2625.66,USD,2625.66,USD,Wire,0
2026-01-10 12:24:00,4,A119,2,A132,3023.95,USD,3023.95,USD,Wire,0
2026-01-10 12:24:00,2,A122,2,A192,324.99,USD,324.99,USD,ACH,0
2026-01-10 12:24:00,2,A177,0,A295,424.21,USD,424.21,USD,ACH,0
2026-01-10 12:24:00,3,A178,1,A191,2523.66,USD,2523.66,USD,Wire,0
2026-01-10 12:24:00,2,A237,0,A250,2458.41,USD,2458.41,USD,Wire,0
2026-01-10 12:24:00,4,A259,2,A272,2989.75,USD,2989.75,USD,Wire,0
2026-01-10 12:24:00,4,A264,2,A277,1792.98,USD,1792.98,USD,Wire,0
2026-01-10 12:25:00,4,A59,2,A72,2775.28,USD,2775.28,USD,Wire,0
2026-01-10 12:25:00,2,A257,0,A270,2464.33,USD,2464.33,USD,Wire,0
2026-01-10 12:26:00,4,A109,2,A122,2578.45,USD,2578.45,USD,Wire,0
2026-01-10 12:28:00,3,A83,1,A96,1801.5,USD,1801.5,USD,Wire,0
2026-01-10 12:28:00,4,A219,2,A232,2860.5,USD,2860.5,USD,Wire,0
2026-01-10 12:29:00,4,A14,3,A288,303.46,USD,303.46,USD,ACH,0
2026-01-10 12:29:00,3,A33,1,A46,1694.5,USD,1694.5,USD,Wire,0
2026-01-10 12:29:00,2,A107,0,A120,2679.37,USD,2679.37,USD,Wire,0
2026-01-10 12:29:00,2,A117,3,A133,614.56,USD,614.56,USD,ACH,0
2026-01-10 12:29:00,2,A142,0,A155,1509.9,USD,1509.9,USD,Wire,0
2026-01-10 12:29:00,0,A250,3,A23,212.09,USD,212.09,USD,ACH,0
2026-01-10 12:31:00,2,A137,0,A150,2783.53,USD,2783.53,USD,Wire,0
2026-01-10 12:31:00,3,A193,1,A206,1827.92,USD,1827.92,USD,Wire,0
2026-01-10 12:31:00,4,A294,2,A7,1760.43,USD,1760.43,USD,Wire,0
2026-01-10 12:32:00,0,A125,3,A138,2186.69,USD,2186.69,USD,Wire,0
2026-01-10 12:33:00,1,A76,2,A277,411.81,USD,411.81,USD,ACH,0
2026-01-10 12:33:00,3,A198,1,A211,2803.76,USD,2803.76,USD,Wire,0
2026-01-10 12:33:00,0,A210,3,A223,1132.45,USD,1132.45,USD,Wire,0
2026-01-10 12:34:00,1,A246,1,A146,61.33,USD,61.33,USD,ACH,0
2026-01-10 12:35:00,4,A199,2,A212,3257.79,USD,3257.79,USD,Wire,0
2026-01-10 12:36:00,1,A206,4,A219,2028.81,USD,2028.81,USD,Wire,0
2026-01-10 12:36:00,1,A296,3,A28,606.59,USD,606.59,USD,ACH,0
2026-01-10 12:37:00,0,A75,3,A88,2011.21,USD,2011.21,USD,Wire,0
2026-01-10 12:38:00,2,A147,0,A160,2455.93,USD,2455.93,USD,Wire,0
2026-01-10 12:38:00,3,A168,1,A181,2754.92,USD,2754.92,USD,Wire,0
2026-01-10 12:38:00,1,A231,4,A179,867.55,USD,867.55,USD,ACH,0
2026-01-10 12:39:00,0,A55,3,A68,1904.72,USD,1904.72,USD,Wire,0
2026-01-10 12:39:00,4,A89,2,A102,2937.86,USD,2937.86,USD,Wire,0
2026-01-10 12:39:00,1,A171,4,A114,162.23,USD,162.23,USD,ACH,0
2026-01-10 12:43:00,0,A210,3,A208,548.26,USD,548.26,USD,ACH,0
2026-01-10 12:45:00,2,A77,3,A268,1534.86,USD,1534.86,USD,ACH,0
2026-01-10 12:45:00,3,A123,0,A75,863.05,USD,863.05,USD,ACH,0
2026-01-10 12:47:00,3,A203,2,A87,383.64,USD,383.64,USD,ACH,0
2026-01-10 12:48:00,2,A272,1,A256,603.15,USD,603.15,USD,ACH,0
2026-01-10 12:50:00,3,A33,1,A76,397.57,USD,397.57,USD,ACH,0
2026-01-10 12:50:00,4,A284,0,A35,190.02,USD,190.02,USD,ACH,0
2026-01-10 12:51:00,0,A70,2,A92,464.96,USD,464.96,USD,ACH,0
2026-01-10 12:52:00,2,A222,3,A108,223.96,USD,223.96,USD,ACH,0
2026-01-10 12:53:00,4,A94,1,A171,749.19,USD,749.19,USD,ACH,0
2026-01-10 12:53:00,2,A287,3,A238,452.15,USD,452.15,USD,ACH,0
2026-01-10 13:00:00,4,A149,0,A45,700.07,USD,700.07,USD,ACH,0
2026-01-10 13:00:00,0,A200,1,A146,444.86,USD,444.86,USD,ACH,0
2026-01-10 13:00:00,3,A268,2,A207,563.99,USD,563.99,USD,ACH,0
2026-01-10 13:01:00,3,A8,1,A156,443.22,USD,443.22,USD,ACH,0
2026-01-10 13:03:00,1,A251,4,A19,341.33,USD,341.33,USD,ACH,0
2026-01-10 13:09:00,0,A160,1,A251,282.27,USD,282.27,USD,ACH,0
2026-01-10 13:11:00,3,A193,3,A123,162.51,USD,162.51,USD,ACH,0
2026-01-10 13:15:00,4,A199,2,A297,394.26,USD,394.26,USD,ACH,0
2026-01-10 13:16:00,0,A90,0,A295,432.09,USD,432.09,USD,ACH,0
2026-01-10 13:16:00,3,A223,2,A212,127.06,USD,127.06,USD,ACH,0
2026-01-10 13:17:00,0,A225,3,A38,136.23,USD,136.23,USD,ACH,0
2026-01-10 13:18:00,1,A101,4,A194,146.15,USD,146.15,USD,ACH,0
2026-01-10 13:20:00,4,A124,0,A260,503.82,USD,503.82,USD,ACH,0
2026-01-10 13:21:00,4,A269,3,A218,838.48,USD,838.48,USD,ACH,0
2026-01-10 13:22:00,3,A108,2,A257,679.66,USD,679.66,USD,ACH,0
2026-01-10 13:23:00,2,A112,0,A130,650.19,USD,650.19,USD,ACH,0
2026-01-10 13:24:00,0,A160,1,A281,332.29,USD,332.29,USD,ACH,0
2026-01-10 13:25:00,3,A278,2,A207,827.64,USD,827.64,USD,ACH,0
2026-01-10 13:35:00,2,A242,2,A42,244.19,USD,244.19,USD,ACH,0
2026-01-10 13:36:00,1,A51,4,A34,363.0,USD,363.0,USD,ACH,0
2026-01-10 13:36:00,4,A149,1,A226,535.06,USD,535.06,USD,ACH,0
2026-01-10 13:38:00,4,A99,2,A277,1718.07,USD,1718.07,USD,ACH,1
2026-01-10 13:39:00,1,A21,0,A30,200.52,USD,200.52,USD,ACH,0
2026-01-10 13:39:00,0,A60,2,A197,785.63,USD,785.63,USD,ACH,0
2026-01-10 13:39:00,2,A187,4,A94,378.83,USD,378.83,USD,ACH,0
2026-01-10 13:42:00,4,A84,1,A6,163.41,USD,163.41,USD,ACH,0
2026-01-10 13:42:00,3,A128,4,A99,400.88,USD,400.88,USD,ACH,1
2026-01-10 13:43:00,4,A64,3,A33,427.36,USD,427.36,USD,ACH,0
2026-01-10 13:44:00,4,A259,2,A67,244.67,USD,244.67,USD,ACH,0
2026-01-10 13:44:00,2,A297,1,A281,436.12,USD,436.12,USD,ACH,0
2026-01-10 13:46:00,1,A181,2,A82,413.31,USD,413.31,USD,ACH,0
2026-01-10 13:46:00,2,A182,3,A233,287.6,USD,287.6,USD,ACH,0
2026-01-10 13:49:00,3,A238,3,A8,490.99,USD,490.99,USD,ACH,0
2026-01-10 13:50:00,0,A280,0,A275,288.62,USD,288.62,USD,ACH,0
2026-01-10 13:53:00,1,A166,1,A91,1076.25,USD,1076.25,USD,ACH,0
2026-01-10 13:55:00,3,A218,3,A143,190.87,USD,190.87,USD,ACH,0
2026-01-10 13:56:00,3,A68,1,A201,197.15,USD,197.15,USD,ACH,0
2026-01-10 13:56:00,3,A128,3,A243,1013.9,USD,1013.9,USD,ACH,0
2026-01-10 13:56:00,0,A235,0,A15,257.49,USD,257.49,USD,ACH,0
2026-01-10 13:57:00,1,A181,1,A216,191.83,USD,191.83,USD,ACH,0
2026-01-10 13:57:00,2,A247,0,A235,636.82,USD,636.82,USD,ACH,0
2026-01-10 13:58:00,2,A202,3,A208,330.99,USD,330.99,USD,ACH,0
2026-01-10 14:00:00,2,A292,2,A187,196.52,USD,196.52,USD,ACH,0
2026-01-10 14:01:00,1,A281,0,A180,434.75,USD,434.75,USD,ACH,0
2026-01-10 14:04:00,3,A53,0,A40,69.48,USD,69.48,USD,ACH,1
2026-01-10 14:04:00,2,A212,2,A47,244.39,USD,244.39,USD,ACH,0
2026-01-10 14:05:00,1,A136,0,A240,366.21,USD,366.21,USD,ACH,0
2026-01-10 14:07:00,0,A55,1,A6,340.77,USD,340.77,USD,ACH,0
2026-01-10 14:08:00,2,A32,2,A102,73.11,USD,73.11,USD,ACH,0
2026-01-10 14:09:00,0,A150,0,A15,472.09,USD,472.09,USD,ACH,0
2026-01-10 14:13:00,2,A72,0,A70,180.4,USD,180.4,USD,ACH,0
2026-01-10 14:16:00,0,A45,4,A114,554.95,USD,554.95,USD,ACH,0
2026-01-10 14:16:00,0,A245,0,A235,644.4,USD,644.4,USD,ACH,0
2026-01-10 14:18:00,0,A275,3,A53,1198.21,USD,1198.21,USD,ACH,0
2026-01-10 14:21:00,1,A141,3,A183,261.32,USD,261.32,USD,ACH,0
2026-01-10 14:22:00,3,A148,1,A171,1872.41,USD,1872.41,USD,ACH,0
2026-01-10 14:23:00,2,A107,0,A55,326.31,USD,326.31,USD,ACH,0
2026-01-10 14:24:00,4,A294,2,A237,311.35,USD,311.35,USD,ACH,0
2026-01-10 14:25:00,4,A119,4,A289,461.62,USD,461.62,USD,ACH,0
2026-01-10 14:26:00,4,A109,2,A57,616.79,USD,616.79,USD,ACH,0
2026-01-10 14:26:00,1,A136,3,A48,129.23,USD,129.23,USD,ACH,0
2026-01-10 14:27:00,4,A104,4,A159,92.83,USD,92.83,USD,ACH,0
2026-01-10 14:27:00,1,A116,2,A212,315.5,USD,315.5,USD,ACH,0
2026-01-10 14:29:00,2,A52,3,A3,251.86,USD,251.86,USD,ACH,0
2026-01-10 14:29:00,4,A59,3,A53,833.68,USD,833.68,USD,ACH,0
2026-01-10 14:32:00,1,A201,0,A135,24.33,USD,24.33,USD,ACH,0
2026-01-10 14:35:00,2,A32,3,A143,242.84,USD,242.84,USD,ACH,0
2026-01-10 14:38:00,2,A147,0,A190,734.02,USD,734.02,USD,ACH,0
2026-01-10 14:39:00,1,A66,0,A265,222.78,USD,222.78,USD,ACH,0
2026-01-10 14:39:00,2,A187,0,A45,1610.08,USD,1610.08,USD,ACH,0
2026-01-10 14:40:00,3,A38,1,A21,180.68,USD,180.68,USD,ACH,0
2026-01-10 14:40:00,2,A137,1,A261,104.67,USD,104.67,USD,ACH,1
2026-01-10 14:42:00,3,A153,4,A109,503.28,USD,503.28,USD,ACH,0
2026-01-10 14:43:00,3,A293,4,A44,575.31,USD,575.31,USD,ACH,0
2026-01-10 14:44:00,1,A156,2,A42,1393.71,USD,1393.71,USD,ACH,0
2026-01-10 14:46:00,4,A254,1,A246,168.69,USD,168.69,USD,ACH,0
2026-01-10 14:46:00,2,A282,3,A148,610.7,USD,610.7,USD,ACH,0
2026-01-10 14:47:00,3,A73,0,A275,542.74,USD,542.74,USD,ACH,0
2026-01-10 14:47:00,2,A142,3,A278,314.53,USD,314.53,USD,ACH,0
2026-01-10 14:50:00,3,A3,1,A96,139.11,USD,139.11,USD,ACH,0
2026-01-10 14:50:00,3,A238,2,A22,445.02,USD,445.02,USD,ACH,0
2026-01-10 14:50:00,1,A261,3,A253,589.79,USD,589.79,USD,ACH,0
2026-01-10 14:54:00,2,A82,0,A105,362.3,USD,362.3,USD,ACH,0
2026-01-10 14:57:00,0,A185,1,A71,452.35,USD,452.35,USD,ACH,0
2026-01-10 15:00:00,3,A223,4,A139,297.56,USD,297.56,USD,ACH,0
2026-01-10 15:01:00,2,A42,1,A46,173.39,USD,173.39,USD,ACH,0
2026-01-10 15:05:00,1,A31,3,A288,367.8,USD,367.8,USD,ACH,0
2026-01-10 15:10:00,3,A248,1,A261,971.15,USD,971.15,USD,ACH,0
2026-01-10 15:11:00,0,A20,3,A53,97.26,USD,97.26,USD,ACH,0
2026-01-10 15:11:00,0,A280,0,A180,455.38,USD,455.38,USD,ACH,0
2026-01-10 15:14:00,3,A263,3,A248,835.82,USD,835.82,USD,ACH,0
2026-01-10 15:15:00,1,A231,1,A246,627.72,USD,627.72,USD,ACH,0
2026-01-10 15:16:00,2,A2,2,A82,323.87,USD,323.87,USD,ACH,0
2026-01-10 15:16:00,1,A106,2,A27,910.19,USD,910.19,USD,ACH,0
2026-01-10 15:18:00,0,A15,4,A79,561.84,USD,561.84,USD,ACH,0
2026-01-10 15:19:00,1,A186,2,A242,774.66,USD,774.66,USD,ACH,0
2026-01-10 15:23:00,3,A228,3,A283,843.75,USD,843.75,USD,ACH,0
2026-01-10 15:24:00,2,A217,1,A261,723.13,USD,723.13,USD,ACH,0
2026-01-10 15:26:00,2,A257,0,A10,980.84,USD,980.84,USD,ACH,0
2026-01-10 15:27:00,0,A115,2,A27,255.67,USD,255.67,USD,ACH,0
2026-01-10 15:29:00,1,A61,2,A142,146.55,USD,146.55,USD,ACH,0
2026-01-10 15:29:00,2,A247,4,A54,831.89,USD,831.89,USD,ACH,0
2026-01-10 15:30:00,2,A192,3,A213,244.53,USD,244.53,USD,ACH,0
2026-01-10 15:31:00,0,A245,3,A188,391.69,USD,391.69,USD,ACH,0
2026-01-10 15:32:00,0,A165,1,A91,168.68,USD,168.68,USD,ACH,1
2026-01-10 15:33:00,4,A69,1,A86,170.59,USD,170.59,USD,ACH,0
2026-01-10 15:33:00,3,A83,3,A238,582.99,USD,582.99,USD,ACH,0
2026-01-10 15:37:00,1,A221,2,A237,635.43,USD,635.43,USD,ACH,0
2026-01-10 15:38:00,2,A102,0,A230,287.85,USD,287.85,USD,ACH,0
2026-01-10 15:38:00,2,A117,3,A203,942.29,USD,942.29,USD,ACH,0
2026-01-10 15:40:00,1,A101,0,A30,268.29,USD,268.29,USD,ACH,0
2026-01-10 15:40:00,3,A193,3,A168,328.01,USD,328.01,USD,ACH,0
2026-01-10 15:42:00,4,A124,1,A291,186.96,USD,186.96,USD,ACH,0
2026-01-10 15:42:00,4,A264,1,A46,804.4,USD,804.4,USD,ACH,0
2026-01-10 15:43:00,4,A4,2,A167,390.95,USD,390.95,USD,ACH,0
2026-01-10 15:43:00,1,A96,3,A283,362.66,USD,362.66,USD,ACH,0
2026-01-10 15:43:00,3,A178,1,A11,334.24,USD,334.24,USD,ACH,0
2026-01-10 15:45:00,0,A255,1,A11,1649.89,USD,1649.89,USD,ACH,0
2026-01-10 15:46:00,4,A134,2,A82,103.97,USD,103.97,USD,ACH,0
2026-01-10 15:47:00,1,A146,0,A195,161.12,USD,161.12,USD,ACH,0
2026-01-10 15:48:00,4,A49,0,A95,862.27,USD,862.27,USD,ACH,0
2026-01-10 15:48:00,3,A93,2,A277,875.13,USD,875.13,USD,ACH,0
2026-01-10 15:49:00,2,A167,1,A121,380.48,USD,380.48,USD,ACH,0
2026-01-10 15:50:00,2,A267,2,A152,590.63,USD,590.63,USD,ACH,0
2026-01-10 15:51:00,2,A157,4,A149,282.32,USD,282.32,USD,ACH,0
2026-01-10 15:55:00,4,A64,3,A258,693.14,USD,693.14,USD,ACH,0
2026-01-10 15:58:00,3,A293,4,A199,930.56,USD,930.56,USD,ACH,0
2026-01-10 15:59:00,3,A13,2,A197,1135.71,USD,1135.71,USD,ACH,0
2026-01-10 16:00:00,0,A0,4,A4,379.04,USD,379.04,USD,ACH,0
2026-01-10 16:05:00,0,A25,0,A15,406.58,USD,406.58,USD,ACH,0
2026-01-10 16:05:00,3,A48,0,A45,206.18,USD,206.18,USD,ACH,0
2026-01-10 16:06:00,0,A50,0,A180,104.63,USD,104.63,USD,ACH,0
2026-01-10 16:06:00,1,A131,1,A236,314.34,USD,314.34,USD,ACH,0
2026-01-10 16:06:00,2,A232,4,A49,573.65,USD,573.65,USD,ACH,0
2026-01-10 16:07:00,4,A184,3,A23,256.72,USD,256.72,USD,ACH,0
2026-01-10 16:08:00,3,A163,0,A65,354.79,USD,354.79,USD,ACH,0
2026-01-10 16:09:00,0,A240,3,A103,213.67,USD,213.67,USD,ACH,0
2026-01-10 16:09:00,4,A264,3,A278,251.53,USD,251.53,USD,ACH,1
2026-01-10 16:10:00,0,A95,4,A139,357.97,USD,357.97,USD,ACH,0
2026-01-10 16:14:00,1,A116,1,A121,199.75,USD,199.75,USD,ACH,0
2026-01-10 16:14:00,1,A256,1,A11,266.16,USD,266.16,USD,ACH,0
2026-01-10 16:17:00,4,A239,3,A283,1128.48,USD,1128.48,USD,ACH,1
2026-01-10 16:20:00,0,A110,2,A52,348.04,USD,348.04,USD,ACH,0
2026-01-10 16:20:00,0,A190,2,A222,440.29,USD,440.29,USD,ACH,0
2026-01-10 16:24:00,1,A111,2,A12,1033.26,USD,1033.26,USD,ACH,0
2026-01-10 16:24:00,0,A125,1,A61,813.01,USD,813.01,USD,ACH,0
2026-01-10 16:26:00,4,A44,3,A153,941.63,USD,941.63,USD,ACH,0
2026-01-10 16:26:00,3,A158,0,A295,669.01,USD,669.01,USD,ACH,0
2026-01-10 16:30:00,3,A78,0,A285,240.54,USD,240.54,USD,ACH,0
2026-01-10 16:30:00,3,A118,1,A166,341.71,USD,341.71,USD,ACH,0
2026-01-10 16:30:00,4,A289,2,A247,366.81,USD,366.81,USD,ACH,0
2026-01-10 16:31:00,3,A138,2,A62,190.9,USD,190.9,USD,ACH,0
2026-01-10 16:31:00,4,A164,1,A6,200.97,USD,200.97,USD,ACH,0
2026-01-10 16:31:00,1,A296,2,A282,319.52,USD,319.52,USD,ACH,0
2026-01-10 16:32:00,0,A210,4,A219,95.27,USD,95.27,USD,ACH,0
2026-01-10 16:34:00,1,A31,2,A97,604.97,USD,604.97,USD,ACH,0
2026-01-10 16:34:00,4,A114,2,A147,489.1,USD,489.1,USD,ACH,0
2026-01-10 16:34:00,2,A267,0,A250,192.39,USD,192.39,USD,ACH,1
2026-01-10 16:35:00,3,A63,2,A272,1812.38,USD,1812.38,USD,ACH,0
2026-01-10 16:35:00,3,A98,4,A249,199.13,USD,199.13,USD,ACH,0
2026-01-10 16:36:00,0,A120,1,A126,403.78,USD,403.78,USD,ACH,0
2026-01-10 16:36:00,1,A196,3,A283,244.61,USD,244.61,USD,ACH,0
2026-01-10 16:37:00,0,A135,1,A41,372.28,USD,372.28,USD,ACH,0
2026-01-10 16:39:00,3,A68,3,A208,199.44,USD,199.44,USD,ACH,0
2026-01-10 16:39:00,3,A198,4,A239,728.55,USD,728.55,USD,ACH,0
2026-01-10 16:41:00,2,A197,3,A133,450.24,USD,450.24,USD,ACH,0
2026-01-10 16:43:00,3,A78,2,A122,637.39,USD,637.39,USD,ACH,0
2026-01-10 16:44:00,4,A9,1,A31,162.15,USD,162.15,USD,ACH,0
2026-01-10 16:46:00,0,A180,4,A224,556.29,USD,556.29,USD,ACH,0
2026-01-10 16:49:00,3,A123,2,A72,413.74,USD,413.74,USD,ACH,0
2026-01-10 16:50:00,4,A234,4,A284,157.53,USD,157.53,USD,ACH,0
2026-01-10 16:51:00,0,A60,2,A247,178.98,USD,178.98,USD,ACH,0
2026-01-10 16:51:00,2,A172,2,A227,96.16,USD,96.16,USD,ACH,0
2026-01-10 16:54:00,3,A43,1,A126,96.96,USD,96.96,USD,ACH,0
2026-01-10 16:54:00,3,A178,1,A171,824.31,USD,824.31,USD,ACH,0
2026-01-10 16:55:00,2,A152,1,A76,587.9,USD,587.9,USD,ACH,0
2026-01-10 16:56:00,0,A255,4,A189,174.79,USD,174.79,USD,ACH,0
2026-01-10 16:58:00,1,A286,4,A109,686.59,USD,686.59,USD,ACH,0
2026-01-10 17:02:00,2,A97,1,A271,225.21,USD,225.21,USD,ACH,0
2026-01-10 17:04:00,3,A53,0,A185,376.38,USD,376.38,USD,ACH,0
2026-01-10 17:05:00,2,A22,1,A26,925.22,USD,925.22,USD,ACH,0
2026-01-10 17:10:00,0,A165,4,A284,613.12,USD,613.12,USD,ACH,0
2026-01-10 17:11:00,3,A183,4,A39,1119.64,USD,1119.64,USD,ACH,1
2026-01-10 17:11:00,0,A260,0,A175,184.21,USD,184.21,USD,ACH,0
2026-01-10 17:12:00,2,A222,2,A92,178.39,USD,178.39,USD,ACH,0
2026-01-10 17:12:00,3,A278,1,A226,471.97,USD,471.97,USD,ACH,0
2026-01-10 17:14:00,3,A143,4,A169,179.3,USD,179.3,USD,ACH,0
2026-01-10 17:15:00,2,A92,4,A109,656.81,USD,656.81,USD,ACH,0
2026-01-10 17:16:00,4,A39,0,A295,329.31,USD,329.31,USD,ACH,0
2026-01-10 17:16:00,1,A126,2,A257,248.49,USD,248.49,USD,ACH,1
2026-01-10 17:17:00,2,A152,2,A187,362.6,USD,362.6,USD,ACH,0
2026-01-10 17:18:00,3,A103,0,A290,358.74,USD,358.74,USD,ACH,0
2026-01-10 17:18:00,2,A177,0,A5,200.09,USD,200.09,USD,ACH,0
2026-01-10 17:18:00,0,A200,3,A53,398.5,USD,398.5,USD,ACH,0
2026-01-10 17:19:00,0,A215,4,A149,83.3,USD,83.3,USD,ACH,0
2026-01-10 17:19:00,2,A227,4,A239,395.5,USD,395.5,USD,ACH,0
2026-01-10 17:19:00,4,A239,2,A232,436.33,USD,436.33,USD,ACH,0
2026-01-10 17:25:00,1,A66,1,A246,801.64,USD,801.64,USD,ACH,0
2026-01-10 17:26:00,1,A266,2,A132,649.78,USD,649.78,USD,ACH,1
2026-01-10 17:27:00,1,A6,1,A181,550.74,USD,550.74,USD,ACH,0
2026-01-10 17:27:00,1,A36,1,A121,964.03,USD,964.03,USD,ACH,0
2026-01-10 17:32:00,2,A252,4,A79,604.08,USD,604.08,USD,ACH,0
2026-01-10 17:32:00,4,A274,4,A189,1537.68,USD,1537.68,USD,ACH,0
2026-01-10 17:35:00,2,A217,4,A204,488.55,USD,488.55,USD,ACH,0
2026-01-10 17:36:00,2,A232,4,A189,145.51,USD,145.51,USD,ACH,0
2026-01-10 17:37:00,1,A241,0,A80,820.28,USD,820.28,USD,ACH,0
2026-01-10 17:38:00,2,A57,1,A191,282.58,USD,282.58,USD,ACH,0
2026-01-10 17:39:00,4,A89,1,A6,885.03,USD,885.03,USD,ACH,0
2026-01-10 17:39:00,4,A119,1,A231,832.94,USD,832.94,USD,ACH,0
2026-01-10 17:41:00,2,A207,2,A177,1456.21,USD,1456.21,USD,ACH,0
2026-01-10 17:42:00,0,A195,3,A168,263.1,USD,263.1,USD,ACH,0
2026-01-10 17:43:00,4,A59,3,A78,527.0,USD,527.0,USD,ACH,0
2026-01-10 17:43:00,0,A225,0,A190,331.63,USD,331.63,USD,ACH,0
2026-01-10 17:45:00,2,A7,3,A18,423.18,USD,423.18,USD,ACH,0
2026-01-10 17:53:00,1,A46,1,A231,403.62,USD,403.62,USD,ACH,0
2026-01-10 17:53:00,2,A132,4,A284,493.6,USD,493.6,USD,ACH,0
2026-01-10 17:55:00,0,A40,3,A188,162.65,USD,162.65,USD,ACH,0
2026-01-10 17:56:00,1,A111,0,A80,282.29,USD,282.29,USD,ACH,0
2026-01-10 17:58:00,2,A17,3,A298,1029.98,USD,1029.98,USD,ACH,0
2026-01-10 17:58:00,1,A266,4,A134,1089.12,USD,1089.12,USD,ACH,0
2026-01-10 17:59:00,4,A159,1,A51,952.1,USD,952.1,USD,ACH,0
2026-01-11 08:01:00,0,A160,2,A167,71.65,USD,71.65,USD,ACH,0
2026-01-11 08:05:00,0,A290,1,A161,318.76,USD,318.76,USD,ACH,0
2026-01-11 08:08:00,1,A6,3,A53,510.84,USD,510.84,USD,ACH,0
2026-01-11 08:09:00,2,A242,2,A167,452.98,USD,452.98,USD,ACH,0
2026-01-11 08:09:00,2,A287,4,A54,384.64,USD,384.64,USD,ACH,0
2026-01-11 08:10:00,1,A71,3,A13,373.31,USD,373.31,USD,ACH,0
2026-01-11 08:10:00,2,A117,3,A203,98.63,USD,98.63,USD,ACH,0
2026-01-11 08:11:00,4,A169,4,A99,481.18,USD,481.18,USD,ACH,0
2026-01-11 08:12:00,2,A7,3,A73,567.67,USD,567.67,USD,ACH,0
2026-01-11 08:13:00,3,A218,1,A31,355.67,USD,355.67,USD,ACH,0
2026-01-11 08:14:00,0,A195,4,A9,255.59,USD,255.59,USD,ACH,0
2026-01-11 08:15:00,2,A107,4,A4,791.56,USD,791.56,USD,ACH,0
2026-01-11 08:19:00,4,A299,0,A35,1110.06,USD,1110.06,USD,ACH,0
2026-01-11 08:20:00,2,A247,4,A94,205.62,USD,205.62,USD,ACH,0
2026-01-11 08:21:00,1,A126,0,A35,508.27,USD,508.27,USD,ACH,0
2026-01-11 08:21:00,1,A261,4,A19,306.12,USD,306.12,USD,ACH,0
2026-01-11 08:23:00,3,A63,0,A130,813.89,USD,813.89,USD,ACH,0
2026-01-11 08:23:00,3,A143,1,A271,266.65,USD,266.65,USD,ACH,0
2026-01-11 08:24:00,4,A254,2,A267,476.96,USD,476.96,USD,ACH,0
2026-01-11 08:27:00,4,A84,2,A297,251.87,USD,251.87,USD,ACH,0
2026-01-11 08:29:00,4,A114,2,A287,145.61,USD,145.61,USD,ACH,0
2026-01-11 08:30:00,0,A225,0,A35,410.18,USD,410.18,USD,ACH,0
2026-01-11 08:30:00,4,A299,1,A131,2155.29,USD,2155.29,USD,ACH,0
2026-01-11 08:31:00,0,A230,3,A183,484.81,USD,484.81,USD,ACH,0
2026-01-11 08:32:00,0,A205,3,A298,331.34,USD,331.34,USD,ACH,0
2026-01-11 08:33:00,4,A39,2,A222,367.29,USD,367.29,USD,ACH,0
2026-01-11 08:33:00,4,A189,2,A77,311.13,USD,311.13,USD,ACH,0
2026-01-11 08:34:00,0,A260,1,A221,74.95,USD,74.95,USD,ACH,0
2026-01-11 08:36:00,1,A191,4,A299,145.38,USD,145.38,USD,ACH,0
2026-01-11 08:38:00,3,A178,1,A151,606.66,USD,606.66,USD,ACH,1
2026-01-11 08:40:00,3,A108,1,A201,637.34,USD,637.34,USD,ACH,0
2026-01-11 08:40:00,4,A229,2,A137,626.28,USD,626.28,USD,ACH,0
2026-01-11 08:42:00,0,A245,0,A125,749.48,USD,749.48,USD,ACH,0
2026-01-11 08:43:00,2,A122,4,A39,178.45,USD,178.45,USD,ACH,0
2026-01-11 08:44:00,4,A4,3,A203,112.6,USD,112.6,USD,ACH,0
2026-01-11 08:45:00,3,A153,3,A63,357.87,USD,357.87,USD,ACH,0
2026-01-11 08:47:00,2,A252,3,A178,224.07,USD,224.07,USD,ACH,0
2026-01-11 08:47:00,2,A257,3,A188,622.76,USD,622.76,USD,ACH,0
2026-01-11 08:51:00,4,A134,3,A168,606.27,USD,606.27,USD,ACH,0
2026-01-11 08:52:00,2,A182,1,A161,704.29,USD,704.29,USD,ACH,0
2026-01-11 08:52:00,4,A244,4,A159,94.54,USD,94.54,USD,ACH,0
2026-01-11 08:53:00,2,A122,0,A70,370.21,USD,370.21,USD,ACH,0
2026-01-11 08:53:00,0,A140,3,A283,145.89,USD,145.89,USD,ACH,0
2026-01-11 08:54:00,3,A53,4,A149,126.55,USD,126.55,USD,ACH,0
2026-01-11 08:56:00,1,A56,2,A132,265.76,USD,265.76,USD,ACH,0
2026-01-11 08:57:00,4,A154,1,A226,634.93,USD,634.93,USD,ACH,0
2026-01-11 08:58:00,3,A13,3,A58,432.81,USD,432.81,USD,ACH,0
2026-01-11 08:58:00,2,A172,4,A289,710.9,USD,710.9,USD,ACH,0
2026-01-11 08:59:00,3,A238,0,A70,281.57,USD,281.57,USD,ACH,0
2026-01-11 09:00:00,0,A30,2,A102,268.84,USD,268.84,USD,ACH,0
2026-01-11 09:02:00,4,A109,1,A191,2379.21,USD,2379.21,USD,ACH,0
2026-01-11 09:03:00,2,A232,0,A55,443.94,USD,443.94,USD,ACH,0
2026-01-11 09:06:00,2,A137,0,A170,616.32,USD,616.32,USD,ACH,0
2026-01-11 09:08:00,3,A103,1,A96,211.54,USD,211.54,USD,ACH,0
2026-01-11 09:13:00,3,A113,0,A210,175.0,USD,175.0,USD,ACH,0
2026-01-11 09:16:00,2,A187,0,A10,287.72,USD,287.72,USD,ACH,0
2026-01-11 09:16:00,3,A293,3,A168,679.29,USD,679.29,USD,ACH,0
2026-01-11 09:17:00,0,A10,1,A286,242.36,USD,242.36,USD,ACH,0
2026-01-11 09:18:00,3,A48,0,A160,1202.4,USD,1202.4,USD,ACH,0
2026-01-11 09:21:00,1,A1,3,A203,143.66,USD,143.66,USD,ACH,0
2026-01-11 09:21:00,3,A58,2,A222,293.03,USD,293.03,USD,ACH,0
2026-01-11 09:22:00,1,A86,1,A11,497.09,USD,497.09,USD,ACH,0
2026-01-11 09:22:00,4,A124,3,A298,530.95,USD,530.95,USD,ACH,0
2026-01-11 09:23:00,4,A74,3,A143,313.61,USD,313.61,USD,ACH,0
2026-01-11 09:24:00,4,A54,0,A140,250.49,USD,250.49,USD,ACH,0
2026-01-11 09:24:00,3,A123,4,A189,673.03,USD,673.03,USD,ACH,0
2026-01-11 09:26:00,2,A87,0,A185,725.19,USD,725.19,USD,ACH,0
2026-01-11 09:27:00,0,A200,1,A276,57.54,USD,57.54,USD,ACH,0
2026-01-11 09:29:00,2,A52,2,A112,532.89,USD,532.89,USD,ACH,0
2026-01-11 09:30:00,2,A67,2,A82,212.17,USD,212.17,USD,ACH,0
2026-01-11 09:30:00,4,A254,2,A142,819.45,USD,819.45,USD,ACH,0
2026-01-11 09:31:00,1,A131,2,A137,377.75,USD,377.75,USD,ACH,0
2026-01-11 09:31:00,3,A203,0,A5,505.38,USD,505.38,USD,ACH,0
2026-01-11 09:32:00,0,A120,0,A125,381.38,USD,381.38,USD,ACH,0
2026-01-11 09:33:00,4,A44,4,A229,126.88,USD,126.88,USD,ACH,0
2026-01-11 09:33:00,0,A85,1,A161,1383.62,USD,1383.62,USD,ACH,0
2026-01-11 09:33:00,3,A163,3,A118,226.16,USD,226.16,USD,ACH,0
2026-01-11 09:34:00,2,A42,0,A240,124.85,USD,124.85,USD,ACH,0
2026-01-11 09:36:00,3,A8,1,A196,255.07,USD,255.07,USD,ACH,0
2026-01-11 09:36:00,1,A66,3,A33,718.44,USD,718.44,USD,ACH,0
2026-01-11 09:37:00,3,A128,0,A35,733.17,USD,733.17,USD,ACH,0
2026-01-11 09:39:00,1,A111,0,A70,62.79,USD,62.79,USD,ACH,0
2026-01-11 09:45:00,0,A290,4,A24,326.23,USD,326.23,USD,ACH,0
2026-01-11 09:49:00,2,A262,2,A57,212.63,USD,212.63,USD,ACH,0
2026-01-11 09:50:00,0,A20,3,A113,402.17,USD,402.17,USD,ACH,0
2026-01-11 09:52:00,3,A28,4,A189,1376.8,USD,1376.8,USD,ACH,0
2026-01-11 09:52:00,1,A176,1,A201,719.74,USD,719.74,USD,ACH,0
2026-01-11 09:53:00,1,A146,0,A45,502.99,USD,502.99,USD,ACH,0
2026-01-11 09:57:00,2,A112,4,A169,124.82,USD,124.82,USD,ACH,0
2026-01-11 09:57:00,4,A164,3,A218,405.02,USD,405.02,USD,ACH,0
2026-01-11 09:58:00,1,A186,0,A15,447.19,USD,447.19,USD,ACH,0
2026-01-11 09:59:00,4,A224,2,A222,596.54,USD,596.54,USD,ACH,0
2026-01-11 10:00:00,1,A136,0,A100,519.83,USD,519.83,USD,ACH,0
2026-01-11 10:00:00,4,A204,1,A296,583.82,USD,583.82,USD,ACH,0
2026-01-11 10:01:00,2,A292,1,A71,156.12,USD,156.12,USD,ACH,0
2026-01-11 10:03:00,2,A102,0,A130,940.19,USD,940.19,USD,ACH,0
2026-01-11 10:04:00,2,A17,4,A44,821.01,USD,821.01,USD,ACH,0
2026-01-11 10:05:00,4,A284,1,A161,385.93,USD,385.93,USD,ACH,0
2026-01-11 10:07:00,3,A88,0,A205,472.42,USD,472.42,USD,ACH,0
2026-01-11 10:10:00,2,A197,1,A91,1024.67,USD,1024.67,USD,ACH,0
2026-01-11 10:11:00,2,A132,3,A48,159.33,USD,159.33,USD,ACH,0
2026-01-11 10:13:00,1,A151,3,A248,337.45,USD,337.45,USD,ACH,0
2026-01-11 10:17:00,1,A181,1,A66,487.96,USD,487.96,USD,ACH,0
2026-01-11 10:19:00,4,A64,0,A80,163.43,USD,163.43,USD,ACH,0
2026-01-11 10:20:00,4,A159,4,A74,349.94,USD,349.94,USD,ACH,0
2026-01-11 10:26:00,4,A184,2,A112,393.25,USD,393.25,USD,ACH,0
2026-01-11 10:27:00,0,A5,1,A151,423.03,USD,423.03,USD,ACH,0
2026-01-11 10:29:00,3,A23,2,A187,353.43,USD,353.43,USD,ACH,0
2026-01-11 10:30:00,1,A131,3,A193,143.42,USD,143.42,USD,ACH,0
2026-01-11 10:32:00,2,A12,4,A139,82.44,USD,82.44,USD,ACH,0
2026-01-11 10:32:00,1,A186,1,A1,365.21,USD,365.21,USD,ACH,0
2026-01-11 10:32:00,3,A193,0,A95,504.4,USD,504.4,USD,ACH,1
2026-01-11 10:36:00,4,A39,3,A258,581.57,USD,581.57,USD,ACH,0
2026-01-11 10:36:00,2,A147,0,A160,97.01,USD,97.01,USD,ACH,0
2026-01-11 10:36:00,4,A204,3,A238,508.3,USD,508.3,USD,ACH,0
2026-01-11 10:36:00,1,A241,1,A176,359.72,USD,359.72,USD,ACH,0
2026-01-11 10:38:00,4,A19,0,A55,776.23,USD,776.23,USD,ACH,0
2026-01-11 10:38:00,4,A34,3,A113,433.25,USD,433.25,USD,ACH,0
2026-01-11 10:39:00,3,A33,3,A63,120.23,USD,120.23,USD,ACH,1
2026-01-11 10:39:00,2,A202,0,A140,304.74,USD,304.74,USD,ACH,0
2026-01-11 10:39:00,2,A252,4,A139,235.02,USD,235.02,USD,ACH,0
2026-01-11 10:40:00,3,A263,0,A275,486.37,USD,486.37,USD,ACH,0
2026-01-11 10:41:00,4,A244,2,A207,462.77,USD,462.77,USD,ACH,0
2026-01-11 10:44:00,1,A256,0,A120,848.37,USD,848.37,USD,ACH,0
2026-01-11 10:45:00,0,A135,4,A104,246.33,USD,246.33,USD,ACH,0
2026-01-11 10:46:00,0,A185,0,A265,454.88,USD,454.88,USD,ACH,0
2026-01-11 10:48:00,2,A77,0,A225,1367.33,USD,1367.33,USD,ACH,0
2026-01-11 10:48:00,0,A130,4,A224,160.88,USD,160.88,USD,ACH,0
2026-01-11 10:52:00,3,A8,4,A204,224.87,USD,224.87,USD,ACH,0
2026-01-11 10:54:00,2,A77,1,A231,611.13,USD,611.13,USD,ACH,0
2026-01-11 10:54:00,0,A175,3,A148,188.79,USD,188.79,USD,ACH,0
2026-01-11 10:56:00,3,A268,1,A166,953.08,USD,953.08,USD,ACH,0
2026-01-11 10:57:00,3,A18,2,A277,343.82,USD,343.82,USD,ACH,0
2026-01-11 10:57:00,0,A65,1,A111,825.93,USD,825.93,USD,ACH,0
2026-01-11 10:57:00,4,A199,4,A94,471.97,USD,471.97,USD,ACH,1
2026-01-11 10:57:00,4,A259,1,A21,527.2,USD,527.2,USD,ACH,0
2026-01-11 10:58:00,0,A145,3,A103,303.24,USD,303.24,USD,ACH,0
2026-01-11 10:59:00,2,A47,3,A128,727.75,USD,727.75,USD,ACH,0
2026-01-11 11:01:00,3,A268,4,A34,523.33,USD,523.33,USD,ACH,0
2026-01-11 11:04:00,0,A255,2,A127,656.16,USD,656.16,USD,ACH,0
2026-01-11 11:05:00,4,A129,4,A39,2047.22,USD,2047.22,USD,ACH,0
2026-01-11 11:05:00,1,A246,3,A188,749.01,USD,749.01,USD,ACH,0
2026-01-11 11:08:00,0,A55,0,A35,987.31,USD,987.31,USD,ACH,1
2026-01-11 11:09:00,1,A141,2,A197,713.99,USD,713.99,USD,ACH,0
2026-01-11 11:12:00,1,A281,4,A159,200.07,USD,200.07,USD,ACH,0
2026-01-11 11:13:00,2,A127,4,A164,589.17,USD,589.17,USD,ACH,0
2026-01-11 11:15:00,4,A74,2,A292,272.24,USD,272.24,USD,ACH,0
2026-01-11 11:17:00,1,A76,3,A233,78.07,USD,78.07,USD,ACH,0
2026-01-11 11:19:00,3,A68,3,A248,345.06,USD,345.06,USD,ACH,0
2026-01-11 11:20:00,2,A62,4,A24,41.02,USD,41.02,USD,ACH,0
2026-01-11 11:20:00,2,A72,3,A58,464.42,USD,464.42,USD,ACH,0
2026-01-11 11:23:00,1,A286,3,A273,1143.07,USD,1143.07,USD,ACH,0
2026-01-11 11:24:00,3,A93,2,A67,308.32,USD,308.32,USD,ACH,0
2026-01-11 11:25:00,0,A75,3,A288,438.38,USD,438.38,USD,ACH,1
2026-01-11 11:26:00,3,A173,0,A180,116.68,USD,116.68,USD,ACH,0
2026-01-11 11:27:00,3,A38,1,A26,895.17,USD,895.17,USD,ACH,0
2026-01-11 11:28:00,3,A258,2,A87,716.32,USD,716.32,USD,ACH,0
2026-01-11 11:31:00,1,A46,1,A116,1129.2,USD,1129.2,USD,ACH,0
2026-01-11 11:36:00,4,A94,3,A238,181.5,USD,181.5,USD,ACH,0
2026-01-11 11:36:00,1,A211,0,A205,166.72,USD,166.72,USD,ACH,0
2026-01-11 11:36:00,1,A271,0,A230,60.99,USD,60.99,USD,ACH,0
2026-01-11 11:38:00,1,A36,0,A205,137.28,USD,137.28,USD,ACH,0
2026-01-11 11:39:00,0,A275,3,A248,1065.12,USD,1065.12,USD,ACH,0
2026-01-11 11:39:00,3,A278,3,A123,332.08,USD,332.08,USD,ACH,0
2026-01-11 11:40:00,3,A138,4,A154,440.44,USD,440.44,USD,ACH,0
2026-01-11 11:41:00,2,A2,2,A282,300.96,USD,300.96,USD,ACH,0
2026-01-11 11:41:00,4,A59,3,A233,1094.52,USD,1094.52,USD,ACH,0
2026-01-11 11:41:00,0,A155,4,A164,366.59,USD,366.59,USD,ACH,0
2026-01-11 11:42:00,1,A216,3,A243,738.39,USD,738.39,USD,ACH,0
2026-01-11 11:45:00,4,A289,2,A212,167.49,USD,167.49,USD,ACH,0
2026-01-11 11:47:00,0,A85,2,A297,367.19,USD,367.19,USD,ACH,0
2026-01-11 11:48:00,1,A166,0,A185,687.52,USD,687.52,USD,ACH,0
2026-01-11 11:59:00,4,A14,3,A183,335.27,USD,335.27,USD,ACH,0
2026-01-11 12:00:00,4,A109,2,A102,1429.42,USD,1429.42,USD,Wire,0
2026-01-11 12:00:00,4,A204,2,A197,2655.73,USD,2655.73,USD,Wire,0
2026-01-11 12:00:00,0,A280,2,A12,277.43,USD,277.43,USD,ACH,0
2026-01-11 12:00:00,0,A0,3,A293,1931.9,USD,1931.9,USD,Wire,0
2026-01-11 12:01:00,1,A31,4,A24,2132.8,USD,2132.8,USD,Wire,0
2026-01-11 12:01:00,0,A55,3,A48,2691.8,USD,2691.8,USD,Wire,0
2026-01-11 12:01:00,1,A136,4,A129,2929.94,USD,2929.94,USD,Wire,0
2026-01-11 12:01:00,1,A166,4,A159,3081.78,USD,3081.78,USD,Wire,0
2026-01-11 12:01:00,3,A223,1,A26,260.57,USD,260.57,USD,ACH,0
2026-01-11 12:02:00,3,A208,1,A201,1600.13,USD,1600.13,USD,Wire,0
2026-01-11 12:03:00,2,A97,1,A96,554.7,USD,554.7,USD,ACH,0
2026-01-11 12:03:00,3,A183,1,A176,2357.34,USD,2357.34,USD,Wire,0
2026-01-11 12:03:00,4,A244,2,A237,2637.73,USD,2637.73,USD,Wire,0
2026-01-11 12:03:00,0,A245,3,A238,2700.49,USD,2700.49,USD,Wire,0
2026-01-11 12:04:00,0,A10,0,A280,1727.4,USD,1727.4,USD,ACH,0
2026-01-11 12:04:00,1,A111,4,A104,2161.51,USD,2161.51,USD,Wire,0
2026-01-11 12:04:00,3,A263,1,A256,2263.75,USD,2263.75,USD,Wire,0
2026-01-11 12:05:00,1,A281,4,A274,2035.01,USD,2035.01,USD,Wire,0
2026-01-11 12:06:00,4,A54,2,A47,2521.18,USD,2521.18,USD,Wire,0
2026-01-11 12:08:00,1,A96,3,A53,300.55,USD,300.55,USD,ACH,0
2026-01-11 12:08:00,1,A126,4,A119,2836.28,USD,2836.28,USD,Wire,0
2026-01-11 12:08:00,2,A282,1,A51,146.57,USD,146.57,USD,ACH,0
2026-01-11 12:09:00,2,A72,0,A65,2271.51,USD,2271.51,USD,Wire,0
2026-01-11 12:09:00,3,A88,4,A69,194.7,USD,194.7,USD,ACH,0
2026-01-11 12:09:00,2,A122,0,A115,2152.85,USD,2152.85,USD,Wire,0
2026-01-11 12:09:00,3,A233,3,A103,307.84,USD,307.84,USD,ACH,0
2026-01-11 12:10:00,0,A15,3,A8,2812.51,USD,2812.51,USD,Wire,0
2026-01-11 12:10:00,2,A92,0,A85,2004.48,USD,2004.48,USD,Wire,0
2026-01-11 12:10:00,4,A99,2,A92,1649.46,USD,1649.46,USD,Wire,0
2026-01-11 12:10:00,3,A143,1,A136,2299.94,USD,2299.94,USD,Wire,0
2026-01-11 12:10:00,3,A203,1,A196,2426.86,USD,2426.86,USD,Wire,0
2026-01-11 12:10:00,2,A212,0,A205,2379.62,USD,2379.62,USD,Wire,0
2026-01-11 12:11:00,4,A84,2,A77,2437.3,USD,2437.3,USD,Wire,0
2026-01-11 12:11:00,3,A78,2,A277,1281.61,USD,1281.61,USD,ACH,0
2026-01-11 12:11:00,4,A134,2,A127,2865.55,USD,2865.55,USD,Wire,0
2026-01-11 12:11:00,0,A285,4,A244,987.36,USD,987.36,USD,ACH,0
2026-01-11 12:12:00,2,A22,0,A15,2203.14,USD,2203.14,USD,Wire,0
2026-01-11 12:12:00,0,A80,3,A73,1915.38,USD,1915.38,USD,Wire,0
2026-01-11 12:12:00,4,A159,2,A152,1453.04,USD,1453.04,USD,Wire,0
2026-01-11 12:13:00,3,A253,1,A246,2391.94,USD,2391.94,USD,Wire,0
2026-01-11 12:13:00,2,A297,4,A109,739.79,USD,739.79,USD,ACH,0
2026-01-11 12:13:00,1,A6,4,A299,2842.67,USD,2842.67,USD,Wire,0
2026-01-11 12:14:00,0,A85,3,A78,2964.22,USD,2964.22,USD,Wire,0
2026-01-11 12:15:00,3,A108,4,A79,332.55,USD,332.55,USD,ACH,0
2026-01-11 12:15:00,2,A262,0,A255,2211.56,USD,2211.56,USD,Wire,0
2026-01-11 12:16:00,4,A179,2,A172,1712.12,USD,1712.12,USD,Wire,0
2026-01-11 12:17:00,3,A193,1,A186,2506.46,USD,2506.46,USD,Wire,0
2026-01-11 12:17:00,4,A199,2,A192,1546.76,USD,1546.76,USD,Wire,0
2026-01-11 12:17:00,4,A264,2,A257,2667.62,USD,2667.62,USD,Wire,0
2026-01-11 12:18:00,1,A36,4,A29,3221.5,USD,3221.5,USD,Wire,0
2026-01-11 12:18:00,3,A123,1,A116,2363.6,USD,2363.6,USD,Wire,0
2026-01-11 12:18:00,0,A185,3,A178,2711.67,USD,2711.67,USD,Wire,0
2026-01-11 12:18:00,1,A261,4,A254,1900.38,USD,1900.38,USD,Wire,0
2026-01-11 12:20:00,2,A102,0,A115,1320.21,USD,1320.21,USD,Wire,0
2026-01-11 12:20:00,4,A119,3,A118,1171.21,USD,1171.21,USD,ACH,0
2026-01-11 12:20:00,2,A197,0,A210,2516.13,USD,2516.13,USD,Wire,0
2026-01-11 12:20:00,3,A293,1,A6,1740.09,USD,1740.09,USD,Wire,0
2026-01-11 12:21:00,4,A24,2,A37,1960.16,USD,1960.16,USD,Wire,0
2026-01-11 12:21:00,3,A48,1,A61,2452.22,USD,2452.22,USD,Wire,0
2026-01-11 12:21:00,4,A129,2,A142,2690.97,USD,2690.97,USD,Wire,0
2026-01-11 12:21:00,0,A140,4,A104,431.72,USD,431.72,USD,ACH,0
2026-01-11 12:21:00,4,A159,2,A172,2916.63,USD,2916.63,USD,Wire,0
2026-01-11 12:22:00,0,A110,4,A4,186.47,USD,186.47,USD,ACH,0
2026-01-11 12:22:00,1,A201,4,A214,1532.61,USD,1532.61,USD,Wire,0
2026-01-11 12:23:00,1,A176,4,A189,2213.42,USD,2213.42,USD,Wire,0
2026-01-11 12:23:00,1,A196,0,A165,798.95,USD,798.95,USD,ACH,0
2026-01-11 12:23:00,2,A237,0,A250,2594.35,USD,2594.35,USD,Wire,0
2026-01-11 12:23:00,3,A238,1,A251,2454.65,USD,2454.65,USD,Wire,0
2026-01-11 12:23:00,2,A277,1,A266,1188.57,USD,1188.57,USD,ACH,0
2026-01-11 12:24:00,4,A104,2,A117,2090.84,USD,2090.84,USD,Wire,0
2026-01-11 12:24:00,0,A160,2,A207,126.11,USD,126.11,USD,ACH,0
2026-01-11 12:24:00,1,A256,4,A269,2174.93,USD,2174.93,USD,Wire,0
2026-01-11 12:25:00,3,A38,3,A198,475.12,USD,475.12,USD,ACH,0
2026-01-11 12:25:00,2,A157,0,A20,795.63,USD,795.63,USD,ACH,0
2026-01-11 12:25:00,4,A274,2,A287,1873.76,USD,1873.76,USD,Wire,0
2026-01-11 12:26:00,2,A47,0,A60,2456.48,USD,2456.48,USD,Wire,0
2026-01-11 12:28:00,4,A119,2,A132,2647.2,USD,2647.2,USD,Wire,0
2026-01-11 12:28:00,3,A188,3,A193,804.35,USD,804.35,USD,ACH,0
2026-01-11 12:28:00,0,A190,3,A298,158.76,USD,158.76,USD,ACH,0
2026-01-11 12:29:00,0,A65,3,A78,2060.76,USD,2060.76,USD,Wire,0
2026-01-11 12:29:00,0,A115,3,A128,2035.81,USD,2035.81,USD,Wire,0
2026-01-11 12:30:00,3,A8,1,A21,2586.2,USD,2586.2,USD,Wire,0
2026-01-11 12:30:00,0,A85,3,A98,1818.02,USD,1818.02,USD,Wire,0
2026-01-11 12:30:00,2,A92,0,A105,1569.84,USD,1569.84,USD,Wire,0
2026-01-11 12:30:00,1,A136,4,A149,2204.38,USD,2204.38,USD,Wire,0
2026-01-11 12:30:00,1,A196,4,A209,2383.76,USD,2383.76,USD,Wire,0
2026-01-11 12:30:00,0,A205,3,A218,2243.86,USD,2243.86,USD,Wire,0
2026-01-11 12:30:00,4,A279,4,A229,567.39,USD,567.39,USD,ACH,0
2026-01-11 12:31:00,2,A77,0,A90,2330.46,USD,2330.46,USD,Wire,0
2026-01-11 12:31:00,2,A127,0,A140,2710.72,USD,2710.72,USD,Wire,0
2026-01-11 12:32:00,0,A15,3,A28,2003.79,USD,2003.79,USD,Wire,0
2026-01-11 12:32:00,0,A60,1,A31,151.68,USD,151.68,USD,ACH,0
2026-01-11 12:32:00,3,A73,1,A86,1733.59,USD,1733.59,USD,Wire,0
2026-01-11 12:32:00,2,A152,0,A165,1409.09,USD,1409.09,USD,Wire,0
2026-01-11 12:33:00,1,A246,4,A259,2246.48,USD,2246.48,USD,Wire,0
2026-01-11 12:33:00,2,A257,2,A12,649.11,USD,649.11,USD,ACH,0
2026-01-11 12:33:00,4,A299,2,A12,2727.35,USD,2727.35,USD,Wire,0
2026-01-11 12:34:00,2,A72,4,A269,222.03,USD,222.03,USD,ACH,0
2026-01-11 12:34:00,3,A78,1,A91,2754.02,USD,2754.02,USD,Wire,0
2026-01-11 12:35:00,0,A170,4,A49,115.79,USD,115.79,USD,ACH,0
2026-01-11 12:35:00,0,A255,3,A268,2022.15,USD,2022.15,USD,Wire,0
2026-01-11 12:36:00,2,A172,0,A185,1680.85,USD,1680.85,USD,Wire,0
2026-01-11 12:37:00,1,A186,4,A199,2327.62,USD,2327.62,USD,Wire,0
2026-01-11 12:37:00,2,A192,0,A205,1397.91,USD,1397.91,USD,Wire,0
2026-01-11 12:37:00,2,A257,0,A270,2411.32,USD,2411.32,USD,Wire,0
2026-01-11 12:38:00,4,A29,2,A42,3112.96,USD,3112.96,USD,Wire,0
2026-01-11 12:38:00,1,A116,4,A129,2228.92,USD,2228.92,USD,Wire,0
2026-01-11 12:38:00,3,A178,1,A191,2546.4,USD,2546.4,USD,Wire,0
2026-01-11 12:38:00,4,A254,2,A267,1860.42,USD,1860.42,USD,Wire,0
2026-01-11 12:41:00,4,A164,2,A142,559.19,USD,559.19,USD,ACH,0
2026-01-11 12:44:00,4,A174,4,A119,213.49,USD,213.49,USD,ACH,0
2026-01-11 12:45:00,0,A220,2,A42,51.81,USD,51.81,USD,ACH,0
2026-01-11 12:46:00,2,A157,3,A58,654.8,USD,654.8,USD,ACH,0
2026-01-11 12:46:00,1,A161,0,A280,268.78,USD,268.78,USD,ACH,0
2026-01-11 12:46:00,1,A221,0,A90,260.18,USD,260.18,USD,ACH,0
2026-01-11 12:47:00,1,A206,1,A276,862.82,USD,862.82,USD,ACH,1
2026-01-11 12:47:00,1,A231,0,A280,405.94,USD,405.94,USD,ACH,0
2026-01-11 12:47:00,0,A265,1,A6,351.21,USD,351.21,USD,ACH,0
2026-01-11 12:48:00,3,A78,2,A287,529.87,USD,529.87,USD,ACH,0
2026-01-11 12:49:00,0,A60,3,A28,105.91,USD,105.91,USD,ACH,0
2026-01-11 12:51:00,0,A255,2,A92,1033.27,USD,1033.27,USD,ACH,0
2026-01-11 12:53:00,2,A217,4,A294,595.79,USD,595.79,USD,ACH,0
2026-01-11 12:54:00,4,A64,0,A5,594.58,USD,594.58,USD,ACH,0
2026-01-11 13:02:00,4,A9,3,A118,624.51,USD,624.51,USD,ACH,0
2026-01-11 13:02:00,1,A206,3,A293,632.24,USD,632.24,USD,ACH,0
2026-01-11 13:03:00,1,A11,4,A109,264.25,USD,264.25,USD,ACH,0
2026-01-11 13:03:00,3,A178,2,A197,1183.54,USD,1183.54,USD,ACH,0
2026-01-11 13:04:00,0,A100,0,A180,483.62,USD,483.62,USD,ACH,0
2026-01-11 13:07:00,1,A296,4,A19,393.12,USD,393.12,USD,ACH,0
2026-01-11 13:08:00,0,A135,1,A241,536.96,USD,536.96,USD,ACH,0
2026-01-11 13:08:00,1,A146,3,A58,3307.3,USD,3307.3,USD,ACH,0
2026-01-11 13:09:00,4,A144,3,A48,61.55,USD,61.55,USD,ACH,0
2026-01-11 13:10:00,3,A98,2,A222,1490.62,USD,1490.62,USD,ACH,0
2026-01-11 13:11:00,2,A47,4,A4,348.6,USD,348.6,USD,ACH,0
2026-01-11 13:12:00,2,A237,3,A268,145.94,USD,145.94,USD,ACH,0
2026-01-11 13:14:00,3,A103,4,A44,801.63,USD,801.63,USD,ACH,0
2026-01-11 13:16:00,4,A14,1,A196,338.33,USD,338.33,USD,ACH,0
2026-01-11 13:18:00,2,A27,1,A61,1518.9,USD,1518.9,USD,ACH,0
2026-01-11 13:19:00,0,A15,3,A188,435.8,USD,435.8,USD,ACH,0
2026-01-11 13:21:00,0,A0,3,A273,254.86,USD,254.86,USD,ACH,0
2026-01-11 13:24:00,3,A273,0,A170,389.7,USD,389.7,USD,ACH,0
2026-01-11 13:28:00,0,A40,4,A114,341.94,USD,341.94,USD,ACH,0
2026-01-11 13:28:00,0,A175,1,A266,111.29,USD,111.29,USD,ACH,0
2026-01-11 13:28:00,0,A250,2,A267,168.28,USD,168.28,USD,ACH,0
2026-01-11 13:28:00,3,A283,3,A113,411.59,USD,411.59,USD,ACH,0
2026-01-11 13:29:00,1,A1,1,A131,456.11,USD,456.11,USD,ACH,0
2026-01-11 13:29:00,0,A20,1,A206,305.22,USD,305.22,USD,ACH,0
2026-01-11 13:29:00,1,A81,1,A106,632.19,USD,632.19,USD,ACH,0
2026-01-11 13:29:00,3,A148,0,A280,481.07,USD,481.07,USD,ACH,0
2026-01-11 13:30:00,1,A31,0,A205,1064.73,USD,1064.73,USD,ACH,0
2026-01-11 13:31:00,0,A270,2,A157,127.09,USD,127.09,USD,ACH,0
2026-01-11 13:32:00,1,A136,0,A135,626.44,USD,626.44,USD,ACH,0
2026-01-11 13:35:00,1,A26,3,A233,364.94,USD,364.94,USD,ACH,0
2026-01-11 13:36:00,2,A222,2,A122,285.63,USD,285.63,USD,ACH,0
2026-01-11 13:38:00,1,A21,2,A222,188.83,USD,188.83,USD,ACH,0
2026-01-11 13:39:00,4,A289,3,A283,1988.11,USD,1988.11,USD,ACH,0
2026-01-11 13:40:00,2,A202,1,A216,254.49,USD,254.49,USD,ACH,0
2026-01-11 13:42:00,4,A24,4,A4,356.95,USD,356.95,USD,ACH,0
2026-01-11 13:46:00,1,A181,4,A44,250.78,USD,250.78,USD,ACH,0
2026-01-11 13:47:00,0,A125,3,A3,356.16,USD,356.16,USD,ACH,0
2026-01-11 13:47:00,3,A208,1,A196,564.78,USD,564.78,USD,ACH,0
2026-01-11 13:48:00,4,A174,0,A40,741.0,USD,741.0,USD,ACH,0
2026-01-11 13:49:00,1,A101,3,A53,168.9,USD,168.9,USD,ACH,0
2026-01-11 13:51:00,0,A80,3,A18,118.61,USD,118.61,USD,ACH,0
2026-01-11 13:54:00,1,A96,0,A45,243.24,USD,243.24,USD,ACH,0
2026-01-11 13:55:00,3,A68,3,A138,351.46,USD,351.46,USD,ACH,0
2026-01-11 13:56:00,4,A229,1,A216,447.38,USD,447.38,USD,ACH,1
2026-01-11 13:57:00,1,A121,0,A195,271.6,USD,271.6,USD,ACH,0
2026-01-11 13:57:00,2,A167,3,A163,257.63,USD,257.63,USD,ACH,0
2026-01-11 13:59:00,3,A253,1,A51,544.28,USD,544.28,USD,ACH,0
2026-01-11 14:00:00,4,A29,2,A197,396.56,USD,396.56,USD,ACH,0
2026-01-11 14:00:00,0,A265,4,A54,672.22,USD,672.22,USD,ACH,0
2026-01-11 14:04:00,0,A105,0,A240,111.02,USD,111.02,USD,ACH,0
2026-01-11 14:08:00,4,A4,1,A61,222.95,USD,222.95,USD,ACH,0
2026-01-11 14:10:00,2,A17,3,A43,392.75,USD,392.75,USD,ACH,0
2026-01-11 14:10:00,3,A83,2,A57,134.17,USD,134.17,USD,ACH,0
2026-01-11 14:11:00,3,A293,3,A23,240.04,USD,240.04,USD,ACH,0
2026-01-11 14:12:00,0,A180,2,A57,1151.4,USD,1151.4,USD,ACH,0
2026-01-11 14:13:00,0,A230,4,A164,125.85,USD,125.85,USD,ACH,0
2026-01-11 14:13:00,0,A240,0,A165,376.07,USD,376.07,USD,ACH,0
2026-01-11 14:15:00,1,A226,0,A45,348.03,USD,348.03,USD,ACH,0
2026-01-11 14:16:00,4,A119,2,A272,876.01,USD,876.01,USD,ACH,0
2026-01-11 14:16:00,4,A269,0,A220,330.57,USD,330.57,USD,ACH,0
2026-01-11 14:17:00,1,A21,2,A132,196.53,USD,196.53,USD,ACH,0
2026-01-11 14:17:00,0,A145,0,A100,454.15,USD,454.15,USD,ACH,0
2026-01-11 14:18:00,1,A116,1,A171,492.43,USD,492.43,USD,ACH,0
2026-01-11 14:18:00,1,A251,3,A238,97.14,USD,97.14,USD,ACH,0
2026-01-11 14:22:00,2,A27,4,A174,2029.88,USD,2029.88,USD,ACH,0
2026-01-11 14:23:00,0,A155,0,A270,602.65,USD,602.65,USD,ACH,0
2026-01-11 14:25:00,1,A266,3,A28,138.34,USD,138.34,USD,ACH,0
2026-01-11 14:26:00,1,A41,0,A170,237.77,USD,237.77,USD,ACH,0
2026-01-11 14:26:00,0,A235,0,A35,1451.1,USD,1451.1,USD,ACH,0
2026-01-11 14:28:00,3,A58,0,A145,195.34,USD,195.34,USD,ACH,0
2026-01-11 14:28:00,0,A115,3,A123,300.78,USD,300.78,USD,ACH,0
2026-01-11 14:28:00,1,A121,1,A276,475.93,USD,475.93,USD,ACH,0
2026-01-11 14:28:00,2,A142,1,A11,772.4,USD,772.4,USD,ACH,0
2026-01-11 14:28:00,2,A227,2,A212,261.54,USD,261.54,USD,ACH,0
2026-01-11 14:29:00,2,A192,1,A41,259.96,USD,259.96,USD,ACH,0
2026-01-11 14:30:00,3,A188,1,A266,178.11,USD,178.11,USD,ACH,0
2026-01-11 14:34:00,4,A159,2,A117,207.71,USD,207.71,USD,ACH,0
2026-01-11 14:35:00,1,A126,2,A42,306.16,USD,306.16,USD,ACH,0
2026-01-11 14:36:00,3,A28,4,A284,755.31,USD,755.31,USD,ACH,0
2026-01-11 14:37:00,3,A183,0,A145,197.58,USD,197.58,USD,ACH,0
2026-01-11 14:40:00,3,A208,1,A176,393.11,USD,393.11,USD,ACH,0
2026-01-11 14:44:00,4,A274,4,A209,214.41,USD,214.41,USD,ACH,0
2026-01-11 14:45:00,0,A95,2,A292,244.66,USD,244.66,USD,ACH,0
2026-01-11 14:45:00,4,A104,1,A51,254.37,USD,254.37,USD,ACH,0
2026-01-11 14:47:00,3,A198,4,A94,1061.21,USD,1061.21,USD,ACH,0
2026-01-11 14:47:00,3,A288,2,A137,630.85,USD,630.85,USD,ACH,0
2026-01-11 14:48:00,1,A256,4,A94,225.3,USD,225.3,USD,ACH,0
2026-01-11 14:51:00,2,A152,4,A249,432.04,USD,432.04,USD,ACH,0
2026-01-11 14:51:00,3,A298,0,A65,993.39,USD,993.39,USD,ACH,0
2026-01-11 14:54:00,2,A167,2,A107,418.96,USD,418.96,USD,ACH,0
2026-01-11 14:56:00,2,A217,2,A167,241.01,USD,241.01,USD,ACH,0
2026-01-11 14:57:00,1,A106,3,A198,282.58,USD,282.58,USD,ACH,0
2026-01-11 14:58:00,3,A3,2,A207,741.26,USD,741.26,USD,ACH,0
2026-01-11 14:58:00,0,A40,1,A196,290.43,USD,290.43,USD,ACH,0
2026-01-11 15:01:00,3,A183,4,A294,150.26,USD,150.26,USD,ACH,0
2026-01-11 15:02:00,0,A75,2,A262,282.96,USD,282.96,USD,ACH,0
2026-01-11 15:04:00,1,A171,3,A103,1653.18,USD,1653.18,USD,ACH,0
2026-01-11 15:05:00,2,A182,2,A257,192.65,USD,192.65,USD,ACH,0
2026-01-11 15:07:00,1,A51,3,A13,229.33,USD,229.33,USD,ACH,0
2026-01-11 15:08:00,3,A213,1,A216,191.97,USD,191.97,USD,ACH,0
2026-01-11 15:10:00,2,A62,1,A146,261.2,USD,261.2,USD,ACH,0
2026-01-11 15:10:00,0,A70,0,A160,780.65,USD,780.65,USD,ACH,0
2026-01-11 15:11:00,1,A41,0,A180,87.71,USD,87.71,USD,ACH,0
2026-01-11 15:11:00,4,A49,3,A268,872.73,USD,872.73,USD,ACH,0
2026-01-11 15:11:00,4,A139,0,A295,616.73,USD,616.73,USD,ACH,0
2026-01-11 15:14:00,2,A277,4,A114,1337.5,USD,1337.5,USD,ACH,0
2026-01-11 15:15:00,3,A73,3,A153,214.79,USD,214.79,USD,ACH,0
2026-01-11 15:16:00,2,A102,1,A6,501.04,USD,501.04,USD,ACH,0
2026-01-11 15:16:00,3,A198,2,A252,667.33,USD,667.33,USD,ACH,0
2026-01-11 15:16:00,3,A213,3,A63,273.6,USD,273.6,USD,ACH,0
2026-01-11 15:20:00,4,A179,0,A270,613.52,USD,613.52,USD,ACH,0
2026-01-11 15:22:00,4,A239,3,A193,284.65,USD,284.65,USD,ACH,0
2026-01-11 15:23:00,4,A79,0,A50,1260.19,USD,1260.19,USD,ACH,0
2026-01-11 15:23:00,2,A297,4,A219,951.78,USD,951.78,USD,ACH,0
2026-01-11 15:24:00,0,A50,1,A91,140.58,USD,140.58,USD,ACH,0
2026-01-11 15:25:00,2,A32,0,A150,258.95,USD,258.95,USD,ACH,0
2026-01-11 15:25:00,2,A37,3,A188,430.81,USD,430.81,USD,ACH,0
2026-01-11 15:26:00,1,A66,4,A4,1425.27,USD,1425.27,USD,ACH,0
2026-01-11 15:28:00,0,A215,4,A84,247.14,USD,247.14,USD,ACH,0
2026-01-11 15:29:00,4,A109,1,A21,1122.99,USD,1122.99,USD,ACH,0
2026-01-11 15:29:00,3,A133,4,A14,221.53,USD,221.53,USD,ACH,0
2026-01-11 15:29:00,2,A237,3,A158,251.09,USD,251.09,USD,ACH,0
2026-01-11 15:31:00,1,A211,0,A20,131.58,USD,131.58,USD,ACH,0
2026-01-11 15:34:00,4,A199,4,A99,650.83,USD,650.83,USD,ACH,0
2026-01-11 15:35:00,4,A249,2,A287,823.35,USD,823.35,USD,ACH,0
2026-01-11 15:36:00,1,A6,4,A229,890.59,USD,890.59,USD,ACH,0
2026-01-11 15:40:00,3,A23,2,A52,822.92,USD,822.92,USD,ACH,0
2026-01-11 15:40:00,0,A50,4,A284,529.61,USD,529.61,USD,ACH,0
2026-01-11 15:41:00,1,A26,0,A185,200.77,USD,200.77,USD,ACH,0
2026-01-11 15:41:00,2,A207,1,A26,414.5,USD,414.5,USD,ACH,0
2026-01-11 15:42:00,0,A210,2,A172,78.3,USD,78.3,USD,ACH,0
2026-01-11 15:43:00,2,A57,0,A255,199.77,USD,199.77,USD,ACH,0
2026-01-11 15:44:00,2,A92,2,A202,567.43,USD,567.43,USD,ACH,0
2026-01-11 15:44:00,1,A116,1,A186,420.35,USD,420.35,USD,ACH,0
2026-01-11 15:48:00,2,A67,0,A15,743.65,USD,743.65,USD,ACH,0
2026-01-11 15:50:00,2,A57,4,A279,1157.74,USD,1157.74,USD,ACH,0
2026-01-11 15:51:00,1,A156,3,A23,69.88,USD,69.88,USD,ACH,0
2026-01-11 15:53:00,1,A236,2,A197,929.54,USD,929.54,USD,ACH,0
2026-01-11 15:53:00,0,A275,4,A149,539.83,USD,539.83,USD,ACH,0
2026-01-11 15:54:00,4,A279,3,A198,660.12,USD,660.12,USD,ACH,0
2026-01-11 15:57:00,4,A99,0,A265,123.03,USD,123.03,USD,ACH,0
2026-01-11 15:58:00,1,A241,3,A293,441.13,USD,441.13,USD,ACH,0
2026-01-11 16:00:00,0,A205,1,A106,338.74,USD,338.74,USD,ACH,0
2026-01-11 16:01:00,0,A45,2,A172,136.87,USD,136.87,USD,ACH,0
2026-01-11 16:01:00,2,A97,1,A151,828.82,USD,828.82,USD,ACH,0
2026-01-11 16:01:00,1,A276,0,A45,180.03,USD,180.03,USD,ACH,0
2026-01-11 16:02:00,1,A106,3,A218,183.38,USD,183.38,USD,ACH,0
2026-01-11 16:05:00,2,A82,1,A96,144.7,USD,144.7,USD,ACH,0
2026-01-11 16:06:00,3,A168,4,A179,556.32,USD,556.32,USD,ACH,1
2026-01-11 16:11:00,0,A280,0,A220,132.77,USD,132.77,USD,ACH,0
2026-01-11 16:14:00,0,A45,3,A33,548.33,USD,548.33,USD,ACH,0
2026-01-11 16:14:00,0,A80,4,A119,557.67,USD,557.67,USD,ACH,0
2026-01-11 16:14:00,2,A207,0,A30,497.57,USD,497.57,USD,ACH,0
2026-01-11 16:16:00,0,A0,3,A58,342.98,USD,342.98,USD,ACH,0
2026-01-11 16:16:00,1,A61,1,A16,222.17,USD,222.17,USD,ACH,0
2026-01-11 16:17:00,4,A69,3,A163,642.41,USD,642.41,USD,ACH,0
2026-01-11 16:20:00,4,A209,3,A233,1055.45,USD,1055.45,USD,ACH,0
2026-01-11 16:22:00,0,A95,4,A164,967.3,USD,967.3,USD,ACH,0
2026-01-11 16:22:00,0,A105,1,A136,197.06,USD,197.06,USD,ACH,0
2026-01-11 16:22:00,2,A272,1,A236,876.18,USD,876.18,USD,ACH,0
2026-01-11 16:23:00,2,A132,1,A141,387.51,USD,387.51,USD,ACH,0
2026-01-11 16:23:00,3,A228,2,A202,984.32,USD,984.32,USD,ACH,0
2026-01-11 16:24:00,0,A120,0,A200,242.62,USD,242.62,USD,ACH,0
2026-01-11 16:25:00,2,A212,4,A54,537.01,USD,537.01,USD,ACH,0
2026-01-11 16:26:00,1,A171,2,A112,104.88,USD,104.88,USD,ACH,0
2026-01-11 16:27:00,3,A3,0,A185,408.2,USD,408.2,USD,ACH,0
2026-01-11 16:29:00,3,A168,0,A280,251.17,USD,251.17,USD,ACH,0
2026-01-11 16:31:00,3,A158,0,A140,804.06,USD,804.06,USD,ACH,0
2026-01-11 16:32:00,1,A161,4,A269,549.39,USD,549.39,USD,ACH,0
2026-01-11 16:34:00,4,A149,1,A271,1129.42,USD,1129.42,USD,ACH,0
2026-01-11 16:35:00,4,A154,4,A264,461.38,USD,461.38,USD,ACH,0
2026-01-11 16:38:00,3,A118,0,A90,1735.34,USD,1735.34,USD,ACH,0
2026-01-11 16:38:00,2,A162,4,A179,212.65,USD,212.65,USD,ACH,0
2026-01-11 16:39:00,3,A113,4,A139,455.6,USD,455.6,USD,ACH,0
2026-01-11 16:41:00,1,A61,0,A65,364.1,USD,364.1,USD,ACH,0
2026-01-11 16:41:00,4,A219,1,A241,644.49,USD,644.49,USD,ACH,1
2026-01-11 16:43:00,4,A214,2,A282,226.25,USD,226.25,USD,ACH,0
2026-01-11 16:44:00,3,A43,1,A241,347.03,USD,347.03,USD,ACH,0
2026-01-11 16:44:00,4,A294,0,A175,356.42,USD,356.42,USD,ACH,1
2026-01-11 16:45:00,4,A124,1,A216,664.47,USD,664.47,USD,ACH,0
2026-01-11 16:46:00,0,A25,1,A201,1367.44,USD,1367.44,USD,ACH,0
2026-01-11 16:46:00,3,A73,3,A113,398.43,USD,398.43,USD,ACH,0
2026-01-11 16:48:00,4,A24,1,A121,311.11,USD,311.11,USD,ACH,0
2026-01-11 16:50:00,4,A264,0,A225,973.61,USD,973.61,USD,ACH,0
2026-01-11 16:52:00,4,A194,0,A220,2027.04,USD,2027.04,USD,ACH,0
2026-01-11 16:53:00,3,A128,3,A288,674.8,USD,674.8,USD,ACH,0
2026-01-11 16:53:00,2,A227,4,A9,1327.69,USD,1327.69,USD,ACH,0
2026-01-11 16:54:00,0,A260,3,A268,625.65,USD,625.65,USD,ACH,0
2026-01-11 16:55:00,2,A177,1,A296,374.34,USD,374.34,USD,ACH,0
2026-01-11 16:56:00,4,A89,1,A21,293.41,USD,293.41,USD,ACH,0
2026-01-11 16:58:00,0,A90,2,A217,176.31,USD,176.31,USD,ACH,0
2026-01-11 16:58:00,1,A291,2,A92,466.5,USD,466.5,USD,ACH,0
2026-01-11 16:59:00,2,A87,2,A172,1113.01,USD,1113.01,USD,ACH,0
2026-01-11 17:01:00,3,A63,4,A159,75.29,USD,75.29,USD,ACH,0
2026-01-11 17:04:00,4,A144,2,A122,365.3,USD,365.3,USD,ACH,0
2026-01-11 17:04:00,3,A243,2,A62,240.98,USD,240.98,USD,ACH,0
2026-01-11 17:05:00,2,A22,2,A237,210.24,USD,210.24,USD,ACH,0
2026-01-11 17:05:00,4,A194,4,A39,482.49,USD,482.49,USD,ACH,0
2026-01-11 17:09:00,4,A234,4,A229,781.27,USD,781.27,USD,ACH,0
2026-01-11 17:12:00,0,A5,2,A92,132.03,USD,132.03,USD,ACH,0
2026-01-11 17:12:00,1,A201,0,A170,132.19,USD,132.19,USD,ACH,0
2026-01-11 17:13:00,1,A16,3,A143,1041.08,USD,1041.08,USD,ACH,0
2026-01-11 17:13:00,2,A117,2,A77,388.08,USD,388.08,USD,ACH,0
2026-01-11 17:17:00,4,A94,1,A206,661.15,USD,661.15,USD,ACH,0
2026-01-11 17:17:00,1,A101,1,A191,370.29,USD,370.29,USD,ACH,0
2026-01-11 17:17:00,3,A248,4,A159,353.83,USD,353.83,USD,ACH,0
2026-01-11 17:18:00,0,A165,3,A173,156.18,USD,156.18,USD,ACH,0
2026-01-11 17:21:00,3,A98,1,A31,199.62,USD,199.62,USD,ACH,0
2026-01-11 17:22:00,1,A56,1,A296,616.84,USD,616.84,USD,ACH,0
2026-01-11 17:22:00,3,A118,2,A272,1313.83,USD,1313.83,USD,ACH,0
2026-01-11 17:25:00,0,A35,2,A192,1185.88,USD,1185.88,USD,ACH,0
2026-01-11 17:25:00,0,A295,1,A146,295.91,USD,295.91,USD,ACH,0
2026-01-11 17:26:00,2,A222,3,A243,283.43,USD,283.43,USD,ACH,0
2026-01-11 17:27:00,0,A65,1,A291,1231.11,USD,1231.11,USD,ACH,0
2026-01-11 17:27:00,3,A253,3,A233,229.84,USD,229.84,USD,ACH,0
2026-01-11 17:31:00,2,A232,0,A160,149.07,USD,149.07,USD,ACH,0
2026-01-11 17:32:00,1,A71,1,A196,219.97,USD,219.97,USD,ACH,0
2026-01-11 17:33:00,3,A263,1,A141,681.47,USD,681.47,USD,ACH,0
2026-01-11 17:37:00,1,A226,4,A144,220.27,USD,220.27,USD,ACH,0
2026-01-11 17:39:00,2,A267,4,A114,404.64,USD,404.64,USD,ACH,0
2026-01-11 17:39:00,1,A291,1,A141,1111.46,USD,1111.46,USD,ACH,0
2026-01-11 17:43:00,2,A267,4,A224,757.25,USD,757.25,USD,ACH,0
2026-01-11 17:44:00,2,A287,4,A184,643.2,USD,643.2,USD,ACH,0
2026-01-11 17:45:00,1,A91,1,A256,496.04,USD,496.04,USD,ACH,0
2026-01-11 17:45:00,4,A189,2,A147,550.96,USD,550.96,USD,ACH,0
2026-01-11 17:49:00,3,A33,2,A42,122.1,USD,122.1,USD,ACH,1
2026-01-11 17:50:00,2,A12,2,A2,284.87,USD,284.87,USD,ACH,0
2026-01-11 17:52:00,0,A285,3,A103,236.94,USD,236.94,USD,ACH,0
2026-01-11 17:54:00,0,A150,3,A168,112.43,USD,112.43,USD,ACH,0
2026-01-11 17:55:00,3,A173,0,A230,417.68,USD,417.68,USD,ACH,0
2026-01-11 17:57:00,4,A44,3,A173,947.09,USD,947.09,USD,ACH,0
2026-01-12 08:00:00,3,A228,3,A203,588.98,USD,588.98,USD,ACH,0
2026-01-12 08:02:00,3,A168,4,A194,356.66,USD,356.66,USD,ACH,0
2026-01-12 08:02:00,2,A292,1,A31,367.84,USD,367.84,USD,ACH,0
2026-01-12 08:03:00,2,A12,2,A257,465.01,USD,465.01,USD,ACH,0
2026-01-12 08:03:00,4,A279,2,A107,592.56,USD,592.56,USD,ACH,0
2026-01-12 08:04:00,0,A120,2,A127,314.35,USD,314.35,USD,ACH,0
2026-01-12 08:07:00,2,A167,2,A257,1072.75,USD,1072.75,USD,ACH,0
2026-01-12 08:09:00,3,A233,0,A210,125.21,USD,125.21,USD,ACH,0
2026-01-12 08:12:00,3,A118,2,A62,1307.83,USD,1307.83,USD,ACH,0
2026-01-12 08:14:00,2,A157,3,A288,473.78,USD,473.78,USD,ACH,0
2026-01-12 08:16:00,3,A223,0,A90,224.2,USD,224.2,USD,ACH,0
2026-01-12 08:17:00,3,A63,4,A44,2219.06,USD,2219.06,USD,ACH,0
2026-01-12 08:18:00,2,A107,4,A64,304.01,USD,304.01,USD,ACH,0
2026-01-12 08:18:00,3,A208,1,A251,214.29,USD,214.29,USD,ACH,0
2026-01-12 08:18:00,4,A209,2,A282,1451.78,USD,1451.78,USD,ACH,0
2026-01-12 08:18:00,0,A290,0,A135,490.31,USD,490.31,USD,ACH,0
2026-01-12 08:19:00,2,A217,3,A233,399.07,USD,399.07,USD,ACH,0
2026-01-12 08:22:00,3,A258,1,A216,625.58,USD,625.58,USD,ACH,0
2026-01-12 08:27:00,3,A238,0,A265,408.14,USD,408.14,USD,ACH,0
2026-01-12 08:30:00,3,A98,2,A2,702.81,USD,702.81,USD,ACH,0
2026-01-12 08:33:00,4,A54,1,A131,162.79,USD,162.79,USD,ACH,0
2026-01-12 08:33:00,4,A149,2,A42,741.26,USD,741.26,USD,ACH,0
2026-01-12 08:33:00,1,A196,0,A220,228.45,USD,228.45,USD,ACH,0
2026-01-12 08:35:00,4,A264,3,A28,187.32,USD,187.32,USD,ACH,0
2026-01-12 08:36:00,0,A65,0,A290,2307.43,USD,2307.43,USD,ACH,1
2026-01-12 08:37:00,0,A65,0,A20,404.02,USD,404.02,USD,ACH,0
2026-01-12 08:37:00,3,A278,3,A178,803.41,USD,803.41,USD,ACH,0
2026-01-12 08:39:00,1,A26,0,A240,334.25,USD,334.25,USD,ACH,0
2026-01-12 08:39:00,2,A237,0,A75,341.56,USD,341.56,USD,ACH,0
2026-01-12 08:41:00,0,A180,2,A167,226.42,USD,226.42,USD,ACH,0
2026-01-12 08:44:00,1,A81,4,A239,479.78,USD,479.78,USD,ACH,0
2026-01-12 08:45:00,0,A240,3,A153,279.55,USD,279.55,USD,ACH,0
2026-01-12 08:46:00,1,A246,3,A123,361.35,USD,361.35,USD,ACH,0
2026-01-12 08:49:00,0,A45,0,A235,335.2,USD,335.2,USD,ACH,0
2026-01-12 08:50:00,4,A39,1,A211,762.78,USD,762.78,USD,ACH,0
2026-01-12 08:53:00,3,A48,3,A38,1305.84,USD,1305.84,USD,ACH,1
2026-01-12 08:53:00,0,A110,1,A116,203.01,USD,203.01,USD,ACH,0
2026-01-12 08:53:00,3,A218,2,A127,1596.88,USD,1596.88,USD,ACH,0
2026-01-12 08:55:00,2,A57,4,A79,893.57,USD,893.57,USD,ACH,0
2026-01-12 08:56:00,1,A211,2,A252,136.27,USD,136.27,USD,ACH,0
2026-01-12 08:57:00,1,A71,4,A289,175.5,USD,175.5,USD,ACH,0
2026-01-12 08:57:00,1,A231,0,A75,289.36,USD,289.36,USD,ACH,0
2026-01-12 08:58:00,4,A59,4,A19,1651.22,USD,1651.22,USD,ACH,0
2026-01-12 08:58:00,3,A163,3,A28,622.95,USD,622.95,USD,ACH,0
2026-01-12 08:58:00,3,A288,2,A107,908.43,USD,908.43,USD,ACH,0
2026-01-12 08:59:00,4,A19,2,A72,182.53,USD,182.53,USD,ACH,0
2026-01-12 08:59:00,2,A167,2,A292,302.3,USD,302.3,USD,ACH,0
2026-01-12 09:01:00,0,A40,4,A54,923.84,USD,923.84,USD,ACH,0
2026-01-12 09:02:00,0,A95,4,A64,492.26,USD,492.26,USD,ACH,0
2026-01-12 09:05:00,0,A200,4,A79,295.77,USD,295.77,USD,ACH,0
2026-01-12 09:08:00,4,A34,0,A275,223.94,USD,223.94,USD,ACH,0
2026-01-12 09:08:00,3,A68,4,A284,457.97,USD,457.97,USD,ACH,0
2026-01-12 09:08:00,2,A247,1,A96,1062.91,USD,1062.91,USD,ACH,0
2026-01-12 09:09:00,3,A278,0,A5,1051.66,USD,1051.66,USD,ACH,0
2026-01-12 09:11:00,0,A5,3,A218,511.26,USD,511.26,USD,ACH,0
2026-01-12 09:12:00,4,A84,4,A184,313.44,USD,313.44,USD,ACH,0
2026-01-12 09:14:00,1,A56,0,A280,534.12,USD,534.12,USD,ACH,0
2026-01-12 09:14:00,1,A66,4,A54,823.25,USD,823.25,USD,ACH,0
2026-01-12 09:16:00,3,A123,4,A159,782.59,USD,782.59,USD,ACH,0
2026-01-12 09:18:00,2,A97,1,A181,471.89,USD,471.89,USD,ACH,0
2026-01-12 09:22:00,0,A90,2,A127,723.34,USD,723.34,USD,ACH,0
2026-01-12 09:24:00,3,A108,0,A215,761.98,USD,761.98,USD,ACH,0
2026-01-12 09:26:00,0,A195,2,A147,127.33,USD,127.33,USD,ACH,0
2026-01-12 09:27:00,0,A55,3,A23,2439.39,USD,2439.39,USD,ACH,0
2026-01-12 09:27:00,4,A149,0,A265,2596.17,USD,2596.17,USD,ACH,0
2026-01-12 09:29:00,0,A70,2,A2,985.69,USD,985.69,USD,ACH,0
2026-01-12 09:29:00,3,A118,0,A25,656.76,USD,656.76,USD,ACH,0
2026-01-12 09:29:00,4,A119,2,A87,1725.75,USD,1725.75,USD,ACH,0
2026-01-12 09:30:00,2,A87,3,A193,463.72,USD,463.72,USD,ACH,0
2026-01-12 09:33:00,4,A134,2,A92,129.48,USD,129.48,USD,ACH,0
2026-01-12 09:35:00,2,A77,0,A275,446.38,USD,446.38,USD,ACH,1
2026-01-12 09:38:00,0,A135,4,A184,313.38,USD,313.38,USD,ACH,0
2026-01-12 09:40:00,3,A93,1,A266,258.06,USD,258.06,USD,ACH,0
2026-01-12 09:40:00,1,A126,0,A5,834.2,USD,834.2,USD,ACH,0
2026-01-12 09:44:00,4,A14,1,A261,119.63,USD,119.63,USD,ACH,0
2026-01-12 09:45:00,2,A277,4,A229,176.79,USD,176.79,USD,ACH,0
2026-01-12 09:46:00,1,A81,3,A53,403.64,USD,403.64,USD,ACH,0
2026-01-12 09:48:00,3,A128,2,A252,766.53,USD,766.53,USD,ACH,0
2026-01-12 09:49:00,1,A46,0,A140,373.41,USD,373.41,USD,ACH,0
2026-01-12 09:50:00,1,A221,2,A177,94.37,USD,94.37,USD,ACH,0
2026-01-12 09:51:00,3,A158,1,A71,574.51,USD,574.51,USD,ACH,0
2026-01-12 09:52:00,0,A165,1,A141,586.19,USD,586.19,USD,ACH,0
2026-01-12 09:52:00,2,A282,1,A16,296.45,USD,296.45,USD,ACH,0
2026-01-12 09:53:00,4,A74,3,A68,104.55,USD,104.55,USD,ACH,0
2026-01-12 09:53:00,4,A214,2,A237,417.6,USD,417.6,USD,ACH,0
2026-01-12 09:55:00,1,A91,0,A225,88.68,USD,88.68,USD,ACH,0
2026-01-12 09:58:00,0,A30,0,A230,148.4,USD,148.4,USD,ACH,0
2026-01-12 10:00:00,4,A189,4,A29,472.11,USD,472.11,USD,ACH,1
2026-01-12 10:00:00,0,A245,0,A60,336.67,USD,336.67,USD,ACH,0
2026-01-12 10:04:00,3,A13,4,A24,95.47,USD,95.47,USD,ACH,0
2026-01-12 10:04:00,4,A94,2,A7,173.7,USD,173.7,USD,ACH,0
2026-01-12 10:04:00,2,A127,1,A291,1121.01,USD,1121.01,USD,ACH,0
2026-01-12 10:04:00,4,A299,2,A267,1339.74,USD,1339.74,USD,ACH,1
2026-01-12 10:06:00,0,A260,3,A163,511.85,USD,511.85,USD,ACH,0
2026-01-12 10:06:00,4,A299,2,A157,1918.13,USD,1918.13,USD,ACH,0
2026-01-12 10:07:00,2,A47,3,A33,560.01,USD,560.01,USD,ACH,1
2026-01-12 10:07:00,4,A269,0,A115,2069.14,USD,2069.14,USD,ACH,0
2026-01-12 10:12:00,0,A255,4,A279,674.18,USD,674.18,USD,ACH,1
2026-01-12 10:13:00,1,A146,0,A200,90.07,USD,90.07,USD,ACH,0
2026-01-12 10:13:00,2,A197,2,A207,1384.09,USD,1384.09,USD,ACH,0
2026-01-12 10:14:00,0,A15,1,A96,579.68,USD,579.68,USD,ACH,1
2026-01-12 10:17:00,2,A42,4,A269,507.35,USD,507.35,USD,ACH,0
2026-01-12 10:17:00,2,A177,0,A105,291.94,USD,291.94,USD,ACH,0
2026-01-12 10:18:00,4,A259,2,A237,575.16,USD,575.16,USD,ACH,0
2026-01-12 10:21:00,1,A141,4,A289,168.51,USD,168.51,USD,ACH,0
2026-01-12 10:22:00,1,A51,3,A298,608.71,USD,608.71,USD,ACH,0
2026-01-12 10:23:00,2,A187,1,A216,713.39,USD,713.39,USD,ACH,0
2026-01-12 10:24:00,1,A266,1,A201,658.72,USD,658.72,USD,ACH,0
2026-01-12 10:25:00,4,A114,3,A293,855.28,USD,855.28,USD,ACH,0
2026-01-12 10:28:00,1,A41,4,A224,278.89,USD,278.89,USD,ACH,0
2026-01-12 10:28:00,2,A82,2,A292,238.07,USD,238.07,USD,ACH,0
2026-01-12 10:29:00,2,A257,4,A279,213.45,USD,213.45,USD,ACH,0
2026-01-12 10:29:00,3,A283,4,A74,216.46,USD,216.46,USD,ACH,0
2026-01-12 10:30:00,1,A46,1,A61,1112.78,USD,1112.78,USD,ACH,0
2026-01-12 10:32:00,4,A24,0,A245,290.77,USD,290.77,USD,ACH,0
2026-01-12 10:33:00,0,A190,1,A131,400.66,USD,400.66,USD,ACH,0
2026-01-12 10:33:00,3,A203,0,A50,330.89,USD,330.89,USD,ACH,0
2026-01-12 10:35:00,4,A199,2,A177,537.26,USD,537.26,USD,ACH,0
2026-01-12 10:36:00,3,A133,2,A17,442.47,USD,442.47,USD,ACH,0
2026-01-12 10:36:00,1,A276,2,A192,370.54,USD,370.54,USD,ACH,0
2026-01-12 10:37:00,4,A144,1,A181,209.6,USD,209.6,USD,ACH,0
2026-01-12 10:38:00,0,A100,0,A190,376.61,USD,376.61,USD,ACH,0
2026-01-12 10:38:00,4,A209,0,A245,952.93,USD,952.93,USD,ACH,0
2026-01-12 10:39:00,3,A223,1,A66,711.98,USD,711.98,USD,ACH,0
2026-01-12 10:44:00,4,A14,1,A151,464.39,USD,464.39,USD,ACH,0
2026-01-12 10:45:00,3,A113,1,A191,325.33,USD,325.33,USD,ACH,0
2026-01-12 10:46:00,2,A32,1,A146,118.38,USD,118.38,USD,ACH,0
2026-01-12 10:46:00,0,A215,1,A296,538.12,USD,538.12,USD,ACH,0
2026-01-12 10:47:00,3,A103,2,A97,185.36,USD,185.36,USD,ACH,0
2026-01-12 10:47:00,0,A125,1,A276,799.57,USD,799.57,USD,ACH,0
2026-01-12 10:47:00,1,A136,2,A32,428.02,USD,428.02,USD,ACH,0
2026-01-12 10:48:00,4,A9,2,A257,1023.09,USD,1023.09,USD,ACH,0
2026-01-12 10:48:00,2,A287,4,A259,91.87,USD,91.87,USD,ACH,0
2026-01-12 10:49:00,1,A121,0,A270,237.72,USD,237.72,USD,ACH,0
2026-01-12 10:54:00,0,A250,0,A140,606.81,USD,606.81,USD,ACH,0
2026-01-12 10:55:00,4,A79,0,A265,588.35,USD,588.35,USD,ACH,0
2026-01-12 10:55:00,0,A145,3,A168,230.62,USD,230.62,USD,ACH,0
2026-01-12 10:58:00,1,A216,4,A244,1550.73,USD,1550.73,USD,ACH,0
2026-01-12 11:00:00,4,A129,4,A99,247.12,USD,247.12,USD,ACH,0
2026-01-12 11:03:00,2,A242,1,A226,290.27,USD,290.27,USD,ACH,0
2026-01-12 11:03:00,1,A281,1,A216,263.32,USD,263.32,USD,ACH,0
2026-01-12 11:04:00,1,A131,2,A17,951.2,USD,951.2,USD,ACH,0
2026-01-12 11:05:00,2,A137,0,A95,713.65,USD,713.65,USD,ACH,0
2026-01-12 11:07:00,4,A174,0,A255,432.06,USD,432.06,USD,ACH,0
2026-01-12 11:09:00,2,A2,3,A28,238.18,USD,238.18,USD,ACH,0
2026-01-12 11:09:00,4,A159,4,A104,271.24,USD,271.24,USD,ACH,0
2026-01-12 11:11:00,1,A176,4,A154,466.3,USD,466.3,USD,ACH,0
2026-01-12 11:18:00,0,A25,1,A281,278.4,USD,278.4,USD,ACH,0
2026-01-12 11:18:00,4,A169,0,A140,1095.81,USD,1095.81,USD,ACH,0
2026-01-12 11:20:00,3,A108,1,A211,994.76,USD,994.76,USD,ACH,0
2026-01-12 11:20:00,4,A139,3,A213,761.72,USD,761.72,USD,ACH,0
2026-01-12 11:22:00,2,A77,1,A141,317.76,USD,317.76,USD,ACH,0
2026-01-12 11:23:00,1,A111,0,A25,307.67,USD,307.67,USD,ACH,0
2026-01-12 11:24:00,2,A7,4,A209,700.2,USD,700.2,USD,ACH,0
2026-01-12 11:25:00,4,A59,2,A47,450.68,USD,450.68,USD,ACH,0
2026-01-12 11:29:00,3,A143,4,A94,398.15,USD,398.15,USD,ACH,0
2026-01-12 11:29:00,4,A234,3,A138,1402.9,USD,1402.9,USD,ACH,0
2026-01-12 11:30:00,2,A212,4,A259,385.15,USD,385.15,USD,ACH,0
2026-01-12 11:35:00,2,A202,1,A51,636.59,USD,636.59,USD,ACH,0
2026-01-12 11:37:00,3,A98,2,A242,2668.65,USD,2668.65,USD,ACH,0
2026-01-12 11:41:00,4,A144,2,A182,246.33,USD,246.33,USD,ACH,0
2026-01-12 11:42:00,1,A291,3,A253,389.99,USD,389.99,USD,ACH,0
2026-01-12 11:44:00,3,A193,0,A40,276.51,USD,276.51,USD,ACH,0
2026-01-12 11:44:00,0,A205,2,A167,377.01,USD,377.01,USD,ACH,0
2026-01-12 11:45:00,0,A285,1,A166,499.15,USD,499.15,USD,ACH,0
2026-01-12 11:47:00,3,A8,0,A55,1197.07,USD,1197.07,USD,ACH,0
2026-01-12 11:48:00,1,A86,3,A43,279.99,USD,279.99,USD,ACH,0
2026-01-12 11:48:00,2,A127,4,A294,270.45,USD,270.45,USD,ACH,0
2026-01-12 11:48:00,1,A156,2,A62,1060.39,USD,1060.39,USD,ACH,0
2026-01-12 11:51:00,0,A210,3,A113,205.15,USD,205.15,USD,ACH,0
2026-01-12 11:52:00,3,A173,2,A72,1904.38,USD,1904.38,USD,ACH,0
2026-01-12 11:53:00,0,A270,2,A97,144.17,USD,144.17,USD,ACH,0
2026-01-12 11:53:00,0,A275,0,A45,480.7,USD,480.7,USD,ACH,0
2026-01-12 11:55:00,4,A49,1,A6,155.78,USD,155.78,USD,ACH,0
2026-01-12 11:56:00,3,A258,2,A62,1446.32,USD,1446.32,USD,ACH,0
2026-01-12 11:58:00,1,A296,3,A143,330.76,USD,330.76,USD,ACH,0
2026-01-12 12:00:00,2,A27,0,A20,1281.01,USD,1281.01,USD,Wire,0
2026-01-12 12:01:00,4,A39,2,A32,1561.84,USD,1561.84,USD,Wire,0
2026-01-12 12:01:00,3,A178,3,A173,1632.52,USD,1632.52,USD,ACH,0
2026-01-12 12:02:00,2,A17,0,A10,1492.85,USD,1492.85,USD,Wire,0
2026-01-12 12:02:00,1,A101,4,A269,86.19,USD,86.19,USD,ACH,0
2026-01-12 12:02:00,2,A187,4,A244,359.32,USD,359.32,USD,ACH,0
2026-01-12 12:02:00,0,A285,3,A278,2603.18,USD,2603.18,USD,Wire,0
2026-01-12 12:04:00,2,A122,4,A199,67.6,USD,67.6,USD,ACH,0
2026-01-12 12:04:00,2,A262,0,A255,2162.2,USD,2162.2,USD,Wire,0
2026-01-12 12:04:00,4,A289,2,A282,1578.8,USD,1578.8,USD,Wire,0
2026-01-12 12:05:00,0,A75,3,A68,2993.32,USD,2993.32,USD,Wire,0
2026-01-12 12:05:00,1,A106,4,A99,3030.92,USD,3030.92,USD,Wire,0
2026-01-12 12:05:00,4,A144,2,A137,2504.83,USD,2504.83,USD,Wire,0
2026-01-12 12:05:00,2,A247,4,A219,504.78,USD,504.78,USD,ACH,0
2026-01-12 12:05:00,1,A1,4,A294,1942.09,USD,1942.09,USD,Wire,0
2026-01-12 12:06:00,4,A24,2,A17,2575.37,USD,2575.37,USD,Wire,0
2026-01-12 12:06:00,2,A52,0,A45,2426.03,USD,2426.03,USD,Wire,0
2026-01-12 12:06:00,0,A50,3,A218,423.17,USD,423.17,USD,ACH,0
2026-01-12 12:06:00,4,A94,2,A87,2677.29,USD,2677.29,USD,Wire,0
2026-01-12 12:06:00,0,A125,3,A118,2866.13,USD,2866.13,USD,Wire,0
2026-01-12 12:06:00,3,A128,4,A294,692.38,USD,692.38,USD,ACH,0
2026-01-12 12:06:00,4,A164,2,A157,2642.82,USD,2642.82,USD,Wire,0
2026-01-12 12:06:00,4,A239,2,A232,1607.47,USD,1607.47,USD,Wire,0
2026-01-12 12:06:00,3,A263,4,A44,550.12,USD,550.12,USD,ACH,0
2026-01-12 12:07:00,4,A54,2,A47,2401.26,USD,2401.26,USD,Wire,0
2026-01-12 12:07:00,1,A141,3,A88,196.69,USD,196.69,USD,ACH,0
2026-01-12 12:07:00,4,A284,2,A277,2713.45,USD,2713.45,USD,Wire,0
2026-01-12 12:08:00,0,A225,3,A218,2998.35,USD,2998.35,USD,Wire,0
2026-01-12 12:08:00,4,A254,2,A247,2767.49,USD,2767.49,USD,Wire,0
2026-01-12 12:08:00,1,A281,4,A274,1852.11,USD,1852.11,USD,Wire,0
2026-01-12 12:09:00,1,A186,4,A179,3080.17,USD,3080.17,USD,Wire,0
2026-01-12 12:10:00,0,A50,3,A43,1955.92,USD,1955.92,USD,Wire,0
2026-01-12 12:10:00,2,A92,0,A85,2114.95,USD,2114.95,USD,Wire,0
2026-01-12 12:10:00,2,A172,0,A165,2130.15,USD,2130.15,USD,Wire,0
2026-01-12 12:10:00,1,A211,4,A204,1976.25,USD,1976.25,USD,Wire,0
2026-01-12 12:10:00,0,A215,3,A208,2843.04,USD,2843.04,USD,Wire,0
2026-01-12 12:11:00,2,A282,0,A275,2323.45,USD,2323.45,USD,Wire,0
2026-01-12 12:12:00,0,A240,3,A233,2037.5,USD,2037.5,USD,Wire,0
2026-01-12 12:13:00,2,A137,0,A130,1250.98,USD,1250.98,USD,Wire,0
2026-01-12 12:13:00,3,A148,3,A143,1004.6,USD,1004.6,USD,ACH,0
2026-01-12 12:13:00,0,A230,1,A291,364.72,USD,364.72,USD,ACH,0
2026-01-12 12:13:00,1,A291,4,A284,1807.44,USD,1807.44,USD,Wire,0
2026-01-12 12:14:00,1,A6,4,A159,667.95,USD,667.95,USD,ACH,0
2026-01-12 12:14:00,1,A226,1,A266,361.35,USD,361.35,USD,ACH,0
2026-01-12 12:14:00,4,A234,2,A227,2791.71,USD,2791.71,USD,Wire,0
2026-01-12 12:14:00,0,A295,1,A266,832.94,USD,832.94,USD,ACH,0
2026-01-12 12:15:00,2,A172,4,A184,190.33,USD,190.33,USD,ACH,0
2026-01-12 12:15:00,1,A276,4,A269,3097.1,USD,3097.1,USD,Wire,0
2026-01-12 12:17:00,1,A61,1,A156,1072.64,USD,1072.64,USD,ACH,0
2026-01-12 12:17:00,3,A143,1,A136,2698.45,USD,2698.45,USD,Wire,0
2026-01-12 12:18:00,1,A116,4,A109,2980.99,USD,2980.99,USD,Wire,0
2026-01-12 12:18:00,1,A241,4,A244,244.62,USD,244.62,USD,ACH,0
2026-01-12 12:19:00,2,A202,0,A195,2036.98,USD,2036.98,USD,Wire,0
2026-01-12 12:20:00,0,A20,3,A33,1226.9,USD,1226.9,USD,Wire,0
2026-01-12 12:20:00,4,A164,4,A299,73.89,USD,73.89,USD,ACH,0
2026-01-12 12:21:00,2,A32,0,A45,1407.38,USD,1407.38,USD,Wire,0
2026-01-12 12:22:00,0,A10,3,A23,1436.73,USD,1436.73,USD,Wire,0
2026-01-12 12:22:00,3,A278,1,A291,2482.8,USD,2482.8,USD,Wire,0
2026-01-12 12:24:00,4,A254,0,A10,1152.33,USD,1152.33,USD,ACH,0
2026-01-12 12:24:00,0,A255,3,A268,2064.8,USD,2064.8,USD,Wire,0
2026-01-12 12:24:00,2,A282,0,A295,1555.97,USD,1555.97,USD,Wire,0
2026-01-12 12:25:00,3,A68,1,A81,2948.33,USD,2948.33,USD,Wire,0
2026-01-12 12:25:00,4,A99,2,A112,2873.21,USD,2873.21,USD,Wire,0
2026-01-12 12:25:00,2,A137,0,A150,2469.77,USD,2469.77,USD,Wire,0
2026-01-12 12:25:00,4,A294,2,A7,1851.38,USD,1851.38,USD,Wire,0
2026-01-12 12:26:00,2,A17,0,A30,2527.7,USD,2527.7,USD,Wire,0
2026-01-12 12:26:00,0,A45,3,A58,2272.67,USD,2272.67,USD,Wire,0
2026-01-12 12:26:00,2,A87,0,A100,2538.23,USD,2538.23,USD,Wire,0
2026-01-12 12:26:00,3,A118,1,A131,2800.6,USD,2800.6,USD,Wire,0
2026-01-12 12:26:00,2,A157,0,A170,2528.63,USD,2528.63,USD,Wire,0
2026-01-12 12:26:00,2,A232,0,A245,1554.21,USD,1554.21,USD,Wire,0
2026-01-12 12:27:00,2,A47,0,A60,2352.69,USD,2352.69,USD,Wire,0
2026-01-12 12:27:00,1,A76,3,A138,133.25,USD,133.25,USD,ACH,0
2026-01-12 12:27:00,2,A277,0,A290,2443.1,USD,2443.1,USD,Wire,0
2026-01-12 12:28:00,3,A218,1,A231,2963.28,USD,2963.28,USD,Wire,0
2026-01-12 12:28:00,2,A247,0,A260,2583.82,USD,2583.82,USD,Wire,0
2026-01-12 12:28:00,4,A274,2,A287,1753.04,USD,1753.04,USD,Wire,0
2026-01-12 12:29:00,4,A179,2,A192,3005.85,USD,3005.85,USD,Wire,0
2026-01-12 12:29:00,2,A257,1,A221,163.41,USD,163.41,USD,ACH,1
2026-01-12 12:30:00,1,A1,1,A256,194.83,USD,194.83,USD,ACH,0
2026-01-12 12:30:00,3,A43,1,A56,1894.96,USD,1894.96,USD,Wire,0
2026-01-12 12:30:00,0,A85,3,A98,2027.01,USD,2027.01,USD,Wire,0
2026-01-12 12:30:00,0,A165,3,A178,2094.77,USD,2094.77,USD,Wire,0
2026-01-12 12:30:00,3,A173,0,A95,940.37,USD,940.37,USD,ACH,0
2026-01-12 12:30:00,4,A204,2,A217,1806.72,USD,1806.72,USD,Wire,0
2026-01-12 12:30:00,3,A208,1,A221,2577.75,USD,2577.75,USD,Wire,0
2026-01-12 12:31:00,4,A154,3,A128,146.74,USD,146.74,USD,ACH,0
2026-01-12 12:31:00,0,A275,3,A288,2143.99,USD,2143.99,USD,Wire,0
2026-01-12 12:31:00,4,A284,3,A83,1514.67,USD,1514.67,USD,ACH,0
2026-01-12 12:32:00,3,A233,1,A246,1864.63,USD,1864.63,USD,Wire,0
2026-01-12 12:33:00,0,A130,3,A143,1166.44,USD,1166.44,USD,Wire,0
2026-01-12 12:33:00,4,A284,2,A297,1709.39,USD,1709.39,USD,Wire,0
2026-01-12 12:34:00,3,A88,0,A295,856.62,USD,856.62,USD,ACH,0
2026-01-12 12:34:00,2,A227,0,A240,2593.55,USD,2593.55,USD,Wire,0
2026-01-12 12:35:00,4,A269,2,A282,2864.19,USD,2864.19,USD,Wire,0
2026-01-12 12:37:00,1,A136,4,A149,2609.57,USD,2609.57,USD,Wire,0
2026-01-12 12:38:00,4,A74,2,A97,380.65,USD,380.65,USD,ACH,0
2026-01-12 12:38:00,4,A109,2,A122,2831.54,USD,2831.54,USD,Wire,0
2026-01-12 12:39:00,0,A195,3,A208,1911.58,USD,1911.58,USD,Wire,0
2026-01-12 12:39:00,3,A198,3,A288,303.02,USD,303.02,USD,ACH,0
2026-01-12 12:41:00,0,A80,2,A42,373.03,USD,373.03,USD,ACH,0
2026-01-12 12:41:00,2,A277,2,A232,571.91,USD,571.91,USD,ACH,0
2026-01-12 12:44:00,2,A232,0,A70,212.29,USD,212.29,USD,ACH,0
2026-01-12 12:46:00,0,A140,2,A192,83.74,USD,83.74,USD,ACH,0
2026-01-12 12:46:00,2,A262,2,A287,599.62,USD,599.62,USD,ACH,0
2026-01-12 12:48:00,0,A220,1,A126,66.69,USD,66.69,USD,ACH,0
2026-01-12 12:50:00,4,A139,2,A237,195.27,USD,195.27,USD,ACH,0
2026-01-12 12:50:00,3,A168,0,A205,383.27,USD,383.27,USD,ACH,1
2026-01-12 12:53:00,2,A217,4,A239,474.73,USD,474.73,USD,ACH,0
2026-01-12 12:55:00,0,A205,0,A280,1237.49,USD,1237.49,USD,ACH,0
2026-01-12 12:56:00,0,A225,2,A187,505.04,USD,505.04,USD,ACH,0
2026-01-12 12:57:00,4,A179,3,A158,229.35,USD,229.35,USD,ACH,0
2026-01-12 12:58:00,4,A124,3,A198,520.9,USD,520.9,USD,ACH,0
2026-01-12 12:58:00,3,A158,1,A166,455.83,USD,455.83,USD,ACH,0
2026-01-12 13:02:00,4,A19,4,A204,564.62,USD,564.62,USD,ACH,0
2026-01-12 13:03:00,4,A204,1,A186,271.87,USD,271.87,USD,ACH,0
2026-01-12 13:04:00,3,A78,3,A263,1435.29,USD,1435.29,USD,ACH,0
2026-01-12 13:07:00,4,A234,4,A289,100.38,USD,100.38,USD,ACH,0
2026-01-12 13:09:00,2,A17,3,A138,540.44,USD,540.44,USD,ACH,0
2026-01-12 13:11:00,1,A111,4,A234,186.19,USD,186.19,USD,ACH,0
2026-01-12 13:11:00,1,A171,3,A68,382.64,USD,382.64,USD,ACH,0
2026-01-12 13:11:00,0,A280,3,A283,381.39,USD,381.39,USD,ACH,0
2026-01-12 13:12:00,4,A44,1,A46,566.14,USD,566.14,USD,ACH,0
2026-01-12 13:13:00,2,A42,4,A269,562.01,USD,562.01,USD,ACH,0
2026-01-12 13:14:00,4,A194,1,A116,298.14,USD,298.14,USD,ACH,0
2026-01-12 13:17:00,1,A216,2,A112,1241.04,USD,1241.04,USD,ACH,0
2026-01-12 13:19:00,2,A152,0,A40,225.81,USD,225.81,USD,ACH,0
2026-01-12 13:20:00,3,A3,2,A77,380.38,USD,380.38,USD,ACH,0
2026-01-12 13:23:00,0,A10,2,A42,134.96,USD,134.96,USD,ACH,0
2026-01-12 13:24:00,4,A219,2,A177,271.22,USD,271.22,USD,ACH,1
2026-01-12 13:26:00,4,A169,2,A257,704.06,USD,704.06,USD,ACH,0
2026-01-12 13:26:00,3,A253,2,A97,354.48,USD,354.48,USD,ACH,0
2026-01-12 13:28:00,3,A68,2,A147,371.93,USD,371.93,USD,ACH,0
2026-01-12 13:29:00,4,A109,1,A261,1181.47,USD,1181.47,USD,ACH,0
2026-01-12 13:29:00,3,A188,4,A164,838.89,USD,838.89,USD,ACH,0
2026-01-12 13:32:00,4,A294,1,A211,230.56,USD,230.56,USD,ACH,0
2026-01-12 13:34:00,1,A251,2,A22,150.46,USD,150.46,USD,ACH,0
2026-01-12 13:36:00,4,A184,4,A249,594.35,USD,594.35,USD,ACH,0
2026-01-12 13:36:00,1,A286,4,A239,327.21,USD,327.21,USD,ACH,0
2026-01-12 13:38:00,3,A103,3,A263,178.92,USD,178.92,USD,ACH,0
2026-01-12 13:38:00,1,A201,2,A232,498.23,USD,498.23,USD,ACH,0
2026-01-12 13:39:00,1,A41,0,A50,209.55,USD,209.55,USD,ACH,0
2026-01-12 13:39:00,2,A132,3,A98,224.33,USD,224.33,USD,ACH,0
2026-01-12 13:39:00,0,A230,1,A21,239.19,USD,239.19,USD,ACH,0
2026-01-12 13:39:00,3,A298,1,A136,182.79,USD,182.79,USD,ACH,0
2026-01-12 13:40:00,4,A104,4,A284,608.34,USD,608.34,USD,ACH,0
2026-01-12 13:41:00,0,A130,0,A245,229.07,USD,229.07,USD,ACH,0
2026-01-12 13:42:00,3,A273,0,A135,544.57,USD,544.57,USD,ACH,0
2026-01-12 13:47:00,1,A156,2,A27,194.51,USD,194.51,USD,ACH,0
2026-01-12 13:48:00,0,A20,4,A179,283.59,USD,283.59,USD,ACH,0
2026-01-12 13:50:00,3,A88,1,A141,954.69,USD,954.69,USD,ACH,0
2026-01-12 13:53:00,0,A245,3,A283,341.84,USD,341.84,USD,ACH,0
2026-01-12 13:55:00,1,A116,1,A171,156.01,USD,156.01,USD,ACH,1
2026-01-12 13:55:00,1,A236,3,A28,336.27,USD,336.27,USD,ACH,0
2026-01-12 13:56:00,0,A155,2,A207,683.74,USD,683.74,USD,ACH,0
2026-01-12 13:58:00,2,A222,2,A92,290.97,USD,290.97,USD,ACH,0
2026-01-12 13:59:00,0,A35,2,A277,1310.52,USD,1310.52,USD,ACH,0
2026-01-12 13:59:00,1,A166,0,A210,626.0,USD,626.0,USD,ACH,0
2026-01-12 14:00:00,1,A76,0,A20,719.73,USD,719.73,USD,ACH,0
2026-01-12 14:00:00,3,A228,2,A182,440.36,USD,440.36,USD,ACH,0
2026-01-12 14:00:00,1,A261,0,A255,285.67,USD,285.67,USD,ACH,0
2026-01-12 14:01:00,3,A38,1,A236,694.08,USD,694.08,USD,ACH,0
2026-01-12 14:03:00,0,A170,3,A98,131.65,USD,131.65,USD,ACH,0
2026-01-12 14:03:00,1,A221,1,A271,189.74,USD,189.74,USD,ACH,0
2026-01-12 14:06:00,4,A109,4,A169,781.41,USD,781.41,USD,ACH,0
2026-01-12 14:07:00,3,A138,0,A15,407.02,USD,407.02,USD,ACH,0
2026-01-12 14:10:00,4,A244,2,A257,374.41,USD,374.41,USD,ACH,0
2026-01-12 14:12:00,1,A16,0,A30,906.66,USD,906.66,USD,ACH,0
2026-01-12 14:14:00,3,A23,2,A17,164.79,USD,164.79,USD,ACH,0
2026-01-12 14:16:00,3,A73,3,A168,222.26,USD,222.26,USD,ACH,0
2026-01-12 14:16:00,2,A242,1,A176,88.54,USD,88.54,USD,ACH,0
2026-01-12 14:16:00,2,A272,3,A113,207.26,USD,207.26,USD,ACH,0
2026-01-12 14:19:00,3,A58,3,A78,655.62,USD,655.62,USD,ACH,0
2026-01-12 14:21:00,4,A34,3,A63,220.68,USD,220.68,USD,ACH,0
2026-01-12 14:21:00,3,A283,0,A140,154.54,USD,154.54,USD,ACH,0
2026-01-12 14:22:00,2,A252,4,A59,389.75,USD,389.75,USD,ACH,0
2026-01-12 14:23:00,3,A28,3,A228,288.87,USD,288.87,USD,ACH,0
2026-01-12 14:23:00,0,A210,3,A3,92.57,USD,92.57,USD,ACH,0
2026-01-12 14:25:00,2,A117,3,A118,583.52,USD,583.52,USD,ACH,0
2026-01-12 14:26:00,1,A96,3,A68,477.71,USD,477.71,USD,ACH,0
2026-01-12 14:26:00,2,A227,2,A167,1210.81,USD,1210.81,USD,ACH,0
2026-01-12 14:27:00,1,A271,1,A216,106.83,USD,106.83,USD,ACH,0
2026-01-12 14:28:00,4,A49,3,A113,251.0,USD,251.0,USD,ACH,0
2026-01-12 14:28:00,2,A207,2,A177,225.12,USD,225.12,USD,ACH,0
2026-01-12 14:30:00,2,A112,2,A82,200.33,USD,200.33,USD,ACH,0
2026-01-12 14:30:00,4,A274,4,A44,422.22,USD,422.22,USD,ACH,0
2026-01-12 14:31:00,4,A229,1,A151,2314.26,USD,2314.26,USD,ACH,0
2026-01-12 14:32:00,3,A13,4,A79,388.88,USD,388.88,USD,ACH,0
2026-01-12 14:32:00,0,A85,2,A292,85.32,USD,85.32,USD,ACH,0
2026-01-12 14:32:00,0,A175,2,A227,265.71,USD,265.71,USD,ACH,0
2026-01-12 14:34:00,3,A263,0,A275,924.26,USD,924.26,USD,ACH,0
2026-01-12 14:37:00,2,A107,4,A299,447.1,USD,447.1,USD,ACH,0
2026-01-12 14:42:00,0,A5,0,A110,448.79,USD,448.79,USD,ACH,0
2026-01-12 14:44:00,3,A248,1,A191,1093.0,USD,1093.0,USD,ACH,0
2026-01-12 14:46:00,1,A186,3,A78,2414.2,USD,2414.2,USD,ACH,0
2026-01-12 14:48:00,3,A23,0,A175,57.51,USD,57.51,USD,ACH,0
2026-01-12 14:48:00,0,A220,2,A177,229.29,USD,229.29,USD,ACH,0
2026-01-12 14:51:00,0,A35,3,A28,243.03,USD,243.03,USD,ACH,0
2026-01-12 14:52:00,1,A191,2,A272,232.27,USD,232.27,USD,ACH,0
2026-01-12 14:54:00,2,A92,4,A49,78.44,USD,78.44,USD,ACH,0
2026-01-12 14:54:00,0,A235,4,A34,301.39,USD,301.39,USD,ACH,0
2026-01-12 14:54:00,2,A297,3,A8,599.99,USD,599.99,USD,ACH,0
2026-01-12 14:56:00,0,A235,4,A229,707.3,USD,707.3,USD,ACH,0
2026-01-12 14:57:00,4,A199,3,A53,412.26,USD,412.26,USD,ACH,0
2026-01-12 14:58:00,3,A93,1,A166,324.26,USD,324.26,USD,ACH,0
2026-01-12 15:01:00,1,A256,0,A35,162.18,USD,162.18,USD,ACH,0
2026-01-12 15:02:00,0,A60,0,A110,253.9,USD,253.9,USD,ACH,0
2026-01-12 15:02:00,1,A186,4,A99,1710.98,USD,1710.98,USD,ACH,0
2026-01-12 15:05:00,2,A72,2,A202,610.39,USD,610.39,USD,ACH,0
2026-01-12 15:05:00,0,A250,4,A274,413.32,USD,413.32,USD,ACH,0
2026-01-12 15:06:00,3,A268,2,A92,1410.62,USD,1410.62,USD,ACH,0
2026-01-12 15:07:00,4,A29,0,A215,130.18,USD,130.18,USD,ACH,0
2026-01-12 15:09:00,3,A53,4,A24,168.58,USD,168.58,USD,ACH,0
2026-01-12 15:10:00,3,A18,2,A172,395.47,USD,395.47,USD,ACH,0
2026-01-12 15:12:00,2,A37,2,A112,246.47,USD,246.47,USD,ACH,0
2026-01-12 15:13:00,4,A214,3,A268,339.12,USD,339.12,USD,ACH,0
2026-01-12 15:13:00,3,A243,1,A96,882.97,USD,882.97,USD,ACH,1
2026-01-12 15:14:00,3,A33,2,A92,239.56,USD,239.56,USD,ACH,0
2026-01-12 15:14:00,4,A249,0,A85,652.42,USD,652.42,USD,ACH,0
2026-01-12 15:15:00,0,A75,4,A174,2075.1,USD,2075.1,USD,ACH,0
2026-01-12 15:16:00,0,A30,4,A204,232.21,USD,232.21,USD,ACH,0
2026-01-12 15:16:00,3,A188,4,A299,1137.95,USD,1137.95,USD,ACH,0
2026-01-12 15:19:00,0,A130,1,A276,417.42,USD,417.42,USD,ACH,0
2026-01-12 15:23:00,0,A105,2,A82,403.25,USD,403.25,USD,ACH,0
2026-01-12 15:23:00,3,A213,1,A261,297.33,USD,297.33,USD,ACH,0
2026-01-12 15:24:00,4,A189,2,A62,783.15,USD,783.15,USD,ACH,0
2026-01-12 15:27:00,0,A15,4,A59,3475.72,USD,3475.72,USD,ACH,0
2026-01-12 15:27:00,2,A192,3,A288,409.07,USD,409.07,USD,ACH,0
2026-01-12 15:30:00,0,A50,0,A255,281.39,USD,281.39,USD,ACH,0
2026-01-12 15:31:00,3,A138,3,A38,2141.13,USD,2141.13,USD,ACH,0
2026-01-12 15:34:00,4,A269,3,A133,798.16,USD,798.16,USD,ACH,0
2026-01-12 15:35:00,4,A4,0,A10,1244.33,USD,1244.33,USD,ACH,0
2026-01-12 15:35:00,1,A36,0,A5,429.97,USD,429.97,USD,ACH,0
2026-01-12 15:35:00,1,A246,4,A294,462.75,USD,462.75,USD,ACH,0
2026-01-12 15:36:00,4,A204,0,A245,248.72,USD,248.72,USD,ACH,0
2026-01-12 15:36:00,0,A295,2,A182,444.15,USD,444.15,USD,ACH,0
2026-01-12 15:38:00,1,A21,2,A237,202.24,USD,202.24,USD,ACH,0
2026-01-12 15:38:00,2,A142,4,A94,1021.37,USD,1021.37,USD,ACH,0
2026-01-12 15:39:00,1,A196,3,A228,452.41,USD,452.41,USD,ACH,0
2026-01-12 15:40:00,4,A64,3,A278,202.95,USD,202.95,USD,ACH,0
2026-01-12 15:42:00,3,A43,2,A27,106.47,USD,106.47,USD,ACH,0
2026-01-12 15:44:00,4,A159,3,A298,426.3,USD,426.3,USD,ACH,0
2026-01-12 15:45:00,4,A39,3,A63,293.18,USD,293.18,USD,ACH,0
2026-01-12 15:45:00,3,A288,2,A242,258.96,USD,258.96,USD,ACH,0
2026-01-12 15:47:00,3,A8,4,A109,880.77,USD,880.77,USD,ACH,0
2026-01-12 15:47:00,0,A55,1,A86,449.71,USD,449.71,USD,ACH,0
2026-01-12 15:47:00,4,A129,4,A294,508.8,USD,508.8,USD,ACH,0
2026-01-12 15:47:00,3,A178,0,A175,1109.92,USD,1109.92,USD,ACH,0
2026-01-12 15:48:00,3,A83,2,A12,150.36,USD,150.36,USD,ACH,0
2026-01-12 15:49:00,2,A102,4,A254,572.41,USD,572.41,USD,ACH,0
2026-01-12 15:50:00,1,A106,1,A166,140.71,USD,140.71,USD,ACH,0
2026-01-12 15:50:00,2,A147,3,A133,145.9,USD,145.9,USD,ACH,0
2026-01-12 15:51:00,0,A195,2,A207,148.66,USD,148.66,USD,ACH,0
2026-01-12 15:53:00,0,A0,4,A19,153.31,USD,153.31,USD,ACH,0
2026-01-12 15:55:00,2,A7,4,A269,1016.61,USD,1016.61,USD,ACH,0
2026-01-12 15:57:00,2,A117,1,A156,2067.15,USD,2067.15,USD,ACH,0
2026-01-12 15:59:00,2,A137,3,A198,632.42,USD,632.42,USD,ACH,0
2026-01-12 15:59:00,1,A181,4,A174,127.29,USD,127.29,USD,ACH,0
2026-01-12 16:00:00,0,A150,2,A277,89.67,USD,89.67,USD,ACH,0
2026-01-12 16:01:00,2,A232,1,A206,57.77,USD,57.77,USD,ACH,0
2026-01-12 16:05:00,1,A226,2,A122,414.11,USD,414.11,USD,ACH,0
2026-01-12 16:06:00,2,A67,0,A160,411.34,USD,411.34,USD,ACH,0
2026-01-12 16:07:00,1,A151,0,A270,221.53,USD,221.53,USD,ACH,0
2026-01-12 16:08:00,2,A152,2,A112,320.27,USD,320.27,USD,ACH,1
2026-01-12 16:17:00,1,A31,0,A145,279.47,USD,279.47,USD,ACH,0
2026-01-12 16:19:00,1,A116,1,A266,1210.65,USD,1210.65,USD,ACH,1
2026-01-12 16:19:00,0,A150,0,A80,122.96,USD,122.96,USD,ACH,0
2026-01-12 16:22:00,3,A148,0,A155,621.76,USD,621.76,USD,ACH,0
2026-01-12 16:26:00,0,A275,0,A95,621.83,USD,621.83,USD,ACH,0
2026-01-12 16:28:00,4,A254,0,A10,510.17,USD,510.17,USD,ACH,0
2026-01-12 16:31:00,4,A154,4,A29,525.03,USD,525.03,USD,ACH,0
2026-01-12 16:31:00,1,A191,1,A151,309.16,USD,309.16,USD,ACH,0
2026-01-12 16:31:00,2,A237,2,A42,519.97,USD,519.97,USD,ACH,0
2026-01-12 16:31:00,2,A267,0,A280,764.11,USD,764.11,USD,ACH,0
2026-01-12 16:33:00,4,A89,3,A203,2808.0,USD,2808.0,USD,ACH,0
2026-01-12 16:34:00,4,A224,4,A234,162.79,USD,162.79,USD,ACH,0
2026-01-12 16:36:00,0,A265,4,A199,424.34,USD,424.34,USD,ACH,0
2026-01-12 16:40:00,4,A229,2,A282,509.0,USD,509.0,USD,ACH,0
2026-01-12 16:40:00,0,A255,1,A221,570.7,USD,570.7,USD,ACH,0
2026-01-12 16:42:00,0,A225,0,A150,258.45,USD,258.45,USD,ACH,0
2026-01-12 16:42:00,3,A273,2,A222,224.84,USD,224.84,USD,ACH,0
2026-01-12 16:44:00,4,A4,0,A95,160.91,USD,160.91,USD,ACH,0
2026-01-12 16:47:00,4,A29,3,A183,861.53,USD,861.53,USD,ACH,0
2026-01-12 16:50:00,0,A185,3,A193,199.93,USD,199.93,USD,ACH,0
2026-01-12 16:51:00,2,A22,1,A251,615.6,USD,615.6,USD,ACH,0
2026-01-12 16:52:00,2,A162,2,A107,488.43,USD,488.43,USD,ACH,0
2026-01-12 16:56:00,1,A206,0,A30,708.37,USD,708.37,USD,ACH,0
2026-01-12 16:59:00,1,A261,2,A197,327.63,USD,327.63,USD,ACH,0
2026-01-12 17:02:00,2,A62,4,A189,993.34,USD,993.34,USD,ACH,0
2026-01-12 17:02:00,3,A113,3,A268,277.45,USD,277.45,USD,ACH,0
2026-01-12 17:04:00,1,A26,0,A110,436.71,USD,436.71,USD,ACH,0
2026-01-12 17:04:00,3,A33,4,A199,372.06,USD,372.06,USD,ACH,0
2026-01-12 17:05:00,1,A31,4,A69,573.81,USD,573.81,USD,ACH,0
2026-01-12 17:05:00,3,A183,3,A213,431.0,USD,431.0,USD,ACH,0
2026-01-12 17:06:00,2,A182,0,A240,653.03,USD,653.03,USD,ACH,0
2026-01-12 17:07:00,2,A27,0,A190,567.38,USD,567.38,USD,ACH,0
2026-01-12 17:08:00,2,A57,1,A41,210.57,USD,210.57,USD,ACH,0
2026-01-12 17:10:00,2,A112,3,A263,723.97,USD,723.97,USD,ACH,0
2026-01-12 17:11:00,4,A274,4,A64,400.29,USD,400.29,USD,ACH,0
2026-01-12 17:13:00,2,A132,0,A135,288.78,USD,288.78,USD,ACH,0
2026-01-12 17:14:00,4,A239,3,A63,452.17,USD,452.17,USD,ACH,0
2026-01-12 17:19:00,4,A69,0,A25,588.68,USD,588.68,USD,ACH,0
2026-01-12 17:20:00,3,A218,1,A276,2456.11,USD,2456.11,USD,ACH,0
2026-01-12 17:21:00,2,A82,0,A5,837.68,USD,837.68,USD,ACH,0
2026-01-12 17:21:00,0,A170,1,A111,335.1,USD,335.1,USD,ACH,0
2026-01-12 17:23:00,2,A142,4,A144,97.74,USD,97.74,USD,ACH,0
2026-01-12 17:24:00,3,A208,3,A293,457.15,USD,457.15,USD,ACH,0
2026-01-12 17:27:00,4,A219,3,A168,313.61,USD,313.61,USD,ACH,0
2026-01-12 17:28:00,2,A182,3,A158,198.11,USD,198.11,USD,ACH,0
2026-01-12 17:33:00,4,A99,4,A29,3150.84,USD,3150.84,USD,ACH,0
2026-01-12 17:34:00,4,A264,2,A267,780.63,USD,780.63,USD,ACH,0
2026-01-12 17:36:00,3,A293,3,A78,202.71,USD,202.71,USD,ACH,0
2026-01-12 17:38:00,0,A135,1,A241,490.75,USD,490.75,USD,ACH,0
2026-01-12 17:40:00,1,A161,2,A87,251.9,USD,251.9,USD,ACH,0
2026-01-12 17:40:00,3,A198,3,A93,345.42,USD,345.42,USD,ACH,0
2026-01-12 17:41:00,3,A38,1,A151,2133.02,USD,2133.02,USD,ACH,0
2026-01-12 17:41:00,3,A153,0,A245,609.3,USD,609.3,USD,ACH,0
2026-01-12 17:41:00,2,A297,1,A166,341.05,USD,341.05,USD,ACH,0
2026-01-12 17:42:00,0,A160,4,A229,296.29,USD,296.29,USD,ACH,0
2026-01-12 17:44:00,4,A289,4,A64,294.58,USD,294.58,USD,ACH,0
2026-01-12 17:47:00,2,A52,0,A25,299.71,USD,299.71,USD,ACH,0
2026-01-12 17:48:00,1,A11,3,A208,309.39,USD,309.39,USD,ACH,0
2026-01-12 17:51:00,0,A115,4,A84,619.84,USD,619.84,USD,ACH,0
2026-01-12 17:53:00,1,A6,4,A39,76.75,USD,76.75,USD,ACH,0
2026-01-12 17:55:00,1,A241,3,A83,471.2,USD,471.2,USD,ACH,0
2026-01-12 17:55:00,4,A279,2,A162,436.23,USD,436.23,USD,ACH,0
2026-01-12 17:56:00,4,A94,0,A40,1315.07,USD,1315.07,USD,ACH,0
2026-01-12 17:56:00,2,A267,1,A131,637.01,USD,637.01,USD,ACH,0
2026-01-12 17:56:00,2,A282,2,A187,96.37,USD,96.37,USD,ACH,0
2026-01-12 17:57:00,3,A73,2,A147,1260.27,USD,1260.27,USD,ACH,0
2026-01-12 17:57:00,1,A176,0,A135,675.59,USD,675.59,USD,ACH,0
2026-01-12 17:58:00,3,A248,1,A246,913.87,USD,913.87,USD,ACH,0
2026-01-13 08:00:00,4,A244,1,A206,284.18,USD,284.18,USD,ACH,0
2026-01-13 08:02:00,3,A263,2,A12,1513.78,USD,1513.78,USD,ACH,0
2026-01-13 08:03:00,4,A89,1,A76,197.7,USD,197.7,USD,ACH,0
2026-01-13 08:04:00,3,A198,4,A204,741.54,USD,741.54,USD,ACH,0
2026-01-13 08:05:00,0,A170,0,A250,265.88,USD,265.88,USD,ACH,0
2026-01-13 08:06:00,4,A259,1,A266,345.13,USD,345.13,USD,ACH,0
2026-01-13 08:07:00,0,A30,2,A212,389.83,USD,389.83,USD,ACH,0
2026-01-13 08:08:00,1,A261,1,A281,643.74,USD,643.74,USD,ACH,0
2026-01-13 08:12:00,3,A163,2,A287,80.6,USD,80.6,USD,ACH,0
2026-01-13 08:12:00,1,A211,0,A15,508.82,USD,508.82,USD,ACH,0
2026-01-13 08:14:00,3,A83,1,A86,493.89,USD,493.89,USD,ACH,0
2026-01-13 08:14:00,0,A135,0,A285,911.59,USD,911.59,USD,ACH,0
2026-01-13 08:15:00,2,A67,2,A272,874.54,USD,874.54,USD,ACH,0
2026-01-13 08:15:00,3,A158,4,A54,505.79,USD,505.79,USD,ACH,0
2026-01-13 08:16:00,1,A191,1,A256,87.29,USD,87.29,USD,ACH,0
2026-01-13 08:17:00,0,A35,2,A47,1328.14,USD,1328.14,USD,ACH,0
2026-01-13 08:19:00,4,A79,4,A114,1591.02,USD,1591.02,USD,ACH,0
2026-01-13 08:19:00,4,A294,2,A142,306.86,USD,306.86,USD,ACH,0
2026-01-13 08:23:00,2,A277,2,A192,119.83,USD,119.83,USD,ACH,0
2026-01-13 08:26:00,4,A74,0,A160,180.84,USD,180.84,USD,ACH,0
2026-01-13 08:27:00,3,A78,1,A61,4128.02,USD,4128.02,USD,ACH,0
2026-01-13 08:27:00,1,A221,3,A218,64.9,USD,64.9,USD,ACH,0
2026-01-13 08:28:00,0,A110,3,A198,126.77,USD,126.77,USD,ACH,0
2026-01-13 08:29:00,2,A157,4,A299,387.3,USD,387.3,USD,ACH,0
2026-01-13 08:29:00,3,A293,2,A262,577.95,USD,577.95,USD,ACH,0
2026-01-13 08:32:00,1,A136,3,A118,670.15,USD,670.15,USD,ACH,0
2026-01-13 08:33:00,2,A67,4,A264,566.46,USD,566.46,USD,ACH,0
2026-01-13 08:34:00,2,A207,4,A19,308.9,USD,308.9,USD,ACH,0
2026-01-13 08:39:00,2,A262,0,A180,280.67,USD,280.67,USD,ACH,0
2026-01-13 08:40:00,2,A232,0,A100,237.77,USD,237.77,USD,ACH,0
2026-01-13 08:42:00,0,A240,0,A210,280.33,USD,280.33,USD,ACH,0
2026-01-13 08:46:00,3,A203,1,A176,147.71,USD,147.71,USD,ACH,0
2026-01-13 08:48:00,3,A288,0,A110,481.65,USD,481.65,USD,ACH,0
2026-01-13 08:49:00,0,A10,3,A248,125.55,USD,125.55,USD,ACH,0
2026-01-13 08:49:00,1,A36,1,A171,173.56,USD,173.56,USD,ACH,0
2026-01-13 08:49:00,3,A53,0,A285,232.6,USD,232.6,USD,ACH,0
2026-01-13 08:49:00,1,A56,2,A287,273.31,USD,273.31,USD,ACH,0
2026-01-13 08:49:00,4,A164,1,A96,251.88,USD,251.88,USD,ACH,0
2026-01-13 08:50:00,3,A208,3,A298,520.14,USD,520.14,USD,ACH,1
2026-01-13 08:53:00,2,A247,1,A176,462.52,USD,462.52,USD,ACH,0
2026-01-13 08:55:00,4,A29,4,A149,791.2,USD,791.2,USD,ACH,0
2026-01-13 08:55:00,2,A137,4,A74,484.26,USD,484.26,USD,ACH,0
2026-01-13 08:57:00,0,A75,2,A97,831.84,USD,831.84,USD,ACH,0
2026-01-13 08:58:00,0,A245,0,A25,589.62,USD,589.62,USD,ACH,0
2026-01-13 08:59:00,2,A77,4,A284,469.45,USD,469.45,USD,ACH,0
2026-01-13 08:59:00,2,A107,3,A28,263.12,USD,263.12,USD,ACH,0
2026-01-13 08:59:00,2,A167,3,A188,339.92,USD,339.92,USD,ACH,0
2026-01-13 09:00:00,2,A172,2,A17,142.8,USD,142.8,USD,ACH,0
2026-01-13 09:02:00,3,A63,3,A238,355.33,USD,355.33,USD,ACH,0
2026-01-13 09:04:00,0,A195,1,A196,83.18,USD,83.18,USD,ACH,0
2026-01-13 09:04:00,0,A215,2,A147,1241.24,USD,1241.24,USD,ACH,0
2026-01-13 09:06:00,1,A181,2,A102,536.56,USD,536.56,USD,ACH,0
2026-01-13 09:06:00,1,A236,1,A71,673.53,USD,673.53,USD,ACH,0
2026-01-13 09:12:00,1,A271,3,A173,291.42,USD,291.42,USD,ACH,0
2026-01-13 09:13:00,2,A62,0,A260,310.66,USD,310.66,USD,ACH,0
2026-01-13 09:13:00,1,A76,1,A86,676.35,USD,676.35,USD,ACH,0
2026-01-13 09:13:00,0,A80,4,A254,166.89,USD,166.89,USD,ACH,0
2026-01-13 09:15:00,2,A47,1,A141,506.36,USD,506.36,USD,ACH,1
2026-01-13 09:17:00,1,A31,4,A299,597.75,USD,597.75,USD,ACH,0
2026-01-13 09:17:00,4,A124,4,A89,318.32,USD,318.32,USD,ACH,0
2026-01-13 09:18:00,1,A216,4,A74,427.12,USD,427.12,USD,ACH,0
2026-01-13 09:22:00,4,A219,0,A145,1267.6,USD,1267.6,USD,ACH,0
2026-01-13 09:24:00,3,A93,0,A110,407.91,USD,407.91,USD,ACH,0
2026-01-13 09:25:00,4,A79,3,A93,930.98,USD,930.98,USD,ACH,0
2026-01-13 09:25:00,0,A200,1,A21,241.26,USD,241.26,USD,ACH,0
2026-01-13 09:26:00,1,A121,1,A71,133.28,USD,133.28,USD,ACH,0
2026-01-13 09:29:00,0,A25,1,A86,627.96,USD,627.96,USD,ACH,0
2026-01-13 09:37:00,0,A15,3,A153,600.11,USD,600.11,USD,ACH,0
2026-01-13 09:38:00,1,A26,0,A130,505.94,USD,505.94,USD,ACH,0
2026-01-13 09:40:00,1,A196,3,A118,770.2,USD,770.2,USD,ACH,0
2026-01-13 09:41:00,1,A111,1,A211,121.46,USD,121.46,USD,ACH,0
2026-01-13 09:42:00,1,A251,4,A174,325.24,USD,325.24,USD,ACH,0
2026-01-13 09:44:00,0,A220,0,A135,62.95,USD,62.95,USD,ACH,0
2026-01-13 09:45:00,4,A129,4,A299,297.42,USD,297.42,USD,ACH,0
2026-01-13 09:46:00,4,A19,4,A24,296.62,USD,296.62,USD,ACH,0
2026-01-13 09:51:00,0,A225,4,A299,479.79,USD,479.79,USD,ACH,0
2026-01-13 09:58:00,3,A238,4,A189,296.81,USD,296.81,USD,ACH,0
2026-01-13 09:59:00,0,A105,0,A270,271.63,USD,271.63,USD,ACH,0
2026-01-13 10:00:00,4,A39,2,A182,267.73,USD,267.73,USD,ACH,0
2026-01-13 10:00:00,1,A61,3,A148,405.82,USD,405.82,USD,ACH,0
2026-01-13 10:00:00,0,A85,0,A195,149.52,USD,149.52,USD,ACH,0
2026-01-13 10:00:00,2,A87,3,A43,824.2,USD,824.2,USD,ACH,0
2026-01-13 10:07:00,4,A9,0,A35,910.88,USD,910.88,USD,ACH,0
2026-01-13 10:07:00,1,A71,0,A205,314.09,USD,314.09,USD,ACH,0
2026-01-13 10:12:00,3,A133,3,A123,269.03,USD,269.03,USD,ACH,0
2026-01-13 10:12:00,1,A296,0,A65,274.41,USD,274.41,USD,ACH,0
2026-01-13 10:13:00,1,A246,4,A34,1330.93,USD,1330.93,USD,ACH,0
2026-01-13 10:15:00,0,A125,0,A90,247.01,USD,247.01,USD,ACH,0
2026-01-13 10:15:00,4,A149,3,A98,1357.08,USD,1357.08,USD,ACH,0
2026-01-13 10:21:00,2,A182,3,A108,111.65,USD,111.65,USD,ACH,0
2026-01-13 10:23:00,0,A120,2,A117,397.98,USD,397.98,USD,ACH,0
2026-01-13 10:23:00,1,A156,3,A88,309.33,USD,309.33,USD,ACH,0
2026-01-13 10:24:00,1,A211,0,A155,708.33,USD,708.33,USD,ACH,0
2026-01-13 10:25:00,0,A20,1,A21,324.15,USD,324.15,USD,ACH,0
2026-01-13 10:27:00,2,A2,1,A106,236.44,USD,236.44,USD,ACH,0
2026-01-13 10:27:00,4,A69,1,A171,2715.33,USD,2715.33,USD,ACH,0
2026-01-13 10:29:00,3,A238,4,A289,525.86,USD,525.86,USD,ACH,0
2026-01-13 10:30:00,4,A169,2,A217,287.56,USD,287.56,USD,ACH,0
2026-01-13 10:31:00,3,A73,4,A199,813.82,USD,813.82,USD,ACH,0
2026-01-13 10:33:00,2,A97,2,A102,372.02,USD,372.02,USD,ACH,0
2026-01-13 10:33:00,3,A283,1,A1,171.28,USD,171.28,USD,ACH,0
2026-01-13 10:34:00,1,A166,1,A126,572.36,USD,572.36,USD,ACH,0
2026-01-13 10:35:00,1,A51,0,A275,237.66,USD,237.66,USD,ACH,0
2026-01-13 10:35:00,3,A93,2,A77,186.54,USD,186.54,USD,ACH,0
2026-01-13 10:35:00,1,A291,1,A261,187.95,USD,187.95,USD,ACH,0
2026-01-13 10:35:00,3,A298,4,A109,259.26,USD,259.26,USD,ACH,0
2026-01-13 10:36:00,1,A106,0,A225,816.54,USD,816.54,USD,ACH,0
2026-01-13 10:37:00,4,A24,3,A238,655.24,USD,655.24,USD,ACH,0
2026-01-13 10:37:00,0,A90,0,A20,148.01,USD,148.01,USD,ACH,0
2026-01-13 10:37:00,2,A252,2,A262,257.38,USD,257.38,USD,ACH,0
2026-01-13 10:38:00,1,A226,1,A81,542.34,USD,542.34,USD,ACH,0
2026-01-13 10:41:00,1,A146,1,A231,935.75,USD,935.75,USD,ACH,0
2026-01-13 10:42:00,3,A13,2,A192,82.03,USD,82.03,USD,ACH,0
2026-01-13 10:42:00,0,A180,0,A155,74.45,USD,74.45,USD,ACH,0
2026-01-13 10:42:00,3,A248,1,A106,595.76,USD,595.76,USD,ACH,0
2026-01-13 10:44:00,1,A241,3,A258,312.9,USD,312.9,USD,ACH,0
2026-01-13 10:45:00,2,A12,2,A7,58.87,USD,58.87,USD,ACH,0
2026-01-13 10:47:00,1,A6,1,A211,512.75,USD,512.75,USD,ACH,0
2026-01-13 10:49:00,4,A299,3,A118,652.01,USD,652.01,USD,ACH,0
2026-01-13 10:50:00,1,A186,3,A158,352.77,USD,352.77,USD,ACH,0
2026-01-13 10:51:00,3,A128,2,A242,85.87,USD,85.87,USD,ACH,0
2026-01-13 10:53:00,3,A298,3,A153,580.64,USD,580.64,USD,ACH,0
2026-01-13 10:56:00,1,A171,4,A84,462.24,USD,462.24,USD,ACH,0
2026-01-13 10:56:00,3,A288,4,A229,248.17,USD,248.17,USD,ACH,0
2026-01-13 11:00:00,2,A187,3,A153,623.57,USD,623.57,USD,ACH,0
2026-01-13 11:03:00,1,A126,3,A208,832.15,USD,832.15,USD,ACH,0
2026-01-13 11:04:00,2,A147,3,A298,629.37,USD,629.37,USD,ACH,0
2026-01-13 11:04:00,0,A185,4,A34,134.74,USD,134.74,USD,ACH,0
2026-01-13 11:06:00,1,A11,2,A227,518.78,USD,518.78,USD,ACH,0
2026-01-13 11:06:00,2,A72,4,A119,171.08,USD,171.08,USD,ACH,0
2026-01-13 11:06:00,3,A183,3,A268,1295.02,USD,1295.02,USD,ACH,0
2026-01-13 11:07:00,3,A103,0,A260,109.77,USD,109.77,USD,ACH,0
2026-01-13 11:08:00,3,A138,4,A179,633.96,USD,633.96,USD,ACH,0
2026-01-13 11:08:00,2,A282,3,A193,297.28,USD,297.28,USD,ACH,1
2026-01-13 11:09:00,4,A219,4,A114,232.83,USD,232.83,USD,ACH,0
2026-01-13 11:11:00,1,A1,4,A199,249.07,USD,249.07,USD,ACH,0
2026-01-13 11:11:00,0,A280,4,A69,825.75,USD,825.75,USD,ACH,0
2026-01-13 11:13:00,4,A44,1,A251,171.32,USD,171.32,USD,ACH,0
2026-01-13 11:13:00,4,A284,0,A125,232.28,USD,232.28,USD,ACH,1
2026-01-13 11:14:00,0,A220,2,A97,512.11,USD,512.11,USD,ACH,0
2026-01-13 11:15:00,0,A285,3,A178,631.45,USD,631.45,USD,ACH,0
2026-01-13 11:16:00,2,A92,4,A134,508.1,USD,508.1,USD,ACH,0
2026-01-13 11:17:00,4,A289,4,A74,208.55,USD,208.55,USD,ACH,0
2026-01-13 11:19:00,0,A235,2,A122,178.15,USD,178.15,USD,ACH,0
2026-01-13 11:20:00,4,A224,3,A133,335.96,USD,335.96,USD,ACH,0
2026-01-13 11:21:00,3,A263,1,A236,265.11,USD,265.11,USD,ACH,0
2026-01-13 11:21:00,0,A290,1,A106,190.46,USD,190.46,USD,ACH,0
2026-01-13 11:24:00,4,A54,2,A292,297.41,USD,297.41,USD,ACH,0
2026-01-13 11:28:00,2,A32,3,A93,142.71,USD,142.71,USD,ACH,0
2026-01-13 11:28:00,2,A57,3,A103,459.7,USD,459.7,USD,ACH,0
2026-01-13 11:28:00,3,A108,3,A28,224.56,USD,224.56,USD,ACH,0
2026-01-13 11:32:00,0,A5,0,A285,1001.14,USD,1001.14,USD,ACH,0
2026-01-13 11:32:00,3,A103,2,A262,299.97,USD,299.97,USD,ACH,0
2026-01-13 11:33:00,2,A97,1,A226,632.59,USD,632.59,USD,ACH,0
2026-01-13 11:36:00,0,A50,0,A100,121.36,USD,121.36,USD,ACH,0
2026-01-13 11:37:00,3,A123,4,A139,127.4,USD,127.4,USD,ACH,0
2026-01-13 11:42:00,2,A82,4,A279,237.54,USD,237.54,USD,ACH,0
2026-01-13 11:42:00,3,A173,3,A123,172.8,USD,172.8,USD,ACH,0
2026-01-13 11:42:00,2,A287,4,A54,368.98,USD,368.98,USD,ACH,0
2026-01-13 11:43:00,4,A274,2,A107,235.13,USD,235.13,USD,ACH,0
2026-01-13 11:48:00,4,A124,0,A115,1904.22,USD,1904.22,USD,ACH,0
2026-01-13 11:48:00,3,A163,3,A283,362.68,USD,362.68,USD,ACH,0
2026-01-13 11:49:00,0,A70,2,A57,113.46,USD,113.46,USD,ACH,0
2026-01-13 11:50:00,1,A96,3,A253,499.81,USD,499.81,USD,ACH,0
2026-01-13 11:51:00,4,A169,2,A162,400.25,USD,400.25,USD,ACH,0
2026-01-13 11:51:00,2,A237,2,A197,365.42,USD,365.42,USD,ACH,0
2026-01-13 11:52:00,1,A176,0,A30,346.17,USD,346.17,USD,ACH,0
2026-01-13 11:53:00,3,A23,0,A260,193.37,USD,193.37,USD,ACH,1
2026-01-13 11:56:00,2,A272,0,A70,85.74,USD,85.74,USD,ACH,0
2026-01-13 11:58:00,4,A189,1,A191,674.54,USD,674.54,USD,ACH,0
2026-01-13 12:00:00,1,A41,2,A132,127.71,USD,127.71,USD,ACH,0
2026-01-13 12:00:00,1,A81,3,A158,262.58,USD,262.58,USD,ACH,0
2026-01-13 12:00:00,4,A114,2,A107,2480.07,USD,2480.07,USD,Wire,0
2026-01-13 12:00:00,1,A151,4,A144,1896.48,USD,1896.48,USD,Wire,0
2026-01-13 12:00:00,0,A5,3,A298,2957.89,USD,2957.89,USD,Wire,0
2026-01-13 12:01:00,4,A79,2,A72,1465.57,USD,1465.57,USD,Wire,0
2026-01-13 12:01:00,1,A181,4,A174,1910.19,USD,1910.19,USD,Wire,0
2026-01-13 12:01:00,0,A285,3,A278,2848.0,USD,2848.0,USD,Wire,0
2026-01-13 12:03:00,1,A31,4,A24,2229.31,USD,2229.31,USD,Wire,0
2026-01-13 12:03:00,1,A91,4,A84,2181.39,USD,2181.39,USD,Wire,0
2026-01-13 12:04:00,0,A220,3,A213,1822.61,USD,1822.61,USD,Wire,0
2026-01-13 12:04:00,2,A247,0,A135,143.84,USD,143.84,USD,ACH,0
2026-01-13 12:05:00,0,A65,3,A58,2952.23,USD,2952.23,USD,Wire,0
2026-01-13 12:05:00,1,A136,3,A88,582.27,USD,582.27,USD,ACH,0
2026-01-13 12:05:00,2,A172,0,A165,2432.02,USD,2432.02,USD,Wire,0
2026-01-13 12:07:00,1,A86,4,A79,2817.75,USD,2817.75,USD,Wire,0
2026-01-13 12:07:00,4,A104,2,A97,2492.83,USD,2492.83,USD,Wire,0
2026-01-13 12:07:00,1,A111,3,A288,234.51,USD,234.51,USD,ACH,0
2026-01-13 12:07:00,1,A141,4,A134,2019.08,USD,2019.08,USD,Wire,0
2026-01-13 12:07:00,4,A154,2,A147,217.14,USD,217.14,USD,ACH,0
2026-01-13 12:07:00,1,A286,4,A279,3182.46,USD,3182.46,USD,Wire,0
2026-01-13 12:08:00,0,A190,3,A183,1917.01,USD,1917.01,USD,Wire,0
2026-01-13 12:08:00,4,A299,3,A168,337.23,USD,337.23,USD,ACH,0
2026-01-13 12:09:00,4,A84,2,A77,2582.23,USD,2582.23,USD,Wire,0
2026-01-13 12:09:00,1,A146,4,A139,2857.9,USD,2857.9,USD,Wire,0
2026-01-13 12:09:00,4,A174,2,A167,2407.29,USD,2407.29,USD,Wire,0
2026-01-13 12:10:00,1,A106,4,A99,2897.38,USD,2897.38,USD,Wire,0
2026-01-13 12:10:00,2,A272,1,A261,132.58,USD,132.58,USD,ACH,0
2026-01-13 12:11:00,1,A136,4,A129,3186.3,USD,3186.3,USD,Wire,0
2026-01-13 12:12:00,0,A155,3,A148,2793.68,USD,2793.68,USD,Wire,0
2026-01-13 12:12:00,4,A224,2,A217,2417.0,USD,2417.0,USD,Wire,0
2026-01-13 12:12:00,1,A276,3,A253,119.42,USD,119.42,USD,ACH,0
2026-01-13 12:12:00,3,A3,1,A296,2319.54,USD,2319.54,USD,Wire,0
2026-01-13 12:13:00,3,A143,1,A136,2588.35,USD,2588.35,USD,Wire,0
2026-01-13 12:13:00,1,A141,0,A185,94.92,USD,94.92,USD,ACH,0
2026-01-13 12:13:00,3,A153,1,A296,433.93,USD,433.93,USD,ACH,0
2026-01-13 12:13:00,4,A199,3,A93,1995.89,USD,1995.89,USD,ACH,0
2026-01-13 12:14:00,3,A208,1,A201,1679.7,USD,1679.7,USD,Wire,0
2026-01-13 12:14:00,3,A268,1,A261,1652.07,USD,1652.07,USD,Wire,0
2026-01-13 12:16:00,3,A68,2,A27,867.19,USD,867.19,USD,ACH,0
2026-01-13 12:16:00,3,A78,1,A71,1624.11,USD,1624.11,USD,Wire,0
2026-01-13 12:16:00,3,A93,1,A86,2513.65,USD,2513.65,USD,Wire,0
2026-01-13 12:17:00,3,A73,1,A66,2644.79,USD,2644.79,USD,Wire,0
2026-01-13 12:17:00,2,A252,0,A245,2031.26,USD,2031.26,USD,Wire,0
2026-01-13 12:17:00,4,A284,2,A277,2776.25,USD,2776.25,USD,Wire,0
2026-01-13 12:18:00,2,A22,0,A15,2473.93,USD,2473.93,USD,Wire,0
2026-01-13 12:18:00,3,A103,1,A96,2489.48,USD,2489.48,USD,Wire,0
2026-01-13 12:18:00,0,A105,3,A98,2995.83,USD,2995.83,USD,Wire,0
2026-01-13 12:18:00,2,A152,0,A145,2439.92,USD,2439.92,USD,Wire,0
2026-01-13 12:19:00,4,A34,2,A27,2831.41,USD,2831.41,USD,Wire,0
2026-01-13 12:19:00,0,A225,3,A218,2776.47,USD,2776.47,USD,Wire,0
2026-01-13 12:19:00,1,A256,4,A249,2870.4,USD,2870.4,USD,Wire,0
2026-01-13 12:20:00,2,A107,0,A120,2291.89,USD,2291.89,USD,Wire,0
2026-01-13 12:20:00,4,A144,2,A157,1874.29,USD,1874.29,USD,Wire,0
2026-01-13 12:20:00,3,A298,1,A11,2697.13,USD,2697.13,USD,Wire,0
2026-01-13 12:21:00,2,A72,0,A85,1347.04,USD,1347.04,USD,Wire,0
2026-01-13 12:21:00,4,A174,2,A187,1849.71,USD,1849.71,USD,Wire,0
2026-01-13 12:21:00,3,A188,4,A119,921.52,USD,921.52,USD,ACH,0
2026-01-13 12:21:00,3,A278,1,A291,2625.17,USD,2625.17,USD,Wire,0
2026-01-13 12:22:00,0,A280,3,A73,158.53,USD,158.53,USD,ACH,0
2026-01-13 12:23:00,0,A5,1,A271,298.88,USD,298.88,USD,ACH,0
2026-01-13 12:23:00,4,A24,2,A37,2016.51,USD,2016.51,USD,Wire,0
2026-01-13 12:23:00,4,A84,2,A97,2142.86,USD,2142.86,USD,Wire,0
2026-01-13 12:24:00,2,A77,1,A116,573.62,USD,573.62,USD,ACH,0
2026-01-13 12:24:00,4,A84,1,A46,670.09,USD,670.09,USD,ACH,0
2026-01-13 12:24:00,3,A213,1,A226,1755.56,USD,1755.56,USD,Wire,0
2026-01-13 12:25:00,3,A58,1,A71,2830.97,USD,2830.97,USD,Wire,0
2026-01-13 12:25:00,1,A86,2,A97,200.16,USD,200.16,USD,ACH,0
2026-01-13 12:25:00,0,A165,3,A178,2323.59,USD,2323.59,USD,Wire,0
2026-01-13 12:25:00,3,A188,1,A156,1263.85,USD,1263.85,USD,ACH,0
2026-01-13 12:26:00,0,A180,2,A42,322.69,USD,322.69,USD,ACH,0
2026-01-13 12:27:00,4,A79,2,A92,2762.78,USD,2762.78,USD,Wire,0
2026-01-13 12:27:00,2,A97,0,A110,2451.19,USD,2451.19,USD,Wire,0
2026-01-13 12:27:00,4,A134,2,A147,1891.86,USD,1891.86,USD,Wire,0
2026-01-13 12:27:00,4,A279,2,A292,3147.5,USD,3147.5,USD,Wire,0
2026-01-13 12:28:00,1,A91,2,A12,227.01,USD,227.01,USD,ACH,0
2026-01-13 12:28:00,3,A183,1,A196,1857.05,USD,1857.05,USD,Wire,0
2026-01-13 12:28:00,3,A268,1,A91,681.67,USD,681.67,USD,ACH,0
2026-01-13 12:29:00,2,A77,0,A90,2485.78,USD,2485.78,USD,Wire,0
2026-01-13 12:29:00,4,A139,2,A152,2719.3,USD,2719.3,USD,Wire,0
2026-01-13 12:29:00,2,A167,0,A180,2225.57,USD,2225.57,USD,Wire,0
2026-01-13 12:29:00,4,A269,1,A116,837.44,USD,837.44,USD,ACH,1
2026-01-13 12:30:00,4,A99,2,A112,2860.78,USD,2860.78,USD,Wire,0
2026-01-13 12:30:00,1,A201,1,A31,128.34,USD,128.34,USD,ACH,0
2026-01-13 12:31:00,4,A129,2,A142,2951.34,USD,2951.34,USD,Wire,0
2026-01-13 12:31:00,0,A225,3,A53,152.82,USD,152.82,USD,ACH,0
2026-01-13 12:32:00,3,A148,1,A161,2728.52,USD,2728.52,USD,Wire,0
2026-01-13 12:32:00,2,A217,0,A230,2333.04,USD,2333.04,USD,Wire,0
2026-01-13 12:32:00,1,A296,4,A9,2100.96,USD,2100.96,USD,Wire,0
2026-01-13 12:33:00,1,A136,4,A149,2353.2,USD,2353.2,USD,Wire,0
2026-01-13 12:34:00,1,A201,4,A214,1547.54,USD,1547.54,USD,Wire,0
2026-01-13 12:34:00,3,A233,3,A148,308.26,USD,308.26,USD,ACH,1
2026-01-13 12:34:00,1,A261,4,A274,1532.7,USD,1532.7,USD,Wire,0
2026-01-13 12:35:00,3,A113,2,A177,484.57,USD,484.57,USD,ACH,0
2026-01-13 12:36:00,1,A71,4,A84,1530.77,USD,1530.77,USD,Wire,0
2026-01-13 12:36:00,1,A86,4,A99,2326.48,USD,2326.48,USD,Wire,0
2026-01-13 12:37:00,1,A66,4,A79,2561.14,USD,2561.14,USD,Wire,0
2026-01-13 12:37:00,0,A245,3,A258,1967.73,USD,1967.73,USD,Wire,0
2026-01-13 12:37:00,2,A277,0,A290,2574.08,USD,2574.08,USD,Wire,0
2026-01-13 12:38:00,0,A15,3,A28,2386.09,USD,2386.09,USD,Wire,0
2026-01-13 12:38:00,1,A96,4,A109,2278.76,USD,2278.76,USD,Wire,0
2026-01-13 12:38:00,3,A98,1,A111,2838.9,USD,2838.9,USD,Wire,0
2026-01-13 12:38:00,3,A143,4,A224,391.67,USD,391.67,USD,ACH,0
2026-01-13 12:38:00,0,A145,3,A158,2386.22,USD,2386.22,USD,Wire,0
2026-01-13 12:39:00,2,A27,0,A40,2678.55,USD,2678.55,USD,Wire,0
2026-01-13 12:39:00,3,A218,1,A231,2660.37,USD,2660.37,USD,Wire,0
2026-01-13 12:39:00,4,A249,2,A262,2783.28,USD,2783.28,USD,Wire,0
2026-01-13 12:40:00,2,A167,1,A181,341.53,USD,341.53,USD,ACH,0
2026-01-13 12:41:00,0,A130,1,A111,165.25,USD,165.25,USD,ACH,0
2026-01-13 12:43:00,1,A236,3,A288,567.42,USD,567.42,USD,ACH,0
2026-01-13 12:43:00,1,A286,2,A32,825.73,USD,825.73,USD,ACH,0
2026-01-13 12:45:00,0,A260,4,A39,90.91,USD,90.91,USD,ACH,0
2026-01-13 12:49:00,3,A143,1,A241,270.45,USD,270.45,USD,ACH,0
2026-01-13 12:49:00,1,A281,0,A220,182.87,USD,182.87,USD,ACH,0
2026-01-13 12:50:00,3,A88,3,A218,1230.63,USD,1230.63,USD,ACH,0
2026-01-13 12:51:00,0,A60,0,A260,183.63,USD,183.63,USD,ACH,0
2026-01-13 12:51:00,3,A228,2,A232,232.27,USD,232.27,USD,ACH,0
2026-01-13 13:03:00,1,A96,0,A230,613.14,USD,613.14,USD,ACH,0
2026-01-13 13:05:00,2,A17,2,A97,601.45,USD,601.45,USD,ACH,1
2026-01-13 13:05:00,3,A223,3,A253,408.55,USD,408.55,USD,ACH,0
2026-01-13 13:06:00,0,A150,3,A188,109.83,USD,109.83,USD,ACH,0
2026-01-13 13:08:00,2,A197,3,A113,522.56,USD,522.56,USD,ACH,0
2026-01-13 13:09:00,4,A49,0,A135,1300.97,USD,1300.97,USD,ACH,0
2026-01-13 13:10:00,2,A7,3,A3,477.83,USD,477.83,USD,ACH,0
2026-01-13 13:12:00,0,A140,0,A175,690.62,USD,690.62,USD,ACH,0
2026-01-13 13:16:00,4,A209,3,A88,555.41,USD,555.41,USD,ACH,0
2026-01-13 13:23:00,0,A250,3,A73,570.02,USD,570.02,USD,ACH,0
2026-01-13 13:24:00,0,A65,2,A72,566.37,USD,566.37,USD,ACH,0
2026-01-13 13:24:00,1,A141,1,A291,406.19,USD,406.19,USD,ACH,0
2026-01-13 13:24:00,1,A266,2,A252,904.26,USD,904.26,USD,ACH,0
2026-01-13 13:25:00,0,A160,4,A249,682.78,USD,682.78,USD,ACH,0
2026-01-13 13:26:00,4,A294,2,A2,520.17,USD,520.17,USD,ACH,0
2026-01-13 13:27:00,2,A87,3,A8,588.49,USD,588.49,USD,ACH,0
2026-01-13 13:28:00,4,A14,2,A242,578.97,USD,578.97,USD,ACH,0
2026-01-13 13:28:00,4,A59,4,A259,858.1,USD,858.1,USD,ACH,0
2026-01-13 13:29:00,2,A142,4,A74,113.52,USD,113.52,USD,ACH,0
2026-01-13 13:34:00,4,A159,1,A146,594.95,USD,594.95,USD,ACH,0
2026-01-13 13:34:00,4,A204,4,A124,485.78,USD,485.78,USD,ACH,0
2026-01-13 13:36:00,2,A132,1,A101,98.24,USD,98.24,USD,ACH,0
2026-01-13 13:41:00,4,A289,1,A126,660.87,USD,660.87,USD,ACH,0
2026-01-13 13:43:00,3,A213,2,A117,690.58,USD,690.58,USD,ACH,0
2026-01-13 13:43:00,3,A258,2,A187,276.09,USD,276.09,USD,ACH,0
2026-01-13 13:44:00,4,A64,4,A24,355.08,USD,355.08,USD,ACH,0
2026-01-13 13:44:00,4,A174,4,A94,765.19,USD,765.19,USD,ACH,0
2026-01-13 13:44:00,1,A231,3,A58,449.58,USD,449.58,USD,ACH,0
2026-01-13 13:45:00,4,A184,1,A71,711.43,USD,711.43,USD,ACH,0
2026-01-13 13:46:00,1,A266,2,A197,365.37,USD,365.37,USD,ACH,0
2026-01-13 13:47:00,1,A21,4,A224,254.04,USD,254.04,USD,ACH,0
2026-01-13 13:47:00,4,A39,0,A55,1741.06,USD,1741.06,USD,ACH,0
2026-01-13 13:48:00,0,A230,0,A195,78.6,USD,78.6,USD,ACH,0
2026-01-13 13:49:00,4,A264,2,A272,849.3,USD,849.3,USD,ACH,0
2026-01-13 13:54:00,4,A179,2,A112,1036.29,USD,1036.29,USD,ACH,0
2026-01-13 13:58:00,3,A33,3,A88,416.9,USD,416.9,USD,ACH,0
2026-01-13 14:00:00,1,A91,2,A122,144.46,USD,144.46,USD,ACH,0
2026-01-13 14:02:00,4,A234,3,A168,356.26,USD,356.26,USD,ACH,0
2026-01-13 14:03:00,4,A139,4,A14,1179.9,USD,1179.9,USD,ACH,0
2026-01-13 14:03:00,2,A222,2,A132,758.46,USD,758.46,USD,ACH,0
2026-01-13 14:04:00,1,A156,4,A144,201.99,USD,201.99,USD,ACH,0
2026-01-13 14:05:00,0,A275,4,A234,245.07,USD,245.07,USD,ACH,0
2026-01-13 14:08:00,2,A127,1,A231,309.06,USD,309.06,USD,ACH,0
2026-01-13 14:08:00,2,A177,3,A53,1149.34,USD,1149.34,USD,ACH,0
2026-01-13 14:10:00,0,A165,4,A104,123.82,USD,123.82,USD,ACH,1
2026-01-13 14:11:00,0,A15,0,A10,653.73,USD,653.73,USD,ACH,0
2026-01-13 14:11:00,3,A243,2,A107,364.36,USD,364.36,USD,ACH,0
2026-01-13 14:12:00,4,A249,0,A35,822.39,USD,822.39,USD,ACH,0
2026-01-13 14:13:00,0,A210,1,A256,257.98,USD,257.98,USD,ACH,0
2026-01-13 14:16:00,0,A95,1,A41,317.74,USD,317.74,USD,ACH,0
2026-01-13 14:16:00,0,A240,3,A263,663.54,USD,663.54,USD,ACH,0
2026-01-13 14:18:00,0,A95,2,A127,247.54,USD,247.54,USD,ACH,0
2026-01-13 14:18:00,3,A118,0,A160,535.94,USD,535.94,USD,ACH,1
2026-01-13 14:19:00,1,A276,2,A212,1013.72,USD,1013.72,USD,ACH,0
2026-01-13 14:20:00,0,A295,0,A15,432.47,USD,432.47,USD,ACH,0
2026-01-13 14:21:00,3,A98,1,A76,856.74,USD,856.74,USD,ACH,0
2026-01-13 14:21:00,4,A229,4,A169,3357.48,USD,3357.48,USD,ACH,0
2026-01-13 14:23:00,3,A113,2,A167,342.82,USD,342.82,USD,ACH,0
2026-01-13 14:25:00,4,A164,4,A294,145.77,USD,145.77,USD,ACH,0
2026-01-13 14:26:00,2,A162,0,A255,851.18,USD,851.18,USD,ACH,0
2026-01-13 14:28:00,0,A30,1,A141,1180.02,USD,1180.02,USD,ACH,0
2026-01-13 14:28:00,3,A273,4,A29,512.36,USD,512.36,USD,ACH,0
2026-01-13 14:29:00,0,A55,3,A98,345.4,USD,345.4,USD,ACH,0
2026-01-13 14:33:00,1,A16,4,A134,251.24,USD,251.24,USD,ACH,0
2026-01-13 14:33:00,3,A83,2,A242,231.89,USD,231.89,USD,ACH,0
2026-01-13 14:34:00,4,A29,1,A1,552.64,USD,552.64,USD,ACH,0
2026-01-13 14:35:00,1,A216,1,A76,494.17,USD,494.17,USD,ACH,0
2026-01-13 14:39:00,1,A196,3,A233,728.4,USD,728.4,USD,ACH,0
2026-01-13 14:40:00,0,A205,1,A21,339.82,USD,339.82,USD,ACH,0
2026-01-13 14:47:00,0,A85,4,A89,451.35,USD,451.35,USD,ACH,0
2026-01-13 14:48:00,2,A22,0,A175,393.74,USD,393.74,USD,ACH,0
2026-01-13 14:48:00,2,A297,4,A124,230.82,USD,230.82,USD,ACH,0
2026-01-13 14:49:00,1,A131,2,A22,190.35,USD,190.35,USD,ACH,0
2026-01-13 14:52:00,3,A38,4,A64,1190.32,USD,1190.32,USD,ACH,0
2026-01-13 14:52:00,1,A161,2,A17,74.19,USD,74.19,USD,ACH,0
2026-01-13 14:53:00,2,A22,4,A34,137.93,USD,137.93,USD,ACH,0
2026-01-13 14:53:00,1,A61,0,A205,181.25,USD,181.25,USD,ACH,0
2026-01-13 14:54:00,2,A297,2,A17,790.45,USD,790.45,USD,ACH,0
2026-01-13 14:55:00,3,A38,3,A258,731.86,USD,731.86,USD,ACH,0
2026-01-13 14:55:00,1,A76,2,A192,542.01,USD,542.01,USD,ACH,0
2026-01-13 14:59:00,0,A140,0,A155,207.74,USD,207.74,USD,ACH,0
2026-01-13 15:01:00,1,A1,1,A16,564.44,USD,564.44,USD,ACH,0
2026-01-13 15:02:00,3,A3,4,A134,311.24,USD,311.24,USD,ACH,0
2026-01-13 15:02:00,2,A102,4,A99,50.48,USD,50.48,USD,ACH,0
2026-01-13 15:02:00,0,A270,1,A71,93.36,USD,93.36,USD,ACH,0
2026-01-13 15:02:00,1,A286,2,A267,779.78,USD,779.78,USD,ACH,0
2026-01-13 15:03:00,0,A45,4,A294,441.2,USD,441.2,USD,ACH,0
2026-01-13 15:06:00,2,A7,1,A286,383.95,USD,383.95,USD,ACH,0
2026-01-13 15:07:00,2,A267,4,A229,270.1,USD,270.1,USD,ACH,0
2026-01-13 15:08:00,3,A18,1,A241,620.63,USD,620.63,USD,ACH,0
2026-01-13 15:10:00,2,A122,0,A130,213.67,USD,213.67,USD,ACH,0
2026-01-13 15:13:00,4,A104,4,A189,212.08,USD,212.08,USD,ACH,0
2026-01-13 15:13:00,1,A116,1,A96,780.76,USD,780.76,USD,ACH,0
2026-01-13 15:13:00,2,A152,4,A49,272.1,USD,272.1,USD,ACH,0
2026-01-13 15:15:00,4,A194,1,A201,534.84,USD,534.84,USD,ACH,0
2026-01-13 15:16:00,0,A145,0,A115,319.97,USD,319.97,USD,ACH,0
2026-01-13 15:18:00,3,A88,2,A87,441.83,USD,441.83,USD,ACH,0
2026-01-13 15:19:00,1,A21,1,A266,523.64,USD,523.64,USD,ACH,0
2026-01-13 15:20:00,3,A168,4,A29,557.23,USD,557.23,USD,ACH,0
2026-01-13 15:21:00,3,A8,1,A161,693.65,USD,693.65,USD,ACH,0
2026-01-13 15:23:00,4,A49,4,A154,716.22,USD,716.22,USD,ACH,0
2026-01-13 15:24:00,0,A275,2,A132,658.64,USD,658.64,USD,ACH,0
2026-01-13 15:25:00,2,A47,1,A221,857.09,USD,857.09,USD,ACH,0
2026-01-13 15:28:00,2,A217,0,A80,1490.07,USD,1490.07,USD,ACH,0
2026-01-13 15:29:00,1,A101,2,A22,638.87,USD,638.87,USD,ACH,0
2026-01-13 15:30:00,1,A56,3,A203,1126.09,USD,1126.09,USD,ACH,0
2026-01-13 15:30:00,2,A227,4,A299,922.73,USD,922.73,USD,ACH,0
2026-01-13 15:31:00,4,A4,4,A269,461.59,USD,461.59,USD,ACH,0
2026-01-13 15:33:00,2,A267,4,A224,253.2,USD,253.2,USD,ACH,0
2026-01-13 15:37:00,2,A152,1,A21,163.64,USD,163.64,USD,ACH,0
2026-01-13 15:38:00,3,A148,3,A18,624.71,USD,624.71,USD,ACH,0
2026-01-13 15:38:00,3,A253,4,A49,655.42,USD,655.42,USD,ACH,0
2026-01-13 15:40:00,2,A112,1,A231,754.68,USD,754.68,USD,ACH,0
2026-01-13 15:40:00,4,A134,4,A34,346.8,USD,346.8,USD,ACH,0
2026-01-13 15:40:00,0,A245,4,A214,91.72,USD,91.72,USD,ACH,0
2026-01-13 15:40:00,4,A254,1,A16,207.71,USD,207.71,USD,ACH,0
2026-01-13 15:41:00,4,A249,1,A226,976.97,USD,976.97,USD,ACH,0
2026-01-13 15:42:00,1,A16,4,A269,201.95,USD,201.95,USD,ACH,0
2026-01-13 15:43:00,0,A175,1,A86,237.45,USD,237.45,USD,ACH,0
2026-01-13 15:44:00,2,A197,2,A212,563.64,USD,563.64,USD,ACH,0
2026-01-13 15:47:00,3,A218,1,A46,844.31,USD,844.31,USD,ACH,0
2026-01-13 15:48:00,1,A121,4,A159,282.17,USD,282.17,USD,ACH,0
2026-01-13 15:51:00,4,A119,2,A202,1024.41,USD,1024.41,USD,ACH,0
2026-01-13 15:51:00,2,A217,4,A169,1277.23,USD,1277.23,USD,ACH,0
2026-01-13 16:00:00,4,A264,1,A6,93.46,USD,93.46,USD,ACH,0
2026-01-13 16:01:00,2,A92,3,A188,631.88,USD,631.88,USD,ACH,0
2026-01-13 16:01:00,3,A213,2,A102,149.04,USD,149.04,USD,ACH,0
2026-01-13 16:01:00,4,A259,0,A175,1028.96,USD,1028.96,USD,ACH,0
2026-01-13 16:02:00,1,A51,3,A218,286.43,USD,286.43,USD,ACH,0
2026-01-13 16:04:00,4,A139,1,A216,1101.61,USD,1101.61,USD,ACH,0
2026-01-13 16:05:00,3,A178,3,A133,930.86,USD,930.86,USD,ACH,0
2026-01-13 16:05:00,4,A254,4,A89,853.75,USD,853.75,USD,ACH,0
2026-01-13 16:07:00,3,A73,4,A24,256.7,USD,256.7,USD,ACH,0
2026-01-13 16:07:00,0,A235,3,A213,351.44,USD,351.44,USD,ACH,0
2026-01-13 16:09:00,4,A109,3,A33,538.92,USD,538.92,USD,ACH,0
2026-01-13 16:11:00,3,A58,1,A186,610.45,USD,610.45,USD,ACH,0
2026-01-13 16:11:00,4,A234,1,A81,1345.42,USD,1345.42,USD,ACH,0
2026-01-13 16:14:00,0,A100,3,A108,397.21,USD,397.21,USD,ACH,0
2026-01-13 16:16:00,4,A109,3,A148,339.37,USD,339.37,USD,ACH,0
2026-01-13 16:18:00,2,A207,0,A155,682.98,USD,682.98,USD,ACH,0
2026-01-13 16:19:00,2,A227,3,A248,335.59,USD,335.59,USD,ACH,1
2026-01-13 16:23:00,2,A287,2,A147,842.81,USD,842.81,USD,ACH,0
2026-01-13 16:24:00,2,A52,4,A134,72.54,USD,72.54,USD,ACH,0
2026-01-13 16:27:00,4,A154,4,A134,1028.13,USD,1028.13,USD,ACH,0
2026-01-13 16:27:00,0,A155,1,A101,429.21,USD,429.21,USD,ACH,0
2026-01-13 16:28:00,2,A242,1,A106,970.45,USD,970.45,USD,ACH,0
2026-01-13 16:29:00,2,A27,2,A52,306.74,USD,306.74,USD,ACH,0
2026-01-13 16:29:00,4,A144,4,A204,693.44,USD,693.44,USD,ACH,0
2026-01-13 16:30:00,1,A226,1,A81,664.62,USD,664.62,USD,ACH,0
2026-01-13 16:30:00,2,A262,0,A110,288.71,USD,288.71,USD,ACH,0
2026-01-13 16:31:00,3,A183,0,A125,261.51,USD,261.51,USD,ACH,0
2026-01-13 16:33:00,3,A28,4,A279,355.11,USD,355.11,USD,ACH,0
2026-01-13 16:33:00,1,A66,3,A153,509.36,USD,509.36,USD,ACH,0
2026-01-13 16:33:00,0,A115,0,A210,732.1,USD,732.1,USD,ACH,0
2026-01-13 16:37:00,0,A0,4,A284,129.85,USD,129.85,USD,ACH,0
2026-01-13 16:38:00,4,A159,1,A71,698.09,USD,698.09,USD,ACH,0
2026-01-13 16:39:00,4,A274,0,A110,387.57,USD,387.57,USD,ACH,0
2026-01-13 16:41:00,3,A128,3,A58,1470.88,USD,1470.88,USD,ACH,0
2026-01-13 16:41:00,0,A250,2,A27,140.01,USD,140.01,USD,ACH,0
2026-01-13 16:42:00,3,A123,0,A95,149.99,USD,149.99,USD,ACH,0
2026-01-13 16:44:00,0,A185,2,A112,262.65,USD,262.65,USD,ACH,0
2026-01-13 16:44:00,4,A279,0,A35,853.93,USD,853.93,USD,ACH,0
2026-01-13 16:46:00,4,A64,3,A63,295.41,USD,295.41,USD,ACH,0
2026-01-13 16:47:00,2,A117,1,A221,1245.23,USD,1245.23,USD,ACH,0
2026-01-13 16:48:00,3,A278,2,A167,1492.19,USD,1492.19,USD,ACH,0
2026-01-13 16:49:00,0,A265,2,A187,505.37,USD,505.37,USD,ACH,0
2026-01-13 16:51:00,4,A119,3,A28,1594.28,USD,1594.28,USD,ACH,0
2026-01-13 16:53:00,1,A256,4,A134,1086.44,USD,1086.44,USD,ACH,0
2026-01-13 16:54:00,4,A99,0,A195,245.73,USD,245.73,USD,ACH,0
2026-01-13 16:56:00,2,A127,0,A205,855.94,USD,855.94,USD,ACH,0
2026-01-13 16:56:00,2,A202,3,A173,348.45,USD,348.45,USD,ACH,0
2026-01-13 16:58:00,3,A28,0,A5,548.76,USD,548.76,USD,ACH,0
2026-01-13 16:58:00,3,A133,3,A108,504.79,USD,504.79,USD,ACH,0
2026-01-13 16:58:00,4,A134,4,A119,155.33,USD,155.33,USD,ACH,0
2026-01-13 16:58:00,3,A228,0,A295,47.15,USD,47.15,USD,ACH,0
2026-01-13 16:59:00,3,A43,1,A221,100.15,USD,100.15,USD,ACH,1
2026-01-13 16:59:00,2,A212,0,A45,783.9,USD,783.9,USD,ACH,0
2026-01-13 17:01:00,2,A192,4,A299,746.82,USD,746.82,USD,ACH,0
2026-01-13 17:01:00,3,A203,1,A286,332.33,USD,332.33,USD,ACH,0
2026-01-13 17:02:00,4,A114,0,A75,912.65,USD,912.65,USD,ACH,0
2026-01-13 17:03:00,0,A25,4,A229,375.21,USD,375.21,USD,ACH,0
2026-01-13 17:03:00,0,A155,2,A2,1175.09,USD,1175.09,USD,ACH,0
2026-01-13 17:04:00,4,A34,0,A95,261.47,USD,261.47,USD,ACH,0
2026-01-13 17:05:00,1,A206,2,A157,578.97,USD,578.97,USD,ACH,0
2026-01-13 17:06:00,0,A75,4,A59,164.39,USD,164.39,USD,ACH,0
2026-01-13 17:06:00,4,A239,2,A242,814.75,USD,814.75,USD,ACH,0
2026-01-13 17:10:00,4,A104,1,A41,400.44,USD,400.44,USD,ACH,0
2026-01-13 17:10:00,4,A184,0,A280,621.34,USD,621.34,USD,ACH,0
2026-01-13 17:10:00,3,A193,1,A291,150.76,USD,150.76,USD,ACH,0
2026-01-13 17:12:00,1,A116,1,A251,713.77,USD,713.77,USD,ACH,0
2026-01-13 17:16:00,0,A255,4,A94,866.67,USD,866.67,USD,ACH,0
2026-01-13 17:17:00,1,A126,0,A160,386.61,USD,386.61,USD,ACH,0
2026-01-13 17:18:00,3,A138,1,A26,428.78,USD,428.78,USD,ACH,0
2026-01-13 17:19:00,2,A42,1,A201,404.18,USD,404.18,USD,ACH,0
2026-01-13 17:19:00,2,A252,2,A282,111.82,USD,111.82,USD,ACH,0
2026-01-13 17:20:00,2,A82,4,A134,200.74,USD,200.74,USD,ACH,0
2026-01-13 17:22:00,4,A89,3,A8,449.81,USD,449.81,USD,ACH,0
2026-01-13 17:24:00,1,A66,4,A84,516.5,USD,516.5,USD,ACH,0
2026-01-13 17:26:00,4,A19,4,A59,2326.34,USD,2326.34,USD,ACH,0
2026-01-13 17:30:00,3,A13,2,A277,259.6,USD,259.6,USD,ACH,0
2026-01-13 17:31:00,1,A71,2,A12,110.41,USD,110.41,USD,ACH,0
2026-01-13 17:33:00,0,A90,3,A103,500.56,USD,500.56,USD,ACH,0
2026-01-13 17:33:00,4,A214,0,A215,186.92,USD,186.92,USD,ACH,0
2026-01-13 17:34:00,3,A48,1,A156,893.42,USD,893.42,USD,ACH,0
2026-01-13 17:35:00,0,A190,3,A218,922.35,USD,922.35,USD,ACH,0
2026-01-13 17:35:00,2,A292,2,A192,496.85,USD,496.85,USD,ACH,0
2026-01-13 17:37:00,4,A4,2,A102,889.07,USD,889.07,USD,ACH,0
2026-01-13 17:37:00,3,A63,0,A285,516.9,USD,516.9,USD,ACH,0
2026-01-13 17:40:00,1,A81,0,A255,391.5,USD,391.5,USD,ACH,0
2026-01-13 17:40:00,4,A94,2,A2,489.42,USD,489.42,USD,ACH,0
2026-01-13 17:41:00,0,A40,1,A171,224.78,USD,224.78,USD,ACH,0
2026-01-13 17:41:00,0,A160,3,A258,318.56,USD,318.56,USD,ACH,0
2026-01-13 17:41:00,0,A165,2,A297,324.1,USD,324.1,USD,ACH,1
2026-01-13 17:42:00,1,A46,2,A167,1381.46,USD,1381.46,USD,ACH,0
2026-01-13 17:42:00,0,A105,1,A146,963.52,USD,963.52,USD,ACH,0
2026-01-13 17:42:00,1,A151,1,A36,361.64,USD,361.64,USD,ACH,0
2026-01-13 17:43:00,2,A37,0,A75,515.08,USD,515.08,USD,ACH,0
2026-01-13 17:47:00,2,A277,1,A206,841.76,USD,841.76,USD,ACH,1
2026-01-13 17:48:00,1,A36,2,A87,285.18,USD,285.18,USD,ACH,0
2026-01-13 17:49:00,3,A8,2,A237,112.23,USD,112.23,USD,ACH,0
2026-01-13 17:49:00,4,A9,2,A167,1181.88,USD,1181.88,USD,ACH,0
2026-01-13 17:50:00,2,A182,4,A299,593.01,USD,593.01,USD,ACH,0
2026-01-13 17:52:00,0,A175,4,A214,894.92,USD,894.92,USD,ACH,0
2026-01-13 17:55:00,1,A101,0,A135,524.99,USD,524.99,USD,ACH,0
2026-01-13 17:55:00,3,A278,0,A170,1694.73,USD,1694.73,USD,ACH,0
2026-01-13 17:57:00,2,A257,4,A299,483.0,USD,483.0,USD,ACH,0
2026-01-13 17:59:00,4,A199,1,A281,595.89,USD,595.89,USD,ACH,0
2026-01-14 08:00:00,0,A135,1,A181,150.3,USD,150.3,USD,ACH,0
2026-01-14 08:01:00,0,A100,3,A58,373.26,USD,373.26,USD,ACH,0
2026-01-14 08:01:00,4,A164,2,A272,192.43,USD,192.43,USD,ACH,0
2026-01-14 08:03:00,3,A83,2,A97,852.6,USD,852.6,USD,ACH,0
2026-01-14 08:05:00,3,A68,3,A278,479.11,USD,479.11,USD,ACH,0
2026-01-14 08:07:00,1,A146,0,A155,258.82,USD,258.82,USD,ACH,0
2026-01-14 08:08:00,2,A72,3,A273,369.35,USD,369.35,USD,ACH,0
2026-01-14 08:08:00,2,A92,3,A208,829.07,USD,829.07,USD,ACH,0
2026-01-14 08:09:00,3,A253,3,A288,288.04,USD,288.04,USD,ACH,0
2026-01-14 08:13:00,0,A55,4,A54,354.99,USD,354.99,USD,ACH,0
2026-01-14 08:13:00,3,A128,3,A73,506.58,USD,506.58,USD,ACH,0
2026-01-14 08:15:00,0,A190,2,A177,581.77,USD,581.77,USD,ACH,0
2026-01-14 08:17:00,2,A27,3,A38,359.71,USD,359.71,USD,ACH,1
2026-01-14 08:17:00,1,A91,0,A20,651.35,USD,651.35,USD,ACH,0
2026-01-14 08:17:00,0,A130,2,A132,251.51,USD,251.51,USD,ACH,0
2026-01-14 08:18:00,3,A28,2,A117,604.12,USD,604.12,USD,ACH,0
2026-01-14 08:19:00,3,A113,0,A235,2169.55,USD,2169.55,USD,ACH,1
2026-01-14 08:20:00,2,A272,2,A22,396.77,USD,396.77,USD,ACH,0
2026-01-14 08:21:00,1,A41,4,A84,361.77,USD,361.77,USD,ACH,0
2026-01-14 08:25:00,2,A177,1,A146,808.71,USD,808.71,USD,ACH,0
2026-01-14 08:27:00,0,A110,0,A285,310.19,USD,310.19,USD,ACH,0
2026-01-14 08:27:00,0,A225,0,A115,611.05,USD,611.05,USD,ACH,0
2026-01-14 08:28:00,0,A35,0,A110,81.41,USD,81.41,USD,ACH,0
2026-01-14 08:32:00,2,A207,0,A75,713.24,USD,713.24,USD,ACH,0
2026-01-14 08:34:00,4,A189,0,A155,1684.6,USD,1684.6,USD,ACH,0
2026-01-14 08:37:00,4,A194,1,A151,108.88,USD,108.88,USD,ACH,0
2026-01-14 08:39:00,4,A24,1,A151,193.49,USD,193.49,USD,ACH,0
2026-01-14 08:39:00,4,A139,3,A28,812.71,USD,812.71,USD,ACH,0
2026-01-14 08:39:00,4,A194,4,A29,204.6,USD,204.6,USD,ACH,0
2026-01-14 08:39:00,4,A219,2,A102,482.86,USD,482.86,USD,ACH,0
2026-01-14 08:43:00,3,A48,2,A222,726.54,USD,726.54,USD,ACH,0
2026-01-14 08:46:00,3,A113,0,A100,424.71,USD,424.71,USD,ACH,0
2026-01-14 08:47:00,3,A138,2,A97,519.34,USD,519.34,USD,ACH,0
2026-01-14 08:47:00,2,A202,0,A110,186.22,USD,186.22,USD,ACH,0
2026-01-14 08:49:00,1,A46,2,A257,466.18,USD,466.18,USD,ACH,0
2026-01-14 08:49:00,3,A78,4,A79,187.85,USD,187.85,USD,ACH,0
2026-01-14 08:50:00,1,A21,1,A281,407.96,USD,407.96,USD,ACH,0
2026-01-14 08:53:00,2,A122,2,A267,127.42,USD,127.42,USD,ACH,0
2026-01-14 08:53:00,0,A140,3,A203,863.65,USD,863.65,USD,ACH,0
2026-01-14 08:53:00,2,A287,1,A76,497.94,USD,497.94,USD,ACH,0
2026-01-14 08:55:00,1,A121,3,A98,268.43,USD,268.43,USD,ACH,0
2026-01-14 08:57:00,3,A118,2,A22,593.74,USD,593.74,USD,ACH,0
2026-01-14 08:58:00,0,A115,4,A29,320.06,USD,320.06,USD,ACH,0
2026-01-14 08:58:00,0,A155,4,A154,267.22,USD,267.22,USD,ACH,0
2026-01-14 08:59:00,3,A173,4,A214,309.71,USD,309.71,USD,ACH,0
2026-01-14 09:02:00,4,A104,4,A194,176.9,USD,176.9,USD,ACH,0
2026-01-14 09:04:00,3,A183,0,A220,711.96,USD,711.96,USD,ACH,1
2026-01-14 09:05:00,3,A123,2,A272,1031.11,USD,1031.11,USD,ACH,0
2026-01-14 09:06:00,0,A170,1,A6,103.99,USD,103.99,USD,ACH,0
2026-01-14 09:06:00,0,A295,3,A18,265.04,USD,265.04,USD,ACH,0
2026-01-14 09:07:00,4,A154,4,A104,474.91,USD,474.91,USD,ACH,0
2026-01-14 09:07:00,1,A271,4,A99,240.66,USD,240.66,USD,ACH,0
2026-01-14 09:08:00,4,A29,0,A165,233.7,USD,233.7,USD,ACH,0
2026-01-14 09:08:00,0,A135,1,A46,279.77,USD,279.77,USD,ACH,0
2026-01-14 09:08:00,0,A270,0,A135,72.85,USD,72.85,USD,ACH,0
2026-01-14 09:09:00,4,A164,4,A299,146.49,USD,146.49,USD,ACH,0
2026-01-14 09:09:00,1,A286,0,A225,435.25,USD,435.25,USD,ACH,0
2026-01-14 09:13:00,3,A148,3,A188,155.49,USD,155.49,USD,ACH,0
2026-01-14 09:14:00,3,A198,0,A65,290.54,USD,290.54,USD,ACH,0
2026-01-14 09:15:00,0,A290,0,A105,239.69,USD,239.69,USD,ACH,0
2026-01-14 09:17:00,1,A31,0,A215,102.98,USD,102.98,USD,ACH,0
2026-01-14 09:18:00,3,A23,2,A232,710.01,USD,710.01,USD,ACH,0
2026-01-14 09:21:00,3,A33,2,A92,447.84,USD,447.84,USD,ACH,0
2026-01-14 09:21:00,4,A39,1,A196,3820.52,USD,3820.52,USD,ACH,0
2026-01-14 09:22:00,3,A73,3,A188,421.91,USD,421.91,USD,ACH,0
2026-01-14 09:22:00,1,A101,1,A151,689.59,USD,689.59,USD,ACH,0
2026-01-14 09:23:00,2,A112,3,A133,234.05,USD,234.05,USD,ACH,0
2026-01-14 09:23:00,0,A155,2,A212,375.06,USD,375.06,USD,ACH,0
2026-01-14 09:23:00,2,A232,1,A141,434.16,USD,434.16,USD,ACH,0
2026-01-14 09:25:00,4,A99,3,A33,261.31,USD,261.31,USD,ACH,0
2026-01-14 09:25:00,1,A196,2,A222,624.9,USD,624.9,USD,ACH,0
2026-01-14 09:26:00,0,A160,4,A129,239.38,USD,239.38,USD,ACH,0
2026-01-14 09:26:00,3,A288,1,A276,1643.6,USD,1643.6,USD,ACH,0
2026-01-14 09:27:00,0,A60,0,A265,1676.3,USD,1676.3,USD,ACH,0
2026-01-14 09:27:00,3,A218,4,A119,656.41,USD,656.41,USD,ACH,0
2026-01-14 09:31:00,0,A175,2,A192,622.42,USD,622.42,USD,ACH,0
2026-01-14 09:31:00,1,A186,1,A86,312.53,USD,312.53,USD,ACH,0
2026-01-14 09:33:00,2,A242,0,A55,777.03,USD,777.03,USD,ACH,0
2026-01-14 09:35:00,0,A90,1,A96,410.1,USD,410.1,USD,ACH,0
2026-01-14 09:35:00,0,A130,0,A160,321.16,USD,321.16,USD,ACH,0
2026-01-14 09:38:00,2,A202,0,A200,130.52,USD,130.52,USD,ACH,0
2026-01-14 09:38:00,4,A244,2,A277,459.58,USD,459.58,USD,ACH,0
2026-01-14 09:39:00,4,A109,4,A149,1032.11,USD,1032.11,USD,ACH,0
2026-01-14 09:42:00,0,A280,2,A162,374.58,USD,374.58,USD,ACH,0
2026-01-14 09:43:00,4,A44,1,A211,108.38,USD,108.38,USD,ACH,0
2026-01-14 09:43:00,2,A122,0,A5,194.77,USD,194.77,USD,ACH,0
2026-01-14 09:43:00,2,A242,4,A209,549.3,USD,549.3,USD,ACH,0
2026-01-14 09:46:00,4,A284,4,A29,74.48,USD,74.48,USD,ACH,0
2026-01-14 09:48:00,2,A67,4,A149,1035.65,USD,1035.65,USD,ACH,0
2026-01-14 09:50:00,4,A19,0,A155,147.18,USD,147.18,USD,ACH,0
2026-01-14 09:50:00,3,A193,2,A157,383.7,USD,383.7,USD,ACH,0
2026-01-14 09:51:00,1,A196,2,A272,317.28,USD,317.28,USD,ACH,0
2026-01-14 09:51:00,1,A241,3,A23,234.39,USD,234.39,USD,ACH,0
2026-01-14 09:52:00,3,A58,0,A190,500.43,USD,500.43,USD,ACH,0
2026-01-14 09:52:00,3,A293,4,A64,1083.08,USD,1083.08,USD,ACH,0
2026-01-14 09:53:00,0,A80,3,A263,221.12,USD,221.12,USD,ACH,0
2026-01-14 09:54:00,3,A203,1,A81,208.46,USD,208.46,USD,ACH,1
2026-01-14 09:56:00,3,A158,2,A192,597.9,USD,597.9,USD,ACH,0
2026-01-14 09:57:00,0,A255,0,A45,229.42,USD,229.42,USD,ACH,0
2026-01-14 10:00:00,2,A252,4,A59,386.33,USD,386.33,USD,ACH,0
2026-01-14 10:01:00,3,A118,0,A110,1240.88,USD,1240.88,USD,ACH,0
2026-01-14 10:02:00,0,A145,0,A280,287.4,USD,287.4,USD,ACH,0
2026-01-14 10:02:00,3,A173,0,A265,328.33,USD,328.33,USD,ACH,0
2026-01-14 10:03:00,2,A57,1,A111,467.52,USD,467.52,USD,ACH,0
2026-01-14 10:03:00,3,A168,3,A268,724.92,USD,724.92,USD,ACH,0
2026-01-14 10:06:00,4,A214,4,A254,324.2,USD,324.2,USD,ACH,0
2026-01-14 10:06:00,1,A251,0,A20,440.45,USD,440.45,USD,ACH,0
2026-01-14 10:08:00,1,A151,4,A34,243.68,USD,243.68,USD,ACH,1
2026-01-14 10:12:00,0,A220,3,A188,136.46,USD,136.46,USD,ACH,0
2026-01-14 10:13:00,1,A176,4,A174,471.52,USD,471.52,USD,ACH,0
2026-01-14 10:14:00,0,A245,4,A254,404.88,USD,404.88,USD,ACH,0
2026-01-14 10:15:00,1,A181,3,A93,652.63,USD,652.63,USD,ACH,0
2026-01-14 10:16:00,3,A98,1,A191,533.47,USD,533.47,USD,ACH,0
2026-01-14 10:18:00,4,A204,3,A33,868.21,USD,868.21,USD,ACH,0
2026-01-14 10:20:00,2,A132,0,A30,615.21,USD,615.21,USD,ACH,0
2026-01-14 10:21:00,3,A223,4,A299,768.54,USD,768.54,USD,ACH,0
2026-01-14 10:22:00,2,A297,2,A222,102.88,USD,102.88,USD,ACH,0
2026-01-14 10:25:00,1,A156,2,A162,329.66,USD,329.66,USD,ACH,0
2026-01-14 10:26:00,3,A278,1,A46,769.75,USD,769.75,USD,ACH,0
2026-01-14 10:32:00,4,A264,4,A224,211.81,USD,211.81,USD,ACH,0
2026-01-14 10:33:00,4,A244,1,A176,264.65,USD,264.65,USD,ACH,0
2026-01-14 10:37:00,1,A1,2,A212,99.53,USD,99.53,USD,ACH,0
2026-01-14 10:37:00,1,A11,4,A94,204.21,USD,204.21,USD,ACH,0
2026-01-14 10:39:00,2,A142,1,A31,264.83,USD,264.83,USD,ACH,0
2026-01-14 10:39:00,4,A144,1,A156,946.9,USD,946.9,USD,ACH,0
2026-01-14 10:39:00,2,A292,4,A164,408.46,USD,408.46,USD,ACH,0
2026-01-14 10:40:00,1,A191,3,A188,131.37,USD,131.37,USD,ACH,0
2026-01-14 10:41:00,0,A20,1,A231,189.71,USD,189.71,USD,ACH,0
2026-01-14 10:42:00,4,A289,3,A138,672.62,USD,672.62,USD,ACH,0
2026-01-14 10:43:00,4,A89,1,A176,166.62,USD,166.62,USD,ACH,0
2026-01-14 10:46:00,4,A9,1,A176,326.83,USD,326.83,USD,ACH,0
2026-01-14 10:46:00,1,A61,1,A81,154.59,USD,154.59,USD,ACH,0
2026-01-14 10:46:00,3,A158,4,A189,533.5,USD,533.5,USD,ACH,0
2026-01-14 10:47:00,2,A17,2,A197,599.88,USD,599.88,USD,ACH,0
2026-01-14 10:47:00,4,A69,3,A228,459.03,USD,459.03,USD,ACH,0
2026-01-14 10:47:00,4,A229,4,A119,893.99,USD,893.99,USD,ACH,0
2026-01-14 10:50:00,1,A166,0,A125,267.78,USD,267.78,USD,ACH,0
2026-01-14 10:50:00,4,A184,2,A117,2927.5,USD,2927.5,USD,ACH,0
2026-01-14 10:51:00,3,A58,1,A186,1316.31,USD,1316.31,USD,ACH,0
2026-01-14 10:52:00,1,A41,1,A281,228.66,USD,228.66,USD,ACH,0
2026-01-14 10:57:00,0,A265,1,A161,398.72,USD,398.72,USD,ACH,0
2026-01-14 11:03:00,4,A189,1,A61,334.58,USD,334.58,USD,ACH,0
2026-01-14 11:04:00,4,A29,0,A170,252.87,USD,252.87,USD,ACH,0
2026-01-14 11:04:00,3,A208,4,A59,70.84,USD,70.84,USD,ACH,0
2026-01-14 11:04:00,0,A245,0,A275,385.27,USD,385.27,USD,ACH,1
2026-01-14 11:05:00,2,A227,1,A81,293.09,USD,293.09,USD,ACH,0
2026-01-14 11:06:00,0,A145,2,A202,668.96,USD,668.96,USD,ACH,0
2026-01-14 11:06:00,0,A285,2,A92,287.96,USD,287.96,USD,ACH,0
2026-01-14 11:13:00,2,A282,4,A199,280.13,USD,280.13,USD,ACH,0
2026-01-14 11:23:00,4,A104,4,A109,133.94,USD,133.94,USD,ACH,0
2026-01-14 11:23:00,4,A229,0,A240,345.65,USD,345.65,USD,ACH,0
2026-01-14 11:24:00,4,A64,0,A290,915.67,USD,915.67,USD,ACH,0
2026-01-14 11:24:00,1,A96,2,A47,227.08,USD,227.08,USD,ACH,0
2026-01-14 11:25:00,4,A79,0,A110,1037.37,USD,1037.37,USD,ACH,0
2026-01-14 11:26:00,1,A36,4,A154,1503.37,USD,1503.37,USD,ACH,0
2026-01-14 11:26:00,1,A81,2,A217,188.32,USD,188.32,USD,ACH,0
2026-01-14 11:26:00,2,A292,1,A51,300.12,USD,300.12,USD,ACH,0
2026-01-14 11:29:00,1,A146,1,A291,628.29,USD,628.29,USD,ACH,0
2026-01-14 11:29:00,1,A276,0,A270,335.83,USD,335.83,USD,ACH,0
2026-01-14 11:32:00,3,A138,4,A299,2411.33,USD,2411.33,USD,ACH,0
2026-01-14 11:32:00,1,A206,2,A152,1050.11,USD,1050.11,USD,ACH,0
2026-01-14 11:35:00,0,A265,0,A60,537.82,USD,537.82,USD,ACH,0
2026-01-14 11:36:00,1,A11,2,A2,389.05,USD,389.05,USD,ACH,0
2026-01-14 11:36:00,2,A247,2,A122,299.37,USD,299.37,USD,ACH,0
2026-01-14 11:38:00,3,A218,4,A244,909.04,USD,909.04,USD,ACH,0
2026-01-14 11:39:00,0,A45,1,A46,719.7,USD,719.7,USD,ACH,0
2026-01-14 11:39:00,3,A233,4,A279,418.49,USD,418.49,USD,ACH,0
2026-01-14 11:39:00,1,A246,4,A259,1098.55,USD,1098.55,USD,ACH,0
2026-01-14 11:41:00,2,A12,4,A109,636.65,USD,636.65,USD,ACH,0
2026-01-14 11:41:00,1,A66,2,A37,161.34,USD,161.34,USD,ACH,1
2026-01-14 11:41:00,4,A119,1,A6,294.68,USD,294.68,USD,ACH,0
2026-01-14 11:42:00,1,A131,1,A201,184.25,USD,184.25,USD,ACH,0
2026-01-14 11:44:00,1,A161,3,A98,431.84,USD,431.84,USD,ACH,0
2026-01-14 11:44:00,4,A254,3,A63,259.75,USD,259.75,USD,ACH,0
2026-01-14 11:45:00,3,A13,3,A133,348.78,USD,348.78,USD,ACH,0
2026-01-14 11:45:00,2,A22,4,A189,144.72,USD,144.72,USD,ACH,0
2026-01-14 11:46:00,3,A283,2,A27,362.36,USD,362.36,USD,ACH,0
2026-01-14 11:47:00,1,A286,4,A109,468.43,USD,468.43,USD,ACH,0
2026-01-14 11:50:00,3,A23,0,A160,102.83,USD,102.83,USD,ACH,0
2026-01-14 11:51:00,0,A120,2,A292,419.39,USD,419.39,USD,ACH,0
2026-01-14 11:52:00,0,A55,1,A31,434.16,USD,434.16,USD,ACH,0
2026-01-14 11:57:00,4,A4,0,A205,835.69,USD,835.69,USD,ACH,0
2026-01-14 11:58:00,4,A199,3,A243,2425.33,USD,2425.33,USD,ACH,0
2026-01-14 12:01:00,1,A96,4,A129,1381.74,USD,1381.74,USD,ACH,0
2026-01-14 12:01:00,4,A129,1,A226,907.82,USD,907.82,USD,ACH,0
2026-01-14 12:01:00,2,A152,0,A145,2441.86,USD,2441.86,USD,Wire,0
2026-01-14 12:01:00,4,A244,2,A237,2503.59,USD,2503.59,USD,Wire,0
2026-01-14 12:01:00,2,A297,0,A290,1419.81,USD,1419.81,USD,Wire,0
2026-01-14 12:02:00,4,A234,2,A227,2578.11,USD,2578.11,USD,Wire,0
2026-01-14 12:03:00,2,A2,0,A195,843.25,USD,843.25,USD,ACH,0
2026-01-14 12:03:00,0,A165,1,A231,316.33,USD,316.33,USD,ACH,0
2026-01-14 12:03:00,1,A296,4,A289,3069.59,USD,3069.59,USD,Wire,0
2026-01-14 12:04:00,4,A39,2,A32,1432.52,USD,1432.52,USD,Wire,0
2026-01-14 12:05:00,1,A86,4,A79,3286.05,USD,3286.05,USD,Wire,0
2026-01-14 12:05:00,1,A171,4,A164,2087.35,USD,2087.35,USD,Wire,0
2026-01-14 12:05:00,4,A184,2,A177,2609.06,USD,2609.06,USD,Wire,0
2026-01-14 12:06:00,0,A10,3,A3,1600.13,USD,1600.13,USD,Wire,0
2026-01-14 12:06:00,4,A84,2,A77,2697.42,USD,2697.42,USD,Wire,0
2026-01-14 12:07:00,0,A70,3,A63,1870.55,USD,1870.55,USD,Wire,0
2026-01-14 12:07:00,1,A276,3,A168,77.02,USD,77.02,USD,ACH,0
2026-01-14 12:08:00,3,A178,0,A45,516.7,USD,516.7,USD,ACH,0
2026-01-14 12:08:00,1,A236,1,A81,740.72,USD,740.72,USD,ACH,0
2026-01-14 12:08:00,3,A298,2,A127,803.52,USD,803.52,USD,ACH,0
2026-01-14 12:09:00,2,A272,0,A265,2255.75,USD,2255.75,USD,Wire,0
2026-01-14 12:10:00,3,A28,1,A21,1484.21,USD,1484.21,USD,Wire,0
2026-01-14 12:10:00,0,A205,3,A198,3013.97,USD,3013.97,USD,Wire,0
2026-01-14 12:10:00,4,A214,2,A207,2503.64,USD,2503.64,USD,Wire,0
2026-01-14 12:11:00,3,A153,1,A146,2367.91,USD,2367.91,USD,Wire,0
2026-01-14 12:11:00,0,A235,3,A228,2847.31,USD,2847.31,USD,Wire,0
2026-01-14 12:11:00,0,A280,3,A273,1908.5,USD,1908.5,USD,Wire,0
2026-01-14 12:12:00,1,A46,4,A39,3013.19,USD,3013.19,USD,Wire,0
2026-01-14 12:12:00,2,A57,0,A10,565.07,USD,565.07,USD,ACH,1
2026-01-14 12:12:00,3,A123,1,A116,2621.23,USD,2621.23,USD,Wire,0
2026-01-14 12:12:00,1,A216,4,A209,3261.52,USD,3261.52,USD,Wire,0
2026-01-14 12:12:00,1,A221,2,A32,829.93,USD,829.93,USD,ACH,0
2026-01-14 12:13:00,0,A50,0,A115,207.99,USD,207.99,USD,ACH,0
2026-01-14 12:13:00,2,A102,0,A95,2061.3,USD,2061.3,USD,Wire,0
2026-01-14 12:13:00,3,A173,1,A166,2346.29,USD,2346.29,USD,Wire,0
2026-01-14 12:13:00,1,A286,4,A279,2862.21,USD,2862.21,USD,Wire,0
2026-01-14 12:14:00,3,A183,1,A176,2446.9,USD,2446.9,USD,Wire,0
2026-01-14 12:14:00,0,A240,3,A233,1728.36,USD,1728.36,USD,Wire,0
2026-01-14 12:14:00,3,A283,1,A276,2614.2,USD,2614.2,USD,Wire,0
2026-01-14 12:15:00,2,A22,0,A15,2002.24,USD,2002.24,USD,Wire,0
2026-01-14 12:15:00,4,A64,2,A57,2669.89,USD,2669.89,USD,Wire,0
2026-01-14 12:16:00,4,A64,0,A220,113.52,USD,113.52,USD,ACH,0
2026-01-14 12:16:00,0,A125,3,A118,2606.8,USD,2606.8,USD,Wire,0
2026-01-14 12:16:00,1,A226,4,A219,2965.04,USD,2965.04,USD,Wire,0
2026-01-14 12:16:00,3,A293,1,A286,2562.33,USD,2562.33,USD,Wire,0
2026-01-14 12:17:00,3,A93,1,A256,568.99,USD,568.99,USD,ACH,0
2026-01-14 12:18:00,0,A25,1,A221,202.46,USD,202.46,USD,ACH,0
2026-01-14 12:18:00,1,A126,4,A119,3007.03,USD,3007.03,USD,Wire,0
2026-01-14 12:18:00,0,A180,3,A68,372.77,USD,372.77,USD,ACH,0
2026-01-14 12:18:00,1,A206,4,A199,2859.34,USD,2859.34,USD,Wire,0
2026-01-14 12:19:00,4,A159,1,A186,650.13,USD,650.13,USD,ACH,0
2026-01-14 12:19:00,0,A220,3,A213,1976.45,USD,1976.45,USD,Wire,0
2026-01-14 12:19:00,4,A299,4,A154,372.86,USD,372.86,USD,ACH,0
2026-01-14 12:21:00,4,A14,1,A11,409.71,USD,409.71,USD,ACH,0
2026-01-14 12:21:00,3,A88,3,A278,722.07,USD,722.07,USD,ACH,0
2026-01-14 12:21:00,0,A145,3,A158,2259.35,USD,2259.35,USD,Wire,0
2026-01-14 12:21:00,2,A237,0,A250,2318.79,USD,2318.79,USD,Wire,0
2026-01-14 12:21:00,0,A290,3,A3,1372.24,USD,1372.24,USD,Wire,0
2026-01-14 12:22:00,3,A63,4,A294,128.33,USD,128.33,USD,ACH,0
2026-01-14 12:22:00,2,A227,0,A240,2392.23,USD,2392.23,USD,Wire,0
2026-01-14 12:22:00,4,A274,4,A109,430.86,USD,430.86,USD,ACH,0
2026-01-14 12:23:00,2,A197,4,A124,248.82,USD,248.82,USD,ACH,0
2026-01-14 12:23:00,4,A289,2,A2,2978.44,USD,2978.44,USD,Wire,0
2026-01-14 12:24:00,2,A32,0,A45,1389.63,USD,1389.63,USD,Wire,0
2026-01-14 12:24:00,1,A71,3,A173,306.79,USD,306.79,USD,ACH,1
2026-01-14 12:25:00,2,A67,1,A171,1084.87,USD,1084.87,USD,ACH,0
2026-01-14 12:25:00,4,A79,2,A92,3096.97,USD,3096.97,USD,Wire,0
2026-01-14 12:25:00,4,A164,2,A177,1982.73,USD,1982.73,USD,Wire,0
2026-01-14 12:25:00,2,A177,0,A190,2441.14,USD,2441.14,USD,Wire,0
2026-01-14 12:26:00,3,A3,1,A16,1507.07,USD,1507.07,USD,Wire,0
2026-01-14 12:26:00,2,A77,0,A90,2628.22,USD,2628.22,USD,Wire,0
2026-01-14 12:27:00,3,A8,1,A41,337.91,USD,337.91,USD,ACH,0
2026-01-14 12:27:00,3,A63,1,A76,1777.17,USD,1777.17,USD,Wire,0
2026-01-14 12:28:00,1,A191,3,A133,587.79,USD,587.79,USD,ACH,0
2026-01-14 12:29:00,0,A265,3,A278,2083.68,USD,2083.68,USD,Wire,0
2026-01-14 12:30:00,1,A21,4,A34,1376.16,USD,1376.16,USD,Wire,0
2026-01-14 12:30:00,4,A179,2,A197,749.5,USD,749.5,USD,ACH,0
2026-01-14 12:30:00,3,A198,1,A211,2800.38,USD,2800.38,USD,Wire,0
2026-01-14 12:30:00,2,A207,0,A220,2468.68,USD,2468.68,USD,Wire,0
2026-01-14 12:31:00,1,A146,4,A159,2324.7,USD,2324.7,USD,Wire,0
2026-01-14 12:31:00,3,A228,1,A241,2571.03,USD,2571.03,USD,Wire,0
2026-01-14 12:31:00,3,A273,1,A286,1780.69,USD,1780.69,USD,Wire,0
2026-01-14 12:32:00,4,A39,2,A52,2886.73,USD,2886.73,USD,Wire,0
2026-01-14 12:32:00,1,A116,4,A129,2593.33,USD,2593.33,USD,Wire,0
2026-01-14 12:32:00,4,A209,2,A222,2974.39,USD,2974.39,USD,Wire,0
2026-01-14 12:33:00,0,A95,3,A108,2019.03,USD,2019.03,USD,Wire,0
2026-01-14 12:33:00,1,A166,4,A179,2232.2,USD,2232.2,USD,Wire,0
2026-01-14 12:33:00,4,A279,2,A292,2578.76,USD,2578.76,USD,Wire,0
2026-01-14 12:34:00,1,A176,4,A189,2211.95,USD,2211.95,USD,Wire,0
2026-01-14 12:34:00,3,A233,1,A246,1660.44,USD,1660.44,USD,Wire,0
2026-01-14 12:34:00,1,A276,4,A289,2489.07,USD,2489.07,USD,Wire,0
2026-01-14 12:35:00,0,A15,3,A28,1877.95,USD,1877.95,USD,Wire,0
2026-01-14 12:35:00,2,A57,0,A70,2608.65,USD,2608.65,USD,Wire,0
2026-01-14 12:36:00,3,A53,0,A280,1230.89,USD,1230.89,USD,ACH,0
2026-01-14 12:36:00,1,A116,3,A293,258.26,USD,258.26,USD,ACH,0
2026-01-14 12:36:00,3,A118,1,A131,2523.56,USD,2523.56,USD,Wire,0
2026-01-14 12:36:00,4,A219,2,A232,2754.5,USD,2754.5,USD,Wire,0
2026-01-14 12:36:00,1,A286,4,A299,2350.37,USD,2350.37,USD,Wire,0
2026-01-14 12:37:00,4,A24,0,A230,324.02,USD,324.02,USD,ACH,0
2026-01-14 12:37:00,0,A105,1,A141,528.51,USD,528.51,USD,ACH,0
2026-01-14 12:38:00,4,A119,2,A132,2962.32,USD,2962.32,USD,Wire,0
2026-01-14 12:38:00,4,A199,2,A212,2756.07,USD,2756.07,USD,Wire,0
2026-01-14 12:39:00,3,A213,1,A226,1930.79,USD,1930.79,USD,Wire,0
2026-01-14 12:40:00,2,A162,4,A34,717.0,USD,717.0,USD,ACH,0
2026-01-14 12:42:00,1,A86,3,A18,530.86,USD,530.86,USD,ACH,0
2026-01-14 12:42:00,4,A179,1,A241,346.23,USD,346.23,USD,ACH,0
2026-01-14 12:44:00,0,A70,4,A239,291.1,USD,291.1,USD,ACH,0
2026-01-14 12:45:00,0,A205,1,A146,517.19,USD,517.19,USD,ACH,0
2026-01-14 12:48:00,4,A134,0,A215,671.17,USD,671.17,USD,ACH,0
2026-01-14 12:49:00,2,A37,3,A88,645.29,USD,645.29,USD,ACH,0
2026-01-14 12:52:00,0,A275,1,A236,146.51,USD,146.51,USD,ACH,0
2026-01-14 12:56:00,4,A89,4,A259,151.68,USD,151.68,USD,ACH,0
2026-01-14 12:57:00,4,A59,4,A219,710.28,USD,710.28,USD,ACH,0
2026-01-14 12:59:00,1,A66,3,A148,610.54,USD,610.54,USD,ACH,0
2026-01-14 13:01:00,0,A70,1,A221,1662.16,USD,1662.16,USD,ACH,0
2026-01-14 13:01:00,1,A296,3,A293,811.82,USD,811.82,USD,ACH,1
2026-01-14 13:03:00,0,A0,1,A121,686.3,USD,686.3,USD,ACH,0
2026-01-14 13:03:00,0,A75,4,A114,436.96,USD,436.96,USD,ACH,0
2026-01-14 13:04:00,1,A76,3,A218,197.26,USD,197.26,USD,ACH,0
2026-01-14 13:06:00,2,A207,0,A140,1508.27,USD,1508.27,USD,ACH,0
2026-01-14 13:07:00,2,A32,3,A23,216.2,USD,216.2,USD,ACH,0
2026-01-14 13:07:00,3,A288,1,A111,704.0,USD,704.0,USD,ACH,0
2026-01-14 13:11:00,2,A87,3,A8,1297.44,USD,1297.44,USD,ACH,0
2026-01-14 13:13:00,4,A34,2,A197,80.73,USD,80.73,USD,ACH,0
2026-01-14 13:14:00,0,A0,0,A120,536.76,USD,536.76,USD,ACH,0
2026-01-14 13:14:00,0,A65,0,A290,755.32,USD,755.32,USD,ACH,0
2026-01-14 13:15:00,3,A103,1,A256,357.7,USD,357.7,USD,ACH,0
2026-01-14 13:15:00,0,A185,3,A258,428.29,USD,428.29,USD,ACH,0
2026-01-14 13:15:00,2,A212,2,A67,453.52,USD,453.52,USD,ACH,0
2026-01-14 13:16:00,4,A39,1,A116,759.35,USD,759.35,USD,ACH,0
2026-01-14 13:16:00,0,A85,1,A281,1092.82,USD,1092.82,USD,ACH,0
2026-01-14 13:16:00,2,A192,0,A185,416.42,USD,416.42,USD,ACH,0
2026-01-14 13:17:00,1,A76,0,A205,827.87,USD,827.87,USD,ACH,0
2026-01-14 13:17:00,0,A275,4,A184,669.02,USD,669.02,USD,ACH,0
2026-01-14 13:17:00,2,A297,4,A129,1019.36,USD,1019.36,USD,ACH,0
2026-01-14 13:19:00,4,A209,0,A295,2647.71,USD,2647.71,USD,ACH,0
2026-01-14 13:22:00,2,A217,1,A291,348.68,USD,348.68,USD,ACH,0
2026-01-14 13:22:00,3,A253,3,A183,283.25,USD,283.25,USD,ACH,0
2026-01-14 13:25:00,3,A148,3,A243,785.2,USD,785.2,USD,ACH,0
2026-01-14 13:26:00,4,A259,4,A49,442.77,USD,442.77,USD,ACH,0
2026-01-14 13:28:00,4,A139,3,A218,595.43,USD,595.43,USD,ACH,0
2026-01-14 13:28:00,3,A243,0,A15,399.42,USD,399.42,USD,ACH,0
2026-01-14 13:29:00,3,A43,3,A93,363.94,USD,363.94,USD,ACH,0
2026-01-14 13:29:00,4,A99,2,A172,694.59,USD,694.59,USD,ACH,1
2026-01-14 13:30:00,2,A127,4,A104,503.15,USD,503.15,USD,ACH,0
2026-01-14 13:33:00,2,A172,2,A187,267.96,USD,267.96,USD,ACH,0
2026-01-14 13:35:00,1,A106,1,A171,272.83,USD,272.83,USD,ACH,0
2026-01-14 13:35:00,3,A128,0,A155,982.4,USD,982.4,USD,ACH,0
2026-01-14 13:37:00,2,A262,3,A13,382.51,USD,382.51,USD,ACH,0
2026-01-14 13:40:00,4,A239,3,A43,886.73,USD,886.73,USD,ACH,0
2026-01-14 13:41:00,3,A208,0,A20,487.56,USD,487.56,USD,ACH,0
2026-01-14 13:42:00,1,A266,3,A13,101.73,USD,101.73,USD,ACH,0
2026-01-14 13:43:00,4,A249,2,A7,219.62,USD,219.62,USD,ACH,0
2026-01-14 13:43:00,0,A260,4,A144,241.18,USD,241.18,USD,ACH,0
2026-01-14 13:45:00,1,A291,4,A79,405.58,USD,405.58,USD,ACH,0
2026-01-14 13:46:00,4,A249,0,A230,469.69,USD,469.69,USD,ACH,1
2026-01-14 13:48:00,2,A182,0,A90,252.61,USD,252.61,USD,ACH,0
2026-01-14 13:49:00,0,A210,1,A41,260.86,USD,260.86,USD,ACH,0
2026-01-14 13:49:00,1,A281,3,A38,238.8,USD,238.8,USD,ACH,0
2026-01-14 13:52:00,0,A35,2,A192,559.84,USD,559.84,USD,ACH,0
2026-01-14 13:52:00,2,A277,1,A86,180.68,USD,180.68,USD,ACH,0
2026-01-14 13:53:00,1,A186,4,A19,511.56,USD,511.56,USD,ACH,0
2026-01-14 13:53:00,3,A188,1,A246,663.55,USD,663.55,USD,ACH,0
2026-01-14 13:53:00,0,A195,0,A50,169.38,USD,169.38,USD,ACH,0
2026-01-14 13:54:00,1,A56,3,A298,78.64,USD,78.64,USD,ACH,0
2026-01-14 13:54:00,0,A165,4,A249,906.04,USD,906.04,USD,ACH,0
2026-01-14 13:55:00,2,A182,3,A158,90.27,USD,90.27,USD,ACH,0
2026-01-14 13:55:00,4,A209,3,A253,256.11,USD,256.11,USD,ACH,0
2026-01-14 13:57:00,1,A201,2,A162,223.3,USD,223.3,USD,ACH,0
2026-01-14 13:58:00,3,A258,4,A214,291.5,USD,291.5,USD,ACH,0
2026-01-14 13:59:00,0,A200,0,A105,206.13,USD,206.13,USD,ACH,0
2026-01-14 14:00:00,2,A47,0,A0,838.55,USD,838.55,USD,ACH,0
2026-01-14 14:01:00,4,A119,0,A230,742.8,USD,742.8,USD,ACH,0
2026-01-14 14:05:00,4,A59,0,A265,699.06,USD,699.06,USD,ACH,0
2026-01-14 14:05:00,2,A277,3,A293,1153.62,USD,1153.62,USD,ACH,0
2026-01-14 14:07:00,2,A212,2,A177,537.96,USD,537.96,USD,ACH,0
2026-01-14 14:09:00,1,A171,1,A201,185.58,USD,185.58,USD,ACH,0
2026-01-14 14:09:00,4,A294,4,A104,573.53,USD,573.53,USD,ACH,0
2026-01-14 14:10:00,2,A97,4,A159,245.19,USD,245.19,USD,ACH,0
2026-01-14 14:11:00,1,A6,3,A108,517.31,USD,517.31,USD,ACH,0
2026-01-14 14:11:00,3,A198,3,A178,870.49,USD,870.49,USD,ACH,0
2026-01-14 14:11:00,4,A224,0,A140,366.3,USD,366.3,USD,ACH,0
2026-01-14 14:19:00,1,A166,1,A246,652.75,USD,652.75,USD,ACH,0
2026-01-14 14:20:00,3,A248,1,A176,258.82,USD,258.82,USD,ACH,0
2026-01-14 14:21:00,2,A167,0,A250,1735.57,USD,1735.57,USD,ACH,0
2026-01-14 14:22:00,1,A61,1,A216,512.43,USD,512.43,USD,ACH,0
2026-01-14 14:23:00,4,A224,4,A284,167.4,USD,167.4,USD,ACH,0
2026-01-14 14:24:00,3,A43,1,A171,393.26,USD,393.26,USD,ACH,0
2026-01-14 14:25:00,4,A199,4,A194,207.88,USD,207.88,USD,ACH,0
2026-01-14 14:28:00,3,A53,3,A298,268.94,USD,268.94,USD,ACH,0
2026-01-14 14:29:00,1,A261,3,A288,457.91,USD,457.91,USD,ACH,0
2026-01-14 14:30:00,0,A5,2,A177,656.96,USD,656.96,USD,ACH,0
2026-01-14 14:30:00,3,A213,0,A35,120.39,USD,120.39,USD,ACH,0
2026-01-14 14:31:00,2,A52,0,A160,319.69,USD,319.69,USD,ACH,0
2026-01-14 14:31:00,0,A195,0,A265,278.45,USD,278.45,USD,ACH,0
2026-01-14 14:32:00,2,A107,0,A225,429.51,USD,429.51,USD,ACH,0
2026-01-14 14:32:00,2,A262,2,A132,277.0,USD,277.0,USD,ACH,0
2026-01-14 14:33:00,4,A114,3,A253,526.46,USD,526.46,USD,ACH,0
2026-01-14 14:33:00,1,A126,0,A85,595.17,USD,595.17,USD,ACH,0
2026-01-14 14:37:00,4,A269,4,A4,721.96,USD,721.96,USD,ACH,0
2026-01-14 14:38:00,1,A16,2,A2,950.65,USD,950.65,USD,ACH,0
2026-01-14 14:40:00,0,A40,3,A13,295.48,USD,295.48,USD,ACH,0
2026-01-14 14:42:00,3,A238,4,A264,842.66,USD,842.66,USD,ACH,0
2026-01-14 14:45:00,0,A80,4,A4,118.89,USD,118.89,USD,ACH,0
2026-01-14 14:45:00,1,A231,1,A246,602.07,USD,602.07,USD,ACH,0
2026-01-14 14:46:00,2,A192,4,A19,74.92,USD,74.92,USD,ACH,0
2026-01-14 14:47:00,3,A153,4,A74,297.16,USD,297.16,USD,ACH,0
2026-01-14 14:52:00,2,A22,0,A125,51.08,USD,51.08,USD,ACH,0
2026-01-14 14:52:00,4,A109,3,A123,316.54,USD,316.54,USD,ACH,0
2026-01-14 14:52:00,3,A213,0,A265,117.61,USD,117.61,USD,ACH,0
2026-01-14 14:55:00,2,A17,0,A205,340.23,USD,340.23,USD,ACH,0
2026-01-14 14:59:00,4,A49,4,A239,175.77,USD,175.77,USD,ACH,0
2026-01-14 14:59:00,1,A256,0,A145,360.07,USD,360.07,USD,ACH,0
2026-01-14 15:00:00,3,A293,1,A191,435.19,USD,435.19,USD,ACH,0
2026-01-14 15:02:00,0,A105,0,A35,136.83,USD,136.83,USD,ACH,0
2026-01-14 15:03:00,2,A232,0,A265,310.07,USD,310.07,USD,ACH,0
2026-01-14 15:07:00,0,A150,1,A171,883.89,USD,883.89,USD,ACH,0
2026-01-14 15:07:00,0,A240,2,A262,333.66,USD,333.66,USD,ACH,0
2026-01-14 15:08:00,0,A15,2,A192,112.69,USD,112.69,USD,ACH,0
2026-01-14 15:10:00,2,A27,4,A59,1057.67,USD,1057.67,USD,ACH,0
2026-01-14 15:10:00,0,A95,0,A185,123.01,USD,123.01,USD,ACH,0
2026-01-14 15:10:00,4,A149,4,A44,1367.6,USD,1367.6,USD,ACH,0
2026-01-14 15:12:00,2,A7,3,A238,604.07,USD,604.07,USD,ACH,0
2026-01-14 15:15:00,0,A100,0,A215,162.54,USD,162.54,USD,ACH,0
2026-01-14 15:16:00,4,A129,1,A161,960.73,USD,960.73,USD,ACH,1
2026-01-14 15:17:00,0,A250,3,A253,593.71,USD,593.71,USD,ACH,0
2026-01-14 15:18:00,0,A160,4,A89,295.4,USD,295.4,USD,ACH,0
2026-01-14 15:20:00,2,A162,0,A75,485.36,USD,485.36,USD,ACH,0
2026-01-14 15:20:00,1,A171,3,A233,131.26,USD,131.26,USD,ACH,0
2026-01-14 15:21:00,4,A54,1,A151,451.44,USD,451.44,USD,ACH,0
2026-01-14 15:21:00,4,A264,2,A37,433.52,USD,433.52,USD,ACH,0
2026-01-14 15:22:00,4,A54,0,A225,612.87,USD,612.87,USD,ACH,0
2026-01-14 15:22:00,2,A157,0,A140,1223.97,USD,1223.97,USD,ACH,0
2026-01-14 15:25:00,1,A51,3,A73,322.4,USD,322.4,USD,ACH,0
2026-01-14 15:26:00,2,A167,0,A130,195.65,USD,195.65,USD,ACH,0
2026-01-14 15:26:00,2,A222,0,A160,185.72,USD,185.72,USD,ACH,0
2026-01-14 15:29:00,3,A278,0,A60,1377.22,USD,1377.22,USD,ACH,0
2026-01-14 15:30:00,2,A82,3,A268,66.57,USD,66.57,USD,ACH,0
2026-01-14 15:30:00,2,A147,1,A216,352.18,USD,352.18,USD,ACH,0
2026-01-14 15:32:00,3,A78,2,A107,465.62,USD,465.62,USD,ACH,0
2026-01-14 15:33:00,1,A26,2,A42,1458.03,USD,1458.03,USD,ACH,1
2026-01-14 15:35:00,0,A95,0,A275,364.51,USD,364.51,USD,ACH,0
2026-01-14 15:37:00,2,A187,0,A195,541.09,USD,541.09,USD,ACH,0
2026-01-14 15:38:00,4,A159,3,A278,1162.8,USD,1162.8,USD,ACH,0
2026-01-14 15:38:00,3,A163,4,A179,1235.83,USD,1235.83,USD,ACH,0
2026-01-14 15:39:00,2,A107,0,A10,512.56,USD,512.56,USD,ACH,0
2026-01-14 15:42:00,3,A83,4,A124,239.37,USD,239.37,USD,ACH,0
2026-01-14 15:47:00,0,A240,4,A189,69.25,USD,69.25,USD,ACH,0
2026-01-14 15:48:00,2,A77,3,A233,996.67,USD,996.67,USD,ACH,0
2026-01-14 15:50:00,0,A230,1,A256,303.47,USD,303.47,USD,ACH,0
2026-01-14 15:51:00,2,A77,0,A90,935.13,USD,935.13,USD,ACH,0
2026-01-14 15:51:00,3,A133,4,A189,301.04,USD,301.04,USD,ACH,0
2026-01-14 15:54:00,3,A18,0,A90,1784.52,USD,1784.52,USD,ACH,0
2026-01-14 15:57:00,1,A136,1,A36,301.22,USD,301.22,USD,ACH,0
2026-01-14 15:59:00,1,A181,4,A94,533.22,USD,533.22,USD,ACH,0
2026-01-14 16:03:00,1,A176,4,A134,161.57,USD,161.57,USD,ACH,0
2026-01-14 16:04:00,2,A42,2,A277,389.68,USD,389.68,USD,ACH,0
2026-01-14 16:05:00,2,A152,0,A260,484.0,USD,484.0,USD,ACH,0
2026-01-14 16:05:00,1,A211,0,A200,243.21,USD,243.21,USD,ACH,0
2026-01-14 16:05:00,4,A284,2,A272,579.33,USD,579.33,USD,ACH,0
2026-01-14 16:08:00,3,A98,2,A137,265.82,USD,265.82,USD,ACH,0
2026-01-14 16:08:00,3,A238,1,A266,398.76,USD,398.76,USD,ACH,0
2026-01-14 16:12:00,2,A187,2,A212,2034.95,USD,2034.95,USD,ACH,0
2026-01-14 16:18:00,4,A289,0,A85,345.01,USD,345.01,USD,ACH,0
2026-01-14 16:19:00,2,A137,1,A36,261.48,USD,261.48,USD,ACH,0
2026-01-14 16:19:00,3,A143,4,A209,308.33,USD,308.33,USD,ACH,0
2026-01-14 16:21:00,1,A226,4,A4,253.7,USD,253.7,USD,ACH,0
2026-01-14 16:24:00,1,A216,2,A77,698.69,USD,698.69,USD,ACH,0
2026-01-14 16:26:00,1,A211,2,A272,357.61,USD,357.61,USD,ACH,0
2026-01-14 16:28:00,1,A91,2,A167,528.77,USD,528.77,USD,ACH,0
2026-01-14 16:28:00,3,A133,2,A122,169.37,USD,169.37,USD,ACH,0
2026-01-14 16:29:00,0,A30,3,A298,260.35,USD,260.35,USD,ACH,0
2026-01-14 16:30:00,1,A111,3,A218,284.39,USD,284.39,USD,ACH,0
2026-01-14 16:32:00,2,A62,4,A259,987.77,USD,987.77,USD,ACH,0
2026-01-14 16:33:00,4,A169,1,A41,245.72,USD,245.72,USD,ACH,0
2026-01-14 16:36:00,4,A174,0,A45,197.21,USD,197.21,USD,ACH,0
2026-01-14 16:37:00,2,A127,1,A91,1174.47,USD,1174.47,USD,ACH,0
2026-01-14 16:41:00,4,A124,0,A245,522.12,USD,522.12,USD,ACH,0
2026-01-14 16:46:00,2,A97,2,A77,696.6,USD,696.6,USD,ACH,0
2026-01-14 16:46:00,2,A157,3,A118,348.67,USD,348.67,USD,ACH,0
2026-01-14 16:47:00,1,A121,4,A109,915.04,USD,915.04,USD,ACH,0
2026-01-14 16:47:00,1,A141,0,A135,214.97,USD,214.97,USD,ACH,0
2026-01-14 16:54:00,3,A8,1,A91,271.58,USD,271.58,USD,ACH,0
2026-01-14 16:55:00,3,A268,3,A138,853.59,USD,853.59,USD,ACH,0
2026-01-14 16:57:00,2,A237,3,A223,209.15,USD,209.15,USD,ACH,0
2026-01-14 16:58:00,4,A44,4,A74,329.12,USD,329.12,USD,ACH,0
2026-01-14 17:01:00,0,A235,2,A32,398.37,USD,398.37,USD,ACH,0
2026-01-14 17:01:00,4,A279,3,A108,555.7,USD,555.7,USD,ACH,0
2026-01-14 17:02:00,4,A74,3,A128,1219.93,USD,1219.93,USD,ACH,0
2026-01-14 17:02:00,4,A94,0,A80,397.8,USD,397.8,USD,ACH,0
2026-01-14 17:02:00,2,A257,4,A124,718.21,USD,718.21,USD,ACH,0
2026-01-14 17:05:00,3,A13,0,A200,1389.67,USD,1389.67,USD,ACH,0
2026-01-14 17:05:00,1,A116,3,A183,804.57,USD,804.57,USD,ACH,0
2026-01-14 17:08:00,3,A38,0,A95,1911.73,USD,1911.73,USD,ACH,0
2026-01-14 17:12:00,4,A34,4,A224,137.88,USD,137.88,USD,ACH,0
2026-01-14 17:12:00,2,A102,1,A21,466.05,USD,466.05,USD,ACH,0
2026-01-14 17:12:00,0,A215,2,A2,188.66,USD,188.66,USD,ACH,0
2026-01-14 17:15:00,3,A168,2,A197,836.11,USD,836.11,USD,ACH,0
2026-01-14 17:15:00,2,A267,4,A254,905.93,USD,905.93,USD,ACH,0
2026-01-14 17:16:00,0,A225,1,A291,428.32,USD,428.32,USD,ACH,0
2026-01-14 17:16:00,3,A298,2,A117,3217.44,USD,3217.44,USD,ACH,0
2026-01-14 17:21:00,2,A102,0,A160,593.42,USD,593.42,USD,ACH,0
2026-01-14 17:22:00,3,A263,4,A219,484.04,USD,484.04,USD,ACH,1
2026-01-14 17:24:00,3,A248,2,A102,387.62,USD,387.62,USD,ACH,0
2026-01-14 17:25:00,2,A177,4,A159,544.28,USD,544.28,USD,ACH,0
2026-01-14 17:25:00,3,A228,0,A245,505.97,USD,505.97,USD,ACH,0
2026-01-14 17:27:00,1,A36,4,A54,566.83,USD,566.83,USD,ACH,0
2026-01-14 17:32:00,3,A108,2,A267,2205.35,USD,2205.35,USD,ACH,0
2026-01-14 17:33:00,2,A252,1,A81,213.6,USD,213.6,USD,ACH,0
2026-01-14 17:36:00,4,A234,0,A25,160.9,USD,160.9,USD,ACH,0
2026-01-14 17:38:00,1,A46,3,A158,585.37,USD,585.37,USD,ACH,0
2026-01-14 17:40:00,1,A26,2,A227,337.17,USD,337.17,USD,ACH,0
2026-01-14 17:40:00,3,A88,0,A245,463.39,USD,463.39,USD,ACH,0
2026-01-14 17:40:00,4,A219,4,A134,283.41,USD,283.41,USD,ACH,0
2026-01-14 17:41:00,4,A84,3,A253,334.88,USD,334.88,USD,ACH,0
2026-01-14 17:41:00,3,A273,1,A26,280.57,USD,280.57,USD,ACH,0
2026-01-14 17:46:00,2,A152,2,A42,116.03,USD,116.03,USD,ACH,0
2026-01-14 17:48:00,4,A49,4,A74,605.61,USD,605.61,USD,ACH,0
2026-01-14 17:49:00,0,A215,4,A114,723.94,USD,723.94,USD,ACH,0
2026-01-14 17:50:00,2,A42,0,A0,177.97,USD,177.97,USD,ACH,0
2026-01-14 17:54:00,1,A231,2,A282,162.59,USD,162.59,USD,ACH,0
2026-01-14 17:55:00,0,A10,0,A25,327.34,USD,327.34,USD,ACH,0
2026-01-14 17:55:00,2,A117,2,A142,212.99,USD,212.99,USD,ACH,0
2026-01-14 17:55:00,0,A125,4,A139,563.59,USD,563.59,USD,ACH,0
2026-01-14 17:56:00,1,A256,3,A143,808.08,USD,808.08,USD,ACH,0
2026-01-14 17:57:00,3,A93,3,A173,218.33,USD,218.33,USD,ACH,0
2026-01-14 17:59:00,3,A3,3,A238,253.71,USD,253.71,USD,ACH,0
2026-01-14 17:59:00,2,A147,2,A52,785.64,USD,785.64,USD,ACH,0
2026-01-15 08:06:00,0,A105,1,A21,598.32,USD,598.32,USD,ACH,0
2026-01-15 08:08:00,2,A72,0,A80,280.65,USD,280.65,USD,ACH,0
2026-01-15 08:08:00,0,A140,1,A146,121.13,USD,121.13,USD,ACH,0
2026-01-15 08:10:00,4,A54,2,A222,85.48,USD,85.48,USD,ACH,0
2026-01-15 08:10:00,4,A254,4,A204,320.38,USD,320.38,USD,ACH,0
2026-01-15 08:10:00,4,A269,1,A201,804.65,USD,804.65,USD,ACH,0
2026-01-15 08:12:00,2,A257,0,A270,922.61,USD,922.61,USD,ACH,0
2026-01-15 08:13:00,0,A130,1,A61,209.91,USD,209.91,USD,ACH,0
2026-01-15 08:16:00,3,A178,3,A88,928.76,USD,928.76,USD,ACH,0
2026-01-15 08:22:00,4,A174,1,A121,876.75,USD,876.75,USD,ACH,0
2026-01-15 08:23:00,2,A42,4,A274,193.6,USD,193.6,USD,ACH,0
2026-01-15 08:23:00,1,A71,3,A258,488.26,USD,488.26,USD,ACH,0
2026-01-15 08:24:00,0,A205,3,A198,597.09,USD,597.09,USD,ACH,0
2026-01-15 08:34:00,2,A212,2,A177,306.11,USD,306.11,USD,ACH,0
2026-01-15 08:35:00,3,A8,0,A60,613.56,USD,613.56,USD,ACH,0
2026-01-15 08:35:00,1,A246,4,A159,1355.87,USD,1355.87,USD,ACH,0
2026-01-15 08:36:00,2,A147,4,A39,270.7,USD,270.7,USD,ACH,0
2026-01-15 08:39:00,2,A12,4,A29,516.01,USD,516.01,USD,ACH,0
2026-01-15 08:39:00,1,A46,0,A295,402.53,USD,402.53,USD,ACH,0
2026-01-15 08:40:00,2,A282,2,A82,96.14,USD,96.14,USD,ACH,0
2026-01-15 08:42:00,4,A214,0,A35,134.59,USD,134.59,USD,ACH,0
2026-01-15 08:42:00,2,A232,2,A212,194.64,USD,194.64,USD,ACH,0
2026-01-15 08:43:00,0,A5,0,A250,157.08,USD,157.08,USD,ACH,0
2026-01-15 08:43:00,1,A101,1,A241,407.42,USD,407.42,USD,ACH,0
2026-01-15 08:43:00,1,A176,4,A274,215.47,USD,215.47,USD,ACH,1
2026-01-15 08:44:00,0,A90,1,A161,533.08,USD,533.08,USD,ACH,0
2026-01-15 08:46:00,1,A36,4,A34,708.41,USD,708.41,USD,ACH,0
2026-01-15 08:47:00,2,A82,2,A87,2120.23,USD,2120.23,USD,ACH,0
2026-01-15 08:50:00,1,A51,4,A109,207.7,USD,207.7,USD,ACH,0
2026-01-15 08:51:00,2,A37,0,A205,531.25,USD,531.25,USD,ACH,0
2026-01-15 08:52:00,1,A271,0,A175,119.36,USD,119.36,USD,ACH,0
2026-01-15 08:53:00,0,A50,1,A6,149.99,USD,149.99,USD,ACH,0
2026-01-15 08:53:00,1,A181,1,A196,172.53,USD,172.53,USD,ACH,0
2026-01-15 08:56:00,0,A55,4,A224,254.47,USD,254.47,USD,ACH,0
2026-01-15 08:59:00,1,A246,0,A280,558.95,USD,558.95,USD,ACH,0
2026-01-15 08:59:00,3,A298,2,A7,222.6,USD,222.6,USD,ACH,0
2026-01-15 09:02:00,1,A51,1,A296,427.13,USD,427.13,USD,ACH,0
2026-01-15 09:03:00,4,A24,0,A130,223.6,USD,223.6,USD,ACH,0
2026-01-15 09:05:00,4,A74,0,A190,284.7,USD,284.7,USD,ACH,0
2026-01-15 09:08:00,1,A181,2,A187,576.3,USD,576.3,USD,ACH,0
2026-01-15 09:11:00,3,A23,4,A114,372.45,USD,372.45,USD,ACH,0
2026-01-15 09:11:00,4,A84,1,A196,573.85,USD,573.85,USD,ACH,0
2026-01-15 09:11:00,4,A274,1,A11,131.78,USD,131.78,USD,ACH,0
2026-01-15 09:12:00,2,A172,1,A16,570.57,USD,570.57,USD,ACH,0
2026-01-15 09:13:00,1,A131,3,A243,139.94,USD,139.94,USD,ACH,0
2026-01-15 09:13:00,3,A203,4,A4,632.59,USD,632.59,USD,ACH,0
2026-01-15 09:14:00,0,A85,2,A102,176.16,USD,176.16,USD,ACH,0
2026-01-15 09:16:00,3,A233,1,A66,286.69,USD,286.69,USD,ACH,1
2026-01-15 09:18:00,3,A43,4,A54,225.56,USD,225.56,USD,ACH,0
2026-01-15 09:19:00,4,A79,4,A84,916.43,USD,916.43,USD,ACH,1
2026-01-15 09:19:00,2,A172,3,A238,560.7,USD,560.7,USD,ACH,0
2026-01-15 09:21:00,1,A86,2,A177,186.95,USD,186.95,USD,ACH,0
2026-01-15 09:22:00,3,A238,4,A219,374.17,USD,374.17,USD,ACH,0
2026-01-15 09:23:00,3,A3,4,A229,232.31,USD,232.31,USD,ACH,0
2026-01-15 09:24:00,1,A71,2,A67,110.5,USD,110.5,USD,ACH,0
2026-01-15 09:24:00,3,A108,1,A281,370.52,USD,370.52,USD,ACH,0
2026-01-15 09:25:00,3,A98,1,A206,153.44,USD,153.44,USD,ACH,0
2026-01-15 09:26:00,1,A76,1,A36,440.78,USD,440.78,USD,ACH,0
2026-01-15 09:26:00,2,A92,2,A242,163.82,USD,163.82,USD,ACH,0
2026-01-15 09:27:00,3,A18,1,A201,250.08,USD,250.08,USD,ACH,0
2026-01-15 09:27:00,2,A207,1,A211,288.87,USD,288.87,USD,ACH,0
2026-01-15 09:28:00,3,A153,1,A116,277.95,USD,277.95,USD,ACH,0
2026-01-15 09:28:00,0,A255,1,A76,321.88,USD,321.88,USD,ACH,0
2026-01-15 09:32:00,3,A103,3,A93,586.62,USD,586.62,USD,ACH,0
2026-01-15 09:33:00,0,A160,0,A40,298.69,USD,298.69,USD,ACH,0
2026-01-15 09:38:00,3,A243,4,A64,224.18,USD,224.18,USD,ACH,0
2026-01-15 09:39:00,1,A136,0,A0,383.67,USD,383.67,USD,ACH,0
2026-01-15 09:39:00,2,A202,2,A97,1818.87,USD,1818.87,USD,ACH,0
2026-01-15 09:42:00,0,A210,2,A157,77.73,USD,77.73,USD,ACH,0
2026-01-15 09:43:00,0,A285,0,A195,334.78,USD,334.78,USD,ACH,0
2026-01-15 09:44:00,0,A275,0,A145,700.17,USD,700.17,USD,ACH,0
2026-01-15 09:47:00,2,A227,0,A35,603.5,USD,603.5,USD,ACH,0
2026-01-15 09:48:00,2,A167,1,A61,457.13,USD,457.13,USD,ACH,0
2026-01-15 09:48:00,2,A282,4,A264,441.56,USD,441.56,USD,ACH,0
2026-01-15 09:50:00,2,A292,0,A0,223.79,USD,223.79,USD,ACH,0
2026-01-15 09:52:00,1,A291,3,A33,230.34,USD,230.34,USD,ACH,0
2026-01-15 09:53:00,3,A118,3,A3,471.51,USD,471.51,USD,ACH,0
2026-01-15 09:54:00,0,A190,3,A218,183.69,USD,183.69,USD,ACH,0
2026-01-15 09:55:00,4,A109,3,A83,431.15,USD,431.15,USD,ACH,0
2026-01-15 09:55:00,4,A164,2,A32,367.7,USD,367.7,USD,ACH,1
2026-01-15 09:59:00,3,A18,2,A62,1006.08,USD,1006.08,USD,ACH,0
2026-01-15 10:01:00,3,A253,1,A211,396.13,USD,396.13,USD,ACH,0
2026-01-15 10:03:00,0,A280,0,A205,93.91,USD,93.91,USD,ACH,0
2026-01-15 10:04:00,1,A1,2,A152,123.98,USD,123.98,USD,ACH,0
2026-01-15 10:04:00,3,A138,1,A201,672.12,USD,672.12,USD,ACH,0
2026-01-15 10:04:00,1,A176,3,A148,326.73,USD,326.73,USD,ACH,0
2026-01-15 10:05:00,4,A14,0,A75,659.91,USD,659.91,USD,ACH,0
2026-01-15 10:06:00,3,A53,2,A282,546.15,USD,546.15,USD,ACH,0
2026-01-15 10:06:00,1,A111,2,A97,730.68,USD,730.68,USD,ACH,0
2026-01-15 10:09:00,4,A259,4,A114,499.88,USD,499.88,USD,ACH,0
2026-01-15 10:10:00,3,A28,0,A225,379.77,USD,379.77,USD,ACH,0
2026-01-15 10:10:00,2,A222,2,A217,180.55,USD,180.55,USD,ACH,0
2026-01-15 10:12:00,3,A213,3,A153,398.23,USD,398.23,USD,ACH,0
2026-01-15 10:15:00,3,A278,2,A252,381.16,USD,381.16,USD,ACH,0
2026-01-15 10:16:00,1,A186,4,A44,585.85,USD,585.85,USD,ACH,0
2026-01-15 10:17:00,0,A285,0,A195,922.53,USD,922.53,USD,ACH,0
2026-01-15 10:18:00,4,A29,0,A115,832.52,USD,832.52,USD,ACH,0
2026-01-15 10:19:00,3,A13,3,A268,182.57,USD,182.57,USD,ACH,0
2026-01-15 10:20:00,0,A0,3,A163,473.64,USD,473.64,USD,ACH,0
2026-01-15 10:20:00,3,A108,4,A74,294.58,USD,294.58,USD,ACH,0
2026-01-15 10:20:00,4,A224,0,A10,132.64,USD,132.64,USD,ACH,0
2026-01-15 10:24:00,3,A93,3,A108,464.58,USD,464.58,USD,ACH,0
2026-01-15 10:24:00,4,A159,1,A291,391.21,USD,391.21,USD,ACH,0
2026-01-15 10:26:00,2,A147,3,A218,293.55,USD,293.55,USD,ACH,0
2026-01-15 10:28:00,3,A293,4,A19,109.12,USD,109.12,USD,ACH,0
2026-01-15 10:29:00,4,A19,0,A30,555.76,USD,555.76,USD,ACH,0
2026-01-15 10:29:00,4,A219,4,A154,445.52,USD,445.52,USD,ACH,0
2026-01-15 10:31:00,0,A200,3,A203,248.5,USD,248.5,USD,ACH,0
2026-01-15 10:35:00,4,A9,3,A148,837.93,USD,837.93,USD,ACH,0
2026-01-15 10:35:00,2,A177,1,A181,330.22,USD,330.22,USD,ACH,1
2026-01-15 10:36:00,4,A204,4,A149,433.65,USD,433.65,USD,ACH,0
2026-01-15 10:37:00,3,A278,2,A72,3002.35,USD,3002.35,USD,ACH,0
2026-01-15 10:38:00,2,A212,2,A152,187.69,USD,187.69,USD,ACH,0
2026-01-15 10:41:00,3,A133,4,A284,382.27,USD,382.27,USD,ACH,0
2026-01-15 10:42:00,3,A148,0,A140,1407.74,USD,1407.74,USD,ACH,0
2026-01-15 10:45:00,4,A284,3,A288,1017.05,USD,1017.05,USD,ACH,0
2026-01-15 10:46:00,1,A156,4,A94,130.22,USD,130.22,USD,ACH,0
2026-01-15 10:48:00,3,A123,3,A228,324.74,USD,324.74,USD,ACH,0
2026-01-15 10:48:00,1,A126,2,A117,736.95,USD,736.95,USD,ACH,0
2026-01-15 10:50:00,3,A163,0,A155,456.47,USD,456.47,USD,ACH,0
2026-01-15 10:50:00,3,A298,0,A150,382.83,USD,382.83,USD,ACH,0
2026-01-15 10:51:00,4,A39,3,A153,364.14,USD,364.14,USD,ACH,0
2026-01-15 10:53:00,2,A27,2,A172,1244.5,USD,1244.5,USD,ACH,0
2026-01-15 10:55:00,3,A83,0,A255,436.83,USD,436.83,USD,ACH,0
2026-01-15 10:55:00,1,A171,2,A252,176.62,USD,176.62,USD,ACH,0
2026-01-15 11:01:00,1,A146,4,A294,260.09,USD,260.09,USD,ACH,0
2026-01-15 11:01:00,4,A259,4,A114,1177.99,USD,1177.99,USD,ACH,0
2026-01-15 11:01:00,4,A279,3,A118,1060.32,USD,1060.32,USD,ACH,1
2026-01-15 11:01:00,4,A299,2,A22,538.38,USD,538.38,USD,ACH,0
2026-01-15 11:02:00,1,A276,2,A52,705.42,USD,705.42,USD,ACH,0
2026-01-15 11:03:00,3,A38,1,A201,771.85,USD,771.85,USD,ACH,0
2026-01-15 11:03:00,4,A124,0,A155,265.87,USD,265.87,USD,ACH,0
2026-01-15 11:03:00,4,A274,2,A282,103.38,USD,103.38,USD,ACH,0
2026-01-15 11:04:00,4,A199,2,A242,784.87,USD,784.87,USD,ACH,0
2026-01-15 11:06:00,4,A19,4,A84,491.82,USD,491.82,USD,ACH,0
2026-01-15 11:06:00,2,A57,0,A65,872.43,USD,872.43,USD,ACH,0
2026-01-15 11:07:00,2,A12,3,A248,246.9,USD,246.9,USD,ACH,0
2026-01-15 11:08:00,1,A286,1,A206,314.92,USD,314.92,USD,ACH,0
2026-01-15 11:09:00,3,A63,1,A1,1603.04,USD,1603.04,USD,ACH,0
2026-01-15 11:12:00,2,A237,3,A258,2141.96,USD,2141.96,USD,ACH,0
2026-01-15 11:13:00,4,A159,1,A151,591.3,USD,591.3,USD,ACH,0
2026-01-15 11:14:00,1,A276,3,A53,566.54,USD,566.54,USD,ACH,0
2026-01-15 11:16:00,4,A114,0,A80,242.55,USD,242.55,USD,ACH,0
2026-01-15 11:18:00,4,A109,1,A206,399.47,USD,399.47,USD,ACH,0
2026-01-15 11:21:00,0,A125,0,A240,166.48,USD,166.48,USD,ACH,0
2026-01-15 11:21:00,4,A239,3,A33,551.94,USD,551.94,USD,ACH,0
2026-01-15 11:24:00,2,A27,0,A55,364.67,USD,364.67,USD,ACH,0
2026-01-15 11:24:00,0,A115,0,A235,322.8,USD,322.8,USD,ACH,0
2026-01-15 11:24:00,2,A267,3,A113,476.66,USD,476.66,USD,ACH,0
2026-01-15 11:25:00,0,A260,1,A6,34.21,USD,34.21,USD,ACH,0
2026-01-15 11:26:00,1,A86,2,A72,242.55,USD,242.55,USD,ACH,0
2026-01-15 11:26:00,0,A175,1,A96,1615.49,USD,1615.49,USD,ACH,0
2026-01-15 11:27:00,4,A34,2,A292,247.25,USD,247.25,USD,ACH,0
2026-01-15 11:27:00,0,A220,1,A266,194.16,USD,194.16,USD,ACH,0
2026-01-15 11:29:00,2,A257,1,A146,683.82,USD,683.82,USD,ACH,0
2026-01-15 11:32:00,2,A162,1,A16,535.5,USD,535.5,USD,ACH,0
2026-01-15 11:35:00,2,A77,0,A210,806.97,USD,806.97,USD,ACH,0
2026-01-15 11:40:00,2,A122,3,A213,1127.33,USD,1127.33,USD,ACH,0
2026-01-15 11:41:00,0,A265,1,A276,295.01,USD,295.01,USD,ACH,1
2026-01-15 11:42:00,0,A10,3,A108,489.56,USD,489.56,USD,ACH,0
2026-01-15 11:43:00,4,A89,3,A233,420.41,USD,420.41,USD,ACH,1
2026-01-15 11:44:00,2,A62,3,A123,839.02,USD,839.02,USD,ACH,0
2026-01-15 11:44:00,3,A158,0,A85,621.5,USD,621.5,USD,ACH,0
2026-01-15 11:45:00,3,A98,2,A212,501.15,USD,501.15,USD,ACH,0
2026-01-15 11:48:00,4,A94,0,A100,218.68,USD,218.68,USD,ACH,0
2026-01-15 11:50:00,0,A250,1,A156,219.1,USD,219.1,USD,ACH,0
2026-01-15 11:51:00,3,A293,3,A213,122.08,USD,122.08,USD,ACH,0
2026-01-15 11:53:00,2,A52,0,A270,190.04,USD,190.04,USD,ACH,0
2026-01-15 11:53:00,0,A165,0,A5,116.02,USD,116.02,USD,ACH,0
2026-01-15 11:54:00,4,A4,0,A5,380.37,USD,380.37,USD,ACH,0
2026-01-15 11:54:00,3,A23,2,A232,318.86,USD,318.86,USD,ACH,0
2026-01-15 11:54:00,2,A187,3,A243,1414.05,USD,1414.05,USD,ACH,0
2026-01-15 11:54:00,3,A283,3,A128,736.58,USD,736.58,USD,ACH,0
2026-01-15 11:55:00,4,A74,3,A248,860.76,USD,860.76,USD,ACH,0
2026-01-15 11:56:00,1,A291,1,A181,109.12,USD,109.12,USD,ACH,0
2026-01-15 11:59:00,4,A129,0,A15,1280.51,USD,1280.51,USD,ACH,0
2026-01-15 11:59:00,2,A252,1,A141,398.11,USD,398.11,USD,ACH,0
2026-01-15 12:00:00,2,A72,0,A65,2077.66,USD,2077.66,USD,Wire,0
2026-01-15 12:00:00,1,A136,4,A129,3233.82,USD,3233.82,USD,Wire,0
2026-01-15 12:01:00,1,A26,4,A19,2809.67,USD,2809.67,USD,Wire,0
2026-01-15 12:01:00,1,A256,4,A249,3079.18,USD,3079.18,USD,Wire,0
2026-01-15 12:02:00,3,A258,1,A251,1426.77,USD,1426.77,USD,Wire,0
2026-01-15 12:02:00,2,A2,0,A295,2006.31,USD,2006.31,USD,Wire,0
2026-01-15 12:03:00,1,A11,3,A18,353.51,USD,353.51,USD,ACH,0
2026-01-15 12:03:00,3,A283,1,A276,2678.65,USD,2678.65,USD,Wire,0
2026-01-15 12:03:00,1,A296,4,A289,3188.03,USD,3188.03,USD,Wire,0
2026-01-15 12:04:00,2,A287,0,A235,170.85,USD,170.85,USD,ACH,0
2026-01-15 12:05:00,1,A186,4,A179,3252.24,USD,3252.24,USD,Wire,0
2026-01-15 12:06:00,1,A206,1,A271,372.22,USD,372.22,USD,ACH,0
2026-01-15 12:06:00,2,A222,0,A215,2073.07,USD,2073.07,USD,Wire,0
2026-01-15 12:07:00,2,A167,0,A160,1472.21,USD,1472.21,USD,Wire,0
2026-01-15 12:08:00,4,A64,3,A38,364.8,USD,364.8,USD,ACH,0
2026-01-15 12:09:00,4,A29,3,A248,401.02,USD,401.02,USD,ACH,0
2026-01-15 12:09:00,4,A54,2,A47,2606.89,USD,2606.89,USD,Wire,0
2026-01-15 12:09:00,3,A73,3,A63,296.03,USD,296.03,USD,ACH,0
2026-01-15 12:09:00,0,A120,3,A113,1643.39,USD,1643.39,USD,Wire,0
2026-01-15 12:09:00,0,A135,3,A128,2879.24,USD,2879.24,USD,Wire,0
2026-01-15 12:09:00,3,A218,1,A141,420.13,USD,420.13,USD,ACH,0
2026-01-15 12:09:00,1,A266,4,A259,3145.71,USD,3145.71,USD,Wire,0
2026-01-15 12:10:00,1,A56,4,A49,3193.22,USD,3193.22,USD,Wire,0
2026-01-15 12:10:00,0,A115,3,A108,2725.92,USD,2725.92,USD,Wire,0
2026-01-15 12:10:00,4,A294,2,A287,2700.49,USD,2700.49,USD,Wire,0
2026-01-15 12:11:00,2,A37,0,A30,1190.04,USD,1190.04,USD,Wire,0
2026-01-15 12:11:00,0,A155,2,A262,810.38,USD,810.38,USD,ACH,0
2026-01-15 12:11:00,1,A196,4,A189,3253.71,USD,3253.71,USD,Wire,0
2026-01-15 12:11:00,0,A205,3,A198,2975.93,USD,2975.93,USD,Wire,0
2026-01-15 12:11:00,0,A215,3,A208,2790.58,USD,2790.58,USD,Wire,0
2026-01-15 12:11:00,2,A272,0,A265,2062.68,USD,2062.68,USD,Wire,0
2026-01-15 12:12:00,1,A66,4,A59,2815.82,USD,2815.82,USD,Wire,0
2026-01-15 12:12:00,1,A116,3,A103,1269.91,USD,1269.91,USD,ACH,0
2026-01-15 12:12:00,3,A188,1,A181,1514.19,USD,1514.19,USD,Wire,0
2026-01-15 12:12:00,1,A226,4,A219,2945.48,USD,2945.48,USD,Wire,0
2026-01-15 12:12:00,3,A273,1,A266,2673.6,USD,2673.6,USD,Wire,0
2026-01-15 12:13:00,3,A203,1,A196,2290.5,USD,2290.5,USD,Wire,0
2026-01-15 12:14:00,1,A131,4,A124,2298.85,USD,2298.85,USD,Wire,0
2026-01-15 12:15:00,2,A67,0,A60,1061.5,USD,1061.5,USD,Wire,0
2026-01-15 12:15:00,3,A193,1,A186,2425.01,USD,2425.01,USD,Wire,0
2026-01-15 12:15:00,1,A221,4,A214,2119.07,USD,2119.07,USD,Wire,0
2026-01-15 12:15:00,1,A281,2,A247,517.26,USD,517.26,USD,ACH,0
2026-01-15 12:16:00,4,A84,2,A77,2874.32,USD,2874.32,USD,Wire,0
2026-01-15 12:16:00,1,A111,4,A104,2277.55,USD,2277.55,USD,Wire,0
2026-01-15 12:16:00,4,A234,3,A293,96.04,USD,96.04,USD,ACH,0
2026-01-15 12:17:00,0,A25,3,A18,2624.16,USD,2624.16,USD,Wire,0
2026-01-15 12:17:00,2,A247,0,A240,1218.31,USD,1218.31,USD,Wire,0
2026-01-15 12:17:00,4,A254,2,A247,2616.62,USD,2616.62,USD,Wire,0
2026-01-15 12:17:00,4,A284,2,A277,2895.63,USD,2895.63,USD,Wire,0
2026-01-15 12:18:00,0,A150,3,A143,1670.61,USD,1670.61,USD,Wire,0
2026-01-15 12:18:00,0,A255,3,A248,3036.4,USD,3036.4,USD,Wire,0
2026-01-15 12:18:00,1,A276,4,A269,2992.4,USD,2992.4,USD,Wire,0
2026-01-15 12:19:00,0,A30,3,A23,1931.88,USD,1931.88,USD,Wire,0
2026-01-15 12:19:00,1,A96,1,A261,841.46,USD,841.46,USD,ACH,1
2026-01-15 12:19:00,3,A148,1,A141,1472.55,USD,1472.55,USD,Wire,0
2026-01-15 12:19:00,3,A208,4,A269,430.67,USD,430.67,USD,ACH,0
2026-01-15 12:20:00,0,A65,3,A78,1888.62,USD,1888.62,USD,Wire,0
2026-01-15 12:20:00,4,A129,2,A142,2991.83,USD,2991.83,USD,Wire,0
2026-01-15 12:21:00,4,A19,2,A32,2626.29,USD,2626.29,USD,Wire,0
2026-01-15 12:21:00,4,A249,2,A262,2775.21,USD,2775.21,USD,Wire,0
2026-01-15 12:21:00,1,A251,3,A43,121.13,USD,121.13,USD,ACH,0
2026-01-15 12:22:00,1,A251,4,A264,1374.99,USD,1374.99,USD,Wire,0
2026-01-15 12:22:00,0,A295,3,A8,1953.39,USD,1953.39,USD,Wire,0
2026-01-15 12:23:00,1,A276,4,A289,2561.81,USD,2561.81,USD,Wire,0
2026-01-15 12:23:00,4,A289,2,A2,3123.83,USD,3123.83,USD,Wire,0
2026-01-15 12:25:00,4,A179,2,A192,3114.77,USD,3114.77,USD,Wire,0
2026-01-15 12:26:00,0,A215,3,A228,1986.85,USD,1986.85,USD,Wire,0
2026-01-15 12:27:00,2,A142,3,A58,616.99,USD,616.99,USD,ACH,0
2026-01-15 12:27:00,0,A160,3,A173,1453.74,USD,1453.74,USD,Wire,0
2026-01-15 12:29:00,2,A47,0,A60,2357.3,USD,2357.3,USD,Wire,0
2026-01-15 12:29:00,3,A113,1,A126,1529.26,USD,1529.26,USD,Wire,0
2026-01-15 12:29:00,3,A128,1,A141,2807.68,USD,2807.68,USD,Wire,0
2026-01-15 12:29:00,4,A259,2,A272,2864.4,USD,2864.4,USD,Wire,0
2026-01-15 12:30:00,4,A4,0,A100,207.45,USD,207.45,USD,ACH,0
2026-01-15 12:30:00,4,A49,2,A62,3106.91,USD,3106.91,USD,Wire,0
2026-01-15 12:30:00,3,A108,1,A121,2623.4,USD,2623.4,USD,Wire,0
2026-01-15 12:30:00,1,A231,4,A9,128.46,USD,128.46,USD,ACH,0
2026-01-15 12:30:00,0,A250,4,A74,421.97,USD,421.97,USD,ACH,0
2026-01-15 12:30:00,2,A287,0,A0,2460.13,USD,2460.13,USD,Wire,0
2026-01-15 12:31:00,0,A30,3,A43,1107.8,USD,1107.8,USD,Wire,0
2026-01-15 12:31:00,4,A189,2,A202,3096.94,USD,3096.94,USD,Wire,0
2026-01-15 12:31:00,3,A198,1,A211,2732.11,USD,2732.11,USD,Wire,0
2026-01-15 12:31:00,3,A208,1,A221,2535.54,USD,2535.54,USD,Wire,0
2026-01-15 12:31:00,0,A265,3,A278,2032.5,USD,2032.5,USD,Wire,0
2026-01-15 12:32:00,4,A59,2,A72,2573.94,USD,2573.94,USD,Wire,0
2026-01-15 12:32:00,1,A101,3,A68,495.54,USD,495.54,USD,ACH,0
2026-01-15 12:32:00,0,A180,1,A71,219.46,USD,219.46,USD,ACH,0
2026-01-15 12:32:00,1,A181,4,A194,1479.94,USD,1479.94,USD,Wire,0
2026-01-15 12:32:00,4,A219,2,A232,2860.65,USD,2860.65,USD,Wire,0
2026-01-15 12:32:00,2,A262,3,A73,601.19,USD,601.19,USD,ACH,0
2026-01-15 12:32:00,1,A266,4,A279,2469.16,USD,2469.16,USD,Wire,0
2026-01-15 12:33:00,3,A58,2,A202,954.82,USD,954.82,USD,ACH,0
2026-01-15 12:33:00,1,A196,4,A209,2140.03,USD,2140.03,USD,Wire,0
2026-01-15 12:34:00,4,A124,2,A137,2146.33,USD,2146.33,USD,Wire,0
2026-01-15 12:35:00,0,A25,3,A258,557.76,USD,557.76,USD,ACH,0
2026-01-15 12:35:00,0,A60,3,A73,995.0,USD,995.0,USD,Wire,0
2026-01-15 12:35:00,1,A186,4,A199,2399.02,USD,2399.02,USD,Wire,0
2026-01-15 12:35:00,4,A214,2,A227,1979.18,USD,1979.18,USD,Wire,0
2026-01-15 12:36:00,2,A77,0,A90,2712.18,USD,2712.18,USD,Wire,0
2026-01-15 12:36:00,4,A104,2,A117,2145.18,USD,2145.18,USD,Wire,0
2026-01-15 12:36:00,2,A107,3,A43,329.97,USD,329.97,USD,ACH,0
2026-01-15 12:36:00,2,A247,4,A299,329.45,USD,329.45,USD,ACH,0
2026-01-15 12:37:00,3,A18,1,A31,2449.7,USD,2449.7,USD,Wire,0
2026-01-15 12:37:00,2,A217,0,A105,879.0,USD,879.0,USD,ACH,0
2026-01-15 12:37:00,0,A240,3,A253,1199.33,USD,1199.33,USD,Wire,0
2026-01-15 12:37:00,2,A247,0,A260,2454.87,USD,2454.87,USD,Wire,0
2026-01-15 12:37:00,2,A277,0,A290,2707.71,USD,2707.71,USD,Wire,0
2026-01-15 12:38:00,3,A143,1,A156,1560.4,USD,1560.4,USD,Wire,0
2026-01-15 12:38:00,3,A248,1,A261,2929.67,USD,2929.67,USD,Wire,0
2026-01-15 12:38:00,4,A269,2,A282,2773.04,USD,2773.04,USD,Wire,0
2026-01-15 12:39:00,3,A23,1,A36,1901.13,USD,1901.13,USD,Wire,0
2026-01-15 12:39:00,1,A141,4,A154,1391.65,USD,1391.65,USD,Wire,0
2026-01-15 12:39:00,2,A197,4,A159,713.97,USD,713.97,USD,ACH,0
2026-01-15 12:40:00,4,A189,1,A116,312.68,USD,312.68,USD,ACH,0
2026-01-15 12:41:00,3,A28,1,A281,506.41,USD,506.41,USD,ACH,0
2026-01-15 12:43:00,4,A279,0,A135,334.82,USD,334.82,USD,ACH,0
2026-01-15 12:47:00,2,A297,0,A45,317.38,USD,317.38,USD,ACH,0
2026-01-15 12:50:00,1,A231,2,A32,654.0,USD,654.0,USD,ACH,0
2026-01-15 12:51:00,2,A22,2,A2,804.29,USD,804.29,USD,ACH,0
2026-01-15 12:51:00,2,A32,0,A195,169.52,USD,169.52,USD,ACH,0
2026-01-15 12:51:00,0,A280,1,A266,302.52,USD,302.52,USD,ACH,0
2026-01-15 12:53:00,1,A61,4,A229,1297.0,USD,1297.0,USD,ACH,0
2026-01-15 12:53:00,2,A297,3,A38,502.44,USD,502.44,USD,ACH,0
2026-01-15 12:54:00,0,A60,3,A283,282.02,USD,282.02,USD,ACH,0
2026-01-15 12:54:00,0,A75,1,A131,587.05,USD,587.05,USD,ACH,0
2026-01-15 12:55:00,4,A294,4,A279,309.41,USD,309.41,USD,ACH,0
2026-01-15 12:56:00,1,A221,1,A106,536.63,USD,536.63,USD,ACH,0
2026-01-15 12:57:00,2,A97,0,A160,269.69,USD,269.69,USD,ACH,0
2026-01-15 12:57:00,1,A256,3,A283,621.43,USD,621.43,USD,ACH,0
2026-01-15 12:58:00,0,A5,3,A233,148.19,USD,148.19,USD,ACH,0
2026-01-15 12:59:00,0,A155,0,A120,930.3,USD,930.3,USD,ACH,0
2026-01-15 13:00:00,0,A265,2,A197,224.19,USD,224.19,USD,ACH,0
2026-01-15 13:00:00,4,A299,1,A141,368.79,USD,368.79,USD,ACH,0
2026-01-15 13:01:00,2,A182,1,A211,527.92,USD,527.92,USD,ACH,0
2026-01-15 13:03:00,2,A112,3,A133,208.03,USD,208.03,USD,ACH,0
2026-01-15 13:06:00,3,A168,3,A188,368.04,USD,368.04,USD,ACH,0
2026-01-15 13:07:00,4,A249,4,A9,1005.25,USD,1005.25,USD,ACH,0
2026-01-15 13:10:00,1,A261,1,A116,57.44,USD,57.44,USD,ACH,0
2026-01-15 13:11:00,1,A56,2,A182,170.34,USD,170.34,USD,ACH,0
2026-01-15 13:11:00,1,A141,3,A298,197.69,USD,197.69,USD,ACH,0
2026-01-15 13:11:00,3,A153,2,A47,487.09,USD,487.09,USD,ACH,0
2026-01-15 13:12:00,0,A260,1,A156,1078.6,USD,1078.6,USD,ACH,0
2026-01-15 13:16:00,2,A2,3,A258,325.08,USD,325.08,USD,ACH,0
2026-01-15 13:17:00,4,A264,4,A4,164.53,USD,164.53,USD,ACH,0
2026-01-15 13:22:00,4,A79,2,A227,774.39,USD,774.39,USD,ACH,1
2026-01-15 13:22:00,0,A100,0,A10,163.33,USD,163.33,USD,ACH,0
2026-01-15 13:23:00,0,A170,2,A212,400.02,USD,400.02,USD,ACH,0
2026-01-15 13:23:00,2,A232,1,A231,758.62,USD,758.62,USD,ACH,0
2026-01-15 13:30:00,0,A20,1,A296,432.55,USD,432.55,USD,ACH,0
2026-01-15 13:30:00,0,A145,2,A292,728.71,USD,728.71,USD,ACH,0
2026-01-15 13:33:00,2,A202,0,A290,353.03,USD,353.03,USD,ACH,0
2026-01-15 13:33:00,0,A290,2,A42,336.04,USD,336.04,USD,ACH,1
2026-01-15 13:34:00,1,A211,0,A95,556.42,USD,556.42,USD,ACH,0
2026-01-15 13:39:00,0,A255,2,A7,155.09,USD,155.09,USD,ACH,0
2026-01-15 13:40:00,0,A65,2,A222,302.83,USD,302.83,USD,ACH,0
2026-01-15 13:41:00,3,A158,2,A182,616.77,USD,616.77,USD,ACH,0
2026-01-15 13:42:00,3,A193,2,A252,770.39,USD,770.39,USD,ACH,0
2026-01-15 13:43:00,2,A7,0,A195,141.26,USD,141.26,USD,ACH,0
2026-01-15 13:43:00,0,A245,2,A152,1619.46,USD,1619.46,USD,ACH,0
2026-01-15 13:44:00,0,A230,4,A29,71.27,USD,71.27,USD,ACH,0
2026-01-15 13:44:00,1,A251,1,A21,188.96,USD,188.96,USD,ACH,0
2026-01-15 13:47:00,0,A105,1,A31,187.74,USD,187.74,USD,ACH,0
2026-01-15 13:47:00,3,A128,0,A190,183.96,USD,183.96,USD,ACH,0
2026-01-15 13:48:00,1,A236,0,A0,523.21,USD,523.21,USD,ACH,0
2026-01-15 13:49:00,2,A67,0,A280,478.23,USD,478.23,USD,ACH,0
2026-01-15 13:52:00,3,A78,0,A235,2368.61,USD,2368.61,USD,ACH,0
2026-01-15 13:52:00,1,A96,1,A246,3477.9,USD,3477.9,USD,ACH,0
2026-01-15 13:53:00,4,A54,2,A127,981.88,USD,981.88,USD,ACH,0
2026-01-15 13:55:00,0,A245,3,A153,557.12,USD,557.12,USD,ACH,0
2026-01-15 13:57:00,2,A87,3,A198,799.97,USD,799.97,USD,ACH,0
2026-01-15 13:59:00,2,A137,0,A55,418.99,USD,418.99,USD,ACH,0
2026-01-15 14:03:00,0,A125,4,A69,679.88,USD,679.88,USD,ACH,0
2026-01-15 14:04:00,1,A121,2,A272,426.7,USD,426.7,USD,ACH,0
2026-01-15 14:04:00,2,A272,3,A133,231.97,USD,231.97,USD,ACH,0
2026-01-15 14:05:00,2,A57,1,A66,892.67,USD,892.67,USD,ACH,0
2026-01-15 14:05:00,4,A194,3,A113,1427.65,USD,1427.65,USD,ACH,0
2026-01-15 14:06:00,1,A166,1,A156,739.16,USD,739.16,USD,ACH,0
2026-01-15 14:07:00,4,A254,1,A151,753.23,USD,753.23,USD,ACH,0
2026-01-15 14:12:00,1,A226,2,A97,480.94,USD,480.94,USD,ACH,0
2026-01-15 14:12:00,2,A237,2,A27,192.09,USD,192.09,USD,ACH,0
2026-01-15 14:14:00,0,A195,1,A16,397.64,USD,397.64,USD,ACH,0
2026-01-15 14:18:00,4,A264,3,A268,197.34,USD,197.34,USD,ACH,0
2026-01-15 14:20:00,1,A66,3,A263,502.15,USD,502.15,USD,ACH,0
2026-01-15 14:21:00,1,A106,3,A13,654.22,USD,654.22,USD,ACH,0
2026-01-15 14:23:00,2,A112,1,A271,214.92,USD,214.92,USD,ACH,0
2026-01-15 14:26:00,4,A59,1,A56,474.98,USD,474.98,USD,ACH,0
2026-01-15 14:26:00,4,A189,2,A172,800.68,USD,800.68,USD,ACH,0
2026-01-15 14:28:00,2,A157,3,A88,32.66,USD,32.66,USD,ACH,0
2026-01-15 14:31:00,4,A44,3,A153,197.29,USD,197.29,USD,ACH,0
2026-01-15 14:31:00,2,A127,2,A57,416.98,USD,416.98,USD,ACH,0
2026-01-15 14:32:00,2,A67,1,A266,983.91,USD,983.91,USD,ACH,0
2026-01-15 14:32:00,0,A240,4,A214,281.31,USD,281.31,USD,ACH,0
2026-01-15 14:33:00,4,A169,4,A229,590.4,USD,590.4,USD,ACH,0
2026-01-15 14:34:00,3,A143,0,A120,890.11,USD,890.11,USD,ACH,0
2026-01-15 14:35:00,0,A50,2,A137,259.65,USD,259.65,USD,ACH,0
2026-01-15 14:36:00,2,A17,3,A243,843.15,USD,843.15,USD,ACH,0
2026-01-15 14:40:00,4,A239,0,A180,1484.62,USD,1484.62,USD,ACH,1
2026-01-15 14:42:00,0,A75,1,A91,343.68,USD,343.68,USD,ACH,0
2026-01-15 14:42:00,1,A161,2,A237,385.29,USD,385.29,USD,ACH,0
2026-01-15 14:43:00,4,A209,0,A265,428.0,USD,428.0,USD,ACH,1
2026-01-15 14:45:00,3,A268,2,A232,286.27,USD,286.27,USD,ACH,0
2026-01-15 14:47:00,4,A49,3,A253,1580.79,USD,1580.79,USD,ACH,0
2026-01-15 14:48:00,3,A93,2,A257,473.3,USD,473.3,USD,ACH,0
2026-01-15 14:48:00,3,A128,3,A293,264.84,USD,264.84,USD,ACH,0
2026-01-15 14:48:00,0,A160,0,A135,208.04,USD,208.04,USD,ACH,0
2026-01-15 14:51:00,2,A47,2,A102,544.4,USD,544.4,USD,ACH,0
2026-01-15 14:51:00,2,A107,3,A58,383.41,USD,383.41,USD,ACH,0
2026-01-15 14:51:00,2,A167,1,A111,353.51,USD,353.51,USD,ACH,0
2026-01-15 14:52:00,0,A95,1,A141,332.55,USD,332.55,USD,ACH,0
2026-01-15 14:52:00,0,A115,2,A137,402.83,USD,402.83,USD,ACH,0
2026-01-15 14:54:00,1,A161,1,A101,122.55,USD,122.55,USD,ACH,0
2026-01-15 14:55:00,4,A99,4,A294,419.43,USD,419.43,USD,ACH,0
2026-01-15 14:57:00,3,A243,0,A210,303.54,USD,303.54,USD,ACH,0
2026-01-15 14:59:00,1,A266,4,A69,283.19,USD,283.19,USD,ACH,0
2026-01-15 15:04:00,2,A87,3,A68,466.55,USD,466.55,USD,ACH,0
2026-01-15 15:04:00,4,A149,0,A180,227.98,USD,227.98,USD,ACH,0
2026-01-15 15:05:00,4,A194,1,A251,306.11,USD,306.11,USD,ACH,0
2026-01-15 15:05:00,3,A238,3,A113,606.56,USD,606.56,USD,ACH,0
2026-01-15 15:06:00,4,A289,0,A130,960.85,USD,960.85,USD,ACH,0
2026-01-15 15:09:00,4,A184,0,A0,1735.36,USD,1735.36,USD,ACH,0
2026-01-15 15:10:00,1,A201,0,A0,397.55,USD,397.55,USD,ACH,0
2026-01-15 15:11:00,0,A215,2,A287,225.34,USD,225.34,USD,ACH,0
2026-01-15 15:12:00,2,A117,1,A176,175.34,USD,175.34,USD,ACH,0
2026-01-15 15:14:00,1,A296,2,A127,483.31,USD,483.31,USD,ACH,0
2026-01-15 15:18:00,3,A228,3,A98,640.35,USD,640.35,USD,ACH,0
2026-01-15 15:19:00,4,A204,0,A175,341.9,USD,341.9,USD,ACH,0
2026-01-15 15:20:00,0,A110,4,A69,203.66,USD,203.66,USD,ACH,0
2026-01-15 15:21:00,0,A40,0,A120,121.0,USD,121.0,USD,ACH,0
2026-01-15 15:21:00,0,A90,2,A32,132.54,USD,132.54,USD,ACH,0
2026-01-15 15:22:00,0,A225,3,A153,337.49,USD,337.49,USD,ACH,0
2026-01-15 15:22:00,2,A227,2,A192,1282.78,USD,1282.78,USD,ACH,0
2026-01-15 15:24:00,1,A26,4,A169,310.77,USD,310.77,USD,ACH,0
2026-01-15 15:24:00,4,A139,4,A184,1001.65,USD,1001.65,USD,ACH,0
2026-01-15 15:28:00,3,A148,3,A278,489.04,USD,489.04,USD,ACH,0
2026-01-15 15:30:00,4,A69,2,A257,468.92,USD,468.92,USD,ACH,0
2026-01-15 15:32:00,2,A137,2,A247,265.98,USD,265.98,USD,ACH,0
2026-01-15 15:33:00,3,A288,0,A150,330.11,USD,330.11,USD,ACH,0
2026-01-15 15:34:00,4,A154,0,A275,438.16,USD,438.16,USD,ACH,0
2026-01-15 15:34:00,3,A188,1,A16,307.24,USD,307.24,USD,ACH,0
2026-01-15 15:34:00,1,A191,2,A62,73.92,USD,73.92,USD,ACH,0
2026-01-15 15:36:00,3,A183,2,A292,454.38,USD,454.38,USD,ACH,0
2026-01-15 15:41:00,0,A150,3,A208,317.78,USD,317.78,USD,ACH,0
2026-01-15 15:43:00,0,A135,1,A146,448.53,USD,448.53,USD,ACH,0
2026-01-15 15:44:00,0,A120,3,A3,272.14,USD,272.14,USD,ACH,0
2026-01-15 15:44:00,3,A143,0,A105,128.22,USD,128.22,USD,ACH,0
2026-01-15 15:45:00,1,A11,0,A0,82.11,USD,82.11,USD,ACH,0
2026-01-15 15:45:00,1,A81,4,A259,341.19,USD,341.19,USD,ACH,0
2026-01-15 15:47:00,0,A95,2,A127,417.06,USD,417.06,USD,ACH,0
2026-01-15 15:48:00,1,A16,3,A108,253.88,USD,253.88,USD,ACH,0
2026-01-15 15:48:00,3,A258,3,A98,235.55,USD,235.55,USD,ACH,0
2026-01-15 15:48:00,2,A277,1,A276,85.95,USD,85.95,USD,ACH,0
2026-01-15 15:51:00,2,A47,1,A286,775.63,USD,775.63,USD,ACH,0
2026-01-15 15:56:00,4,A104,3,A78,419.1,USD,419.1,USD,ACH,0
2026-01-15 15:56:00,2,A217,1,A206,288.27,USD,288.27,USD,ACH,0
2026-01-15 15:59:00,3,A213,0,A230,142.33,USD,142.33,USD,ACH,0
2026-01-15 16:02:00,0,A205,0,A250,472.52,USD,472.52,USD,ACH,0
2026-01-15 16:04:00,0,A70,3,A153,88.08,USD,88.08,USD,ACH,0
2026-01-15 16:05:00,4,A214,4,A239,797.23,USD,797.23,USD,ACH,0
2026-01-15 16:06:00,4,A69,2,A252,1655.22,USD,1655.22,USD,ACH,0
2026-01-15 16:07:00,2,A102,4,A74,438.74,USD,438.74,USD,ACH,0
2026-01-15 16:07:00,0,A190,1,A1,71.28,USD,71.28,USD,ACH,0
2026-01-15 16:09:00,1,A111,1,A241,622.26,USD,622.26,USD,ACH,0
2026-01-15 16:11:00,1,A66,0,A50,1023.05,USD,1023.05,USD,ACH,0
2026-01-15 16:11:00,3,A73,3,A78,277.09,USD,277.09,USD,ACH,0
2026-01-15 16:11:00,1,A116,4,A174,682.6,USD,682.6,USD,ACH,0
2026-01-15 16:13:00,2,A152,1,A136,405.47,USD,405.47,USD,ACH,0
2026-01-15 16:13:00,3,A228,1,A76,979.2,USD,979.2,USD,ACH,0
2026-01-15 16:13:00,3,A288,3,A173,563.73,USD,563.73,USD,ACH,0
2026-01-15 16:14:00,3,A198,4,A179,364.61,USD,364.61,USD,ACH,0
2026-01-15 16:14:00,0,A295,2,A97,200.21,USD,200.21,USD,ACH,0
2026-01-15 16:15:00,3,A263,0,A125,102.05,USD,102.05,USD,ACH,0
2026-01-15 16:16:00,2,A37,4,A244,603.34,USD,603.34,USD,ACH,0
2026-01-15 16:17:00,1,A21,3,A143,591.27,USD,591.27,USD,ACH,0
2026-01-15 16:17:00,4,A209,2,A127,595.21,USD,595.21,USD,ACH,0
2026-01-15 16:19:00,4,A124,2,A117,198.17,USD,198.17,USD,ACH,0
2026-01-15 16:20:00,0,A80,4,A9,434.35,USD,434.35,USD,ACH,0
2026-01-15 16:21:00,2,A7,3,A8,912.53,USD,912.53,USD,ACH,0
2026-01-15 16:22:00,0,A270,4,A19,534.5,USD,534.5,USD,ACH,0
2026-01-15 16:23:00,0,A195,0,A170,126.02,USD,126.02,USD,ACH,0
2026-01-15 16:26:00,3,A33,0,A65,534.8,USD,534.8,USD,ACH,0
2026-01-15 16:26:00,4,A89,2,A162,1064.71,USD,1064.71,USD,ACH,0
2026-01-15 16:28:00,1,A56,4,A204,444.48,USD,444.48,USD,ACH,0
2026-01-15 16:28:00,2,A127,0,A45,427.35,USD,427.35,USD,ACH,0
2026-01-15 16:30:00,4,A144,1,A51,344.97,USD,344.97,USD,ACH,0
2026-01-15 16:31:00,3,A113,1,A226,539.87,USD,539.87,USD,ACH,0
2026-01-15 16:32:00,4,A119,4,A89,1482.05,USD,1482.05,USD,ACH,0
2026-01-15 16:36:00,2,A132,1,A196,130.96,USD,130.96,USD,ACH,0
2026-01-15 16:38:00,3,A273,0,A205,99.09,USD,99.09,USD,ACH,0
2026-01-15 16:39:00,1,A1,0,A10,192.0,USD,192.0,USD,ACH,0
2026-01-15 16:40:00,0,A275,0,A95,730.58,USD,730.58,USD,ACH,0
2026-01-15 16:41:00,3,A223,0,A20,1520.91,USD,1520.91,USD,ACH,0
2026-01-15 16:41:00,2,A252,2,A157,177.39,USD,177.39,USD,ACH,0
2026-01-15 16:42:00,2,A102,2,A137,304.39,USD,304.39,USD,ACH,0
2026-01-15 16:43:00,4,A39,4,A264,436.53,USD,436.53,USD,ACH,0
2026-01-15 16:44:00,4,A229,2,A32,355.27,USD,355.27,USD,ACH,0
2026-01-15 16:45:00,3,A8,0,A5,834.85,USD,834.85,USD,ACH,0
2026-01-15 16:49:00,4,A134,1,A271,80.6,USD,80.6,USD,ACH,0
2026-01-15 16:53:00,4,A244,3,A133,531.25,USD,531.25,USD,ACH,0
2026-01-15 16:54:00,0,A175,2,A247,395.76,USD,395.76,USD,ACH,0
2026-01-15 16:55:00,0,A235,1,A186,344.23,USD,344.23,USD,ACH,0
2026-01-15 16:57:00,1,A6,2,A292,435.7,USD,435.7,USD,ACH,0
2026-01-15 16:57:00,3,A88,1,A231,427.68,USD,427.68,USD,ACH,0
2026-01-15 16:59:00,3,A178,0,A205,358.85,USD,358.85,USD,ACH,0
2026-01-15 17:03:00,4,A59,4,A159,393.6,USD,393.6,USD,ACH,0
2026-01-15 17:03:00,1,A186,0,A225,126.5,USD,126.5,USD,ACH,0
2026-01-15 17:03:00,1,A216,1,A86,306.25,USD,306.25,USD,ACH,0
2026-01-15 17:04:00,0,A15,2,A237,185.7,USD,185.7,USD,ACH,1
2026-01-15 17:07:00,0,A185,0,A195,142.09,USD,142.09,USD,ACH,0
2026-01-15 17:10:00,0,A25,4,A104,101.25,USD,101.25,USD,ACH,0
2026-01-15 17:10:00,3,A273,2,A162,394.99,USD,394.99,USD,ACH,0
2026-01-15 17:11:00,1,A81,2,A2,461.63,USD,461.63,USD,ACH,0
2026-01-15 17:12:00,2,A247,4,A179,356.48,USD,356.48,USD,ACH,0
2026-01-15 17:13:00,3,A63,1,A21,402.33,USD,402.33,USD,ACH,0
2026-01-15 17:14:00,1,A106,2,A72,285.27,USD,285.27,USD,ACH,0
2026-01-15 17:17:00,0,A45,4,A14,294.43,USD,294.43,USD,ACH,0
2026-01-15 17:18:00,2,A242,1,A6,449.87,USD,449.87,USD,ACH,0
2026-01-15 17:23:00,1,A31,1,A21,178.32,USD,178.32,USD,ACH,0
2026-01-15 17:24:00,1,A136,2,A277,1219.55,USD,1219.55,USD,ACH,0
2026-01-15 17:25:00,2,A177,0,A175,175.11,USD,175.11,USD,ACH,0
2026-01-15 17:27:00,2,A267,4,A214,474.98,USD,474.98,USD,ACH,0
2026-01-15 17:30:00,3,A43,4,A99,128.56,USD,128.56,USD,ACH,0
2026-01-15 17:31:00,0,A30,2,A292,462.59,USD,462.59,USD,ACH,0
2026-01-15 17:35:00,3,A68,2,A182,1093.24,USD,1093.24,USD,ACH,0
2026-01-15 17:35:00,2,A72,2,A92,988.39,USD,988.39,USD,ACH,0
2026-01-15 17:36:00,2,A262,1,A191,187.71,USD,187.71,USD,ACH,0
2026-01-15 17:37:00,1,A91,4,A284,57.66,USD,57.66,USD,ACH,0
2026-01-15 17:38:00,3,A173,4,A79,234.85,USD,234.85,USD,ACH,0
2026-01-15 17:38:00,1,A196,2,A77,710.4,USD,710.4,USD,ACH,0
2026-01-15 17:38:00,1,A241,3,A233,343.57,USD,343.57,USD,ACH,0
2026-01-15 17:38:00,4,A244,3,A203,368.79,USD,368.79,USD,ACH,0
2026-01-15 17:40:00,1,A166,0,A160,412.59,USD,412.59,USD,ACH,1
2026-01-15 17:41:00,1,A41,0,A230,221.1,USD,221.1,USD,ACH,0
2026-01-15 17:41:00,0,A100,3,A298,44.02,USD,44.02,USD,ACH,0
2026-01-15 17:44:00,3,A48,4,A49,518.65,USD,518.65,USD,ACH,0
2026-01-15 17:46:00,4,A114,4,A184,918.21,USD,918.21,USD,ACH,0
2026-01-15 17:49:00,0,A35,0,A30,740.18,USD,740.18,USD,ACH,0
2026-01-15 17:49:00,1,A151,1,A266,131.49,USD,131.49,USD,ACH,0
2026-01-15 17:49:00,3,A268,3,A218,788.71,USD,788.71,USD,ACH,0
2026-01-15 17:51:00,3,A163,0,A160,410.78,USD,410.78,USD,ACH,0
2026-01-15 17:53:00,0,A30,3,A73,163.95,USD,163.95,USD,ACH,0
2026-01-15 17:53:00,1,A76,3,A53,321.89,USD,321.89,USD,ACH,0
2026-01-15 17:55:00,4,A179,2,A187,1110.58,USD,1110.58,USD,ACH,0
2026-01-15 17:57:00,3,A248,1,A251,562.62,USD,562.62,USD,ACH,0
2026-01-15 17:58:00,3,A48,3,A253,755.24,USD,755.24,USD,ACH,0
2026-01-15 17:59:00,3,A53,3,A123,189.52,USD,189.52,USD,ACH,0
2026-01-15 17:59:00,4,A179,4,A14,690.3,USD,690.3,USD,ACH,0
2026-01-15 17:59:00,2,A192,3,A33,403.87,USD,403.87,USD,ACH,0
2026-01-16 08:01:00,2,A162,4,A59,210.4,USD,210.4,USD,ACH,0
2026-01-16 08:02:00,1,A166,1,A121,427.3,USD,427.3,USD,ACH,0
2026-01-16 08:02:00,3,A298,0,A5,506.63,USD,506.63,USD,ACH,0
2026-01-16 08:05:00,0,A195,2,A127,645.83,USD,645.83,USD,ACH,0
2026-01-16 08:06:00,4,A14,0,A5,273.27,USD,273.27,USD,ACH,1
2026-01-16 08:10:00,1,A196,1,A226,281.61,USD,281.61,USD,ACH,0
2026-01-16 08:11:00,1,A81,1,A1,159.86,USD,159.86,USD,ACH,0
2026-01-16 08:14:00,0,A160,2,A177,233.1,USD,233.1,USD,ACH,0
2026-01-16 08:15:00,3,A163,2,A162,167.84,USD,167.84,USD,ACH,0
2026-01-16 08:15:00,0,A280,4,A244,87.24,USD,87.24,USD,ACH,0
2026-01-16 08:16:00,0,A185,0,A195,705.14,USD,705.14,USD,ACH,0
2026-01-16 08:17:00,4,A14,4,A4,278.66,USD,278.66,USD,ACH,0
2026-01-16 08:18:00,4,A79,0,A50,546.01,USD,546.01,USD,ACH,0
2026-01-16 08:18:00,0,A175,0,A280,467.7,USD,467.7,USD,ACH,0
2026-01-16 08:20:00,3,A33,2,A22,749.63,USD,749.63,USD,ACH,0
2026-01-16 08:20:00,4,A239,0,A40,366.74,USD,366.74,USD,ACH,0
2026-01-16 08:20:00,4,A274,4,A124,275.21,USD,275.21,USD,ACH,0
2026-01-16 08:23:00,0,A20,2,A262,74.58,USD,74.58,USD,ACH,0
2026-01-16 08:23:00,2,A137,4,A219,187.3,USD,187.3,USD,ACH,0
2026-01-16 08:25:00,2,A82,2,A257,129.68,USD,129.68,USD,ACH,0
2026-01-16 08:25:00,1,A191,4,A144,586.72,USD,586.72,USD,ACH,0
2026-01-16 08:28:00,1,A116,1,A46,82.55,USD,82.55,USD,ACH,0
2026-01-16 08:28:00,4,A224,4,A89,193.65,USD,193.65,USD,ACH,0
2026-01-16 08:29:00,2,A237,3,A138,500.65,USD,500.65,USD,ACH,0
2026-01-16 08:31:00,2,A182,4,A294,412.6,USD,412.6,USD,ACH,0
2026-01-16 08:33:00,0,A265,1,A166,195.9,USD,195.9,USD,ACH,0
2026-01-16 08:35:00,1,A281,2,A282,165.37,USD,165.37,USD,ACH,0
2026-01-16 08:39:00,0,A220,2,A32,685.57,USD,685.57,USD,ACH,0
2026-01-16 08:40:00,3,A118,0,A230,200.75,USD,200.75,USD,ACH,0
2026-01-16 08:40:00,1,A246,0,A245,137.24,USD,137.24,USD,ACH,0
2026-01-16 08:41:00,2,A177,3,A168,1035.38,USD,1035.38,USD,ACH,0
2026-01-16 08:43:00,0,A15,1,A266,1708.39,USD,1708.39,USD,ACH,0
2026-01-16 08:43:00,2,A112,4,A44,195.95,USD,195.95,USD,ACH,0
2026-01-16 08:43:00,2,A192,0,A60,554.14,USD,554.14,USD,ACH,0
2026-01-16 08:43:00,3,A263,2,A272,494.61,USD,494.61,USD,ACH,0
2026-01-16 08:44:00,1,A6,1,A231,836.12,USD,836.12,USD,ACH,0
2026-01-16 08:45:00,4,A269,4,A214,289.37,USD,289.37,USD,ACH,0
2026-01-16 08:50:00,2,A47,2,A257,977.8,USD,977.8,USD,ACH,0
2026-01-16 08:51:00,1,A31,3,A43,131.72,USD,131.72,USD,ACH,0
2026-01-16 08:51:00,1,A71,2,A122,301.23,USD,301.23,USD,ACH,0
2026-01-16 08:52:00,4,A209,3,A228,338.6,USD,338.6,USD,ACH,0
2026-01-16 08:52:00,0,A230,0,A155,191.35,USD,191.35,USD,ACH,0
2026-01-16 08:53:00,0,A85,3,A88,545.12,USD,545.12,USD,ACH,0
2026-01-16 08:53:00,2,A262,3,A168,379.45,USD,379.45,USD,ACH,0
2026-01-16 08:55:00,1,A26,4,A59,930.38,USD,930.38,USD,ACH,0
2026-01-16 08:56:00,2,A37,4,A19,480.63,USD,480.63,USD,ACH,0
2026-01-16 08:56:00,2,A87,1,A106,405.38,USD,405.38,USD,ACH,0
2026-01-16 08:57:00,4,A174,0,A160,453.05,USD,453.05,USD,ACH,0
2026-01-16 08:59:00,0,A205,3,A208,215.45,USD,215.45,USD,ACH,0
2026-01-16 09:00:00,0,A150,3,A288,155.68,USD,155.68,USD,ACH,0
2026-01-16 09:02:00,4,A289,4,A169,316.69,USD,316.69,USD,ACH,1
2026-01-16 09:05:00,1,A51,4,A289,186.2,USD,186.2,USD,ACH,0
2026-01-16 09:06:00,0,A250,0,A285,106.55,USD,106.55,USD,ACH,0
2026-01-16 09:08:00,4,A9,2,A52,201.45,USD,201.45,USD,ACH,0
2026-01-16 09:08:00,4,A139,3,A133,633.31,USD,633.31,USD,ACH,0
2026-01-16 09:09:00,3,A58,3,A183,1295.74,USD,1295.74,USD,ACH,0
2026-01-16 09:09:00,4,A59,2,A107,354.02,USD,354.02,USD,ACH,0
2026-01-16 09:11:00,1,A201,0,A90,94.8,USD,94.8,USD,ACH,0
2026-01-16 09:14:00,4,A69,0,A105,1154.49,USD,1154.49,USD,ACH,0
2026-01-16 09:14:00,0,A105,3,A113,528.71,USD,528.71,USD,ACH,0
2026-01-16 09:15:00,2,A92,0,A70,307.23,USD,307.23,USD,ACH,0
2026-01-16 09:16:00,2,A97,4,A199,150.79,USD,150.79,USD,ACH,0
2026-01-16 09:16:00,4,A244,0,A200,1523.01,USD,1523.01,USD,ACH,0
2026-01-16 09:18:00,4,A79,2,A87,557.07,USD,557.07,USD,ACH,0
2026-01-16 09:18:00,3,A228,1,A246,171.93,USD,171.93,USD,ACH,0
2026-01-16 09:19:00,2,A22,0,A165,516.02,USD,516.02,USD,ACH,0
2026-01-16 09:22:00,0,A45,3,A208,278.65,USD,278.65,USD,ACH,0
2026-01-16 09:25:00,4,A39,0,A225,479.76,USD,479.76,USD,ACH,0
2026-01-16 09:25:00,4,A214,3,A248,116.72,USD,116.72,USD,ACH,0
2026-01-16 09:26:00,2,A17,0,A230,730.64,USD,730.64,USD,ACH,0
2026-01-16 09:27:00,2,A297,3,A248,1290.01,USD,1290.01,USD,ACH,0
2026-01-16 09:30:00,0,A5,1,A156,564.45,USD,564.45,USD,ACH,0
2026-01-16 09:30:00,1,A141,0,A185,482.0,USD,482.0,USD,ACH,0
2026-01-16 09:31:00,3,A208,3,A268,970.65,USD,970.65,USD,ACH,1
2026-01-16 09:32:00,2,A2,0,A270,137.63,USD,137.63,USD,ACH,0
2026-01-16 09:35:00,0,A40,1,A96,224.85,USD,224.85,USD,ACH,0
2026-01-16 09:36:00,0,A130,1,A131,112.06,USD,112.06,USD,ACH,0
2026-01-16 09:36:00,2,A172,3,A173,499.61,USD,499.61,USD,ACH,0
2026-01-16 09:37:00,1,A106,2,A92,914.93,USD,914.93,USD,ACH,0
2026-01-16 09:38:00,3,A73,0,A25,181.75,USD,181.75,USD,ACH,0
2026-01-16 09:38:00,2,A267,0,A170,590.53,USD,590.53,USD,ACH,0
2026-01-16 09:41:00,3,A173,0,A130,399.66,USD,399.66,USD,ACH,0
2026-01-16 09:41:00,4,A294,3,A233,486.84,USD,486.84,USD,ACH,0
2026-01-16 09:42:00,3,A98,0,A5,499.97,USD,499.97,USD,ACH,0
2026-01-16 09:44:00,4,A139,1,A201,1826.48,USD,1826.48,USD,ACH,0
2026-01-16 09:47:00,1,A51,0,A125,155.4,USD,155.4,USD,ACH,0
2026-01-16 09:49:00,4,A64,2,A177,233.4,USD,233.4,USD,ACH,0
2026-01-16 09:49:00,2,A162,1,A46,103.25,USD,103.25,USD,ACH,0
2026-01-16 09:49:00,3,A268,0,A60,232.1,USD,232.1,USD,ACH,0
2026-01-16 09:50:00,4,A4,2,A92,167.93,USD,167.93,USD,ACH,0
2026-01-16 09:50:00,0,A180,2,A142,255.32,USD,255.32,USD,ACH,0
2026-01-16 09:51:00,1,A206,4,A89,610.4,USD,610.4,USD,ACH,0
2026-01-16 09:52:00,3,A8,2,A242,958.8,USD,958.8,USD,ACH,0
2026-01-16 09:53:00,0,A195,4,A154,154.47,USD,154.47,USD,ACH,0
2026-01-16 09:55:00,0,A135,4,A134,75.36,USD,75.36,USD,ACH,0
2026-01-16 09:58:00,2,A22,1,A16,363.18,USD,363.18,USD,ACH,0
2026-01-16 10:00:00,4,A34,3,A268,474.99,USD,474.99,USD,ACH,0
2026-01-16 10:00:00,3,A43,3,A188,166.49,USD,166.49,USD,ACH,0
2026-01-16 10:01:00,4,A99,1,A186,335.66,USD,335.66,USD,ACH,0
2026-01-16 10:02:00,1,A156,0,A250,498.06,USD,498.06,USD,ACH,0
2026-01-16 10:02:00,2,A252,3,A298,848.04,USD,848.04,USD,ACH,0
2026-01-16 10:04:00,0,A145,1,A121,424.04,USD,424.04,USD,ACH,0
2026-01-16 10:10:00,2,A62,3,A168,795.59,USD,795.59,USD,ACH,0
2026-01-16 10:10:00,4,A199,1,A6,801.26,USD,801.26,USD,ACH,0
2026-01-16 10:10:00,1,A276,2,A157,320.75,USD,320.75,USD,ACH,0
2026-01-16 10:11:00,3,A48,3,A238,470.46,USD,470.46,USD,ACH,0
2026-01-16 10:11:00,0,A125,2,A137,487.08,USD,487.08,USD,ACH,0
2026-01-16 10:11:00,3,A153,3,A73,677.28,USD,677.28,USD,ACH,0
2026-01-16 10:12:00,3,A168,4,A109,759.79,USD,759.79,USD,ACH,0
2026-01-16 10:13:00,1,A266,2,A52,587.53,USD,587.53,USD,ACH,1
2026-01-16 10:15:00,2,A182,4,A99,196.08,USD,196.08,USD,ACH,0
2026-01-16 10:15:00,4,A274,4,A294,657.36,USD,657.36,USD,ACH,0
2026-01-16 10:15:00,2,A292,2,A242,201.64,USD,201.64,USD,ACH,0
2026-01-16 10:17:00,1,A36,1,A141,449.27,USD,449.27,USD,ACH,0
2026-01-16 10:17:00,3,A123,2,A57,99.12,USD,99.12,USD,ACH,0
2026-01-16 10:17:00,1,A191,4,A244,228.75,USD,228.75,USD,ACH,0
2026-01-16 10:18:00,4,A154,3,A98,384.52,USD,384.52,USD,ACH,0
2026-01-16 10:20:00,1,A86,4,A179,912.91,USD,912.91,USD,ACH,0
2026-01-16 10:20:00,3,A138,4,A39,618.36,USD,618.36,USD,ACH,0
2026-01-16 10:20:00,4,A164,4,A219,452.07,USD,452.07,USD,ACH,0
2026-01-16 10:21:00,4,A99,3,A93,1209.0,USD,1209.0,USD,ACH,0
2026-01-16 10:22:00,1,A66,2,A107,1050.42,USD,1050.42,USD,ACH,0
2026-01-16 10:24:00,2,A72,1,A16,189.13,USD,189.13,USD,ACH,0
2026-01-16 10:26:00,3,A293,1,A271,273.75,USD,273.75,USD,ACH,0
2026-01-16 10:27:00,1,A116,4,A164,444.53,USD,444.53,USD,ACH,0
2026-01-16 10:28:00,3,A218,2,A192,463.23,USD,463.23,USD,ACH,0
2026-01-16 10:29:00,0,A210,3,A3,1074.76,USD,1074.76,USD,ACH,0
2026-01-16 10:30:00,3,A158,4,A244,2574.92,USD,2574.92,USD,ACH,0
2026-01-16 10:32:00,2,A102,4,A199,95.49,USD,95.49,USD,ACH,0
2026-01-16 10:33:00,3,A223,0,A205,1095.41,USD,1095.41,USD,ACH,0
2026-01-16 10:35:00,3,A53,4,A164,463.33,USD,463.33,USD,ACH,0
2026-01-16 10:39:00,3,A93,2,A252,311.16,USD,311.16,USD,ACH,0
2026-01-16 10:41:00,1,A86,0,A5,282.35,USD,282.35,USD,ACH,0
2026-01-16 10:41:00,0,A230,0,A220,467.85,USD,467.85,USD,ACH,0
2026-01-16 10:43:00,1,A226,3,A128,379.85,USD,379.85,USD,ACH,0
2026-01-16 10:46:00,4,A299,0,A265,488.01,USD,488.01,USD,ACH,0
2026-01-16 10:47:00,3,A183,3,A243,291.72,USD,291.72,USD,ACH,0
2026-01-16 10:47:00,0,A210,4,A204,282.78,USD,282.78,USD,ACH,0
2026-01-16 10:50:00,1,A1,2,A277,322.05,USD,322.05,USD,ACH,0
2026-01-16 10:51:00,3,A118,2,A117,753.97,USD,753.97,USD,ACH,0
2026-01-16 10:53:00,0,A110,3,A78,384.73,USD,384.73,USD,ACH,0
2026-01-16 10:58:00,0,A135,0,A240,381.51,USD,381.51,USD,ACH,0
2026-01-16 10:59:00,4,A284,0,A40,545.69,USD,545.69,USD,ACH,0
2026-01-16 11:01:00,2,A67,4,A154,477.65,USD,477.65,USD,ACH,0
2026-01-16 11:03:00,2,A232,3,A103,149.49,USD,149.49,USD,ACH,0
2026-01-16 11:05:00,4,A89,4,A289,454.0,USD,454.0,USD,ACH,0
2026-01-16 11:07:00,0,A70,0,A20,311.07,USD,311.07,USD,ACH,0
2026-01-16 11:10:00,4,A159,3,A288,552.52,USD,552.52,USD,ACH,0
2026-01-16 11:11:00,1,A251,1,A91,711.64,USD,711.64,USD,ACH,0
2026-01-16 11:12:00,1,A176,1,A151,240.66,USD,240.66,USD,ACH,0
2026-01-16 11:14:00,3,A93,3,A23,733.93,USD,733.93,USD,ACH,0
2026-01-16 11:14:00,2,A197,3,A88,336.26,USD,336.26,USD,ACH,0
2026-01-16 11:15:00,3,A198,1,A176,390.29,USD,390.29,USD,ACH,1
2026-01-16 11:18:00,1,A126,4,A69,849.7,USD,849.7,USD,ACH,0
2026-01-16 11:23:00,2,A142,0,A270,175.18,USD,175.18,USD,ACH,0
2026-01-16 11:23:00,2,A167,2,A192,263.8,USD,263.8,USD,ACH,0
2026-01-16 11:25:00,3,A148,3,A133,553.48,USD,553.48,USD,ACH,0
2026-01-16 11:26:00,0,A260,0,A225,481.55,USD,481.55,USD,ACH,0
2026-01-16 11:30:00,3,A163,4,A114,166.52,USD,166.52,USD,ACH,0
2026-01-16 11:34:00,2,A287,3,A8,209.42,USD,209.42,USD,ACH,1
2026-01-16 11:36:00,1,A71,1,A291,285.46,USD,285.46,USD,ACH,0
2026-01-16 11:38:00,4,A134,3,A28,86.42,USD,86.42,USD,ACH,0
2026-01-16 11:38:00,4,A179,2,A152,273.52,USD,273.52,USD,ACH,0
2026-01-16 11:45:00,4,A29,0,A50,1193.86,USD,1193.86,USD,ACH,0
2026-01-16 11:45:00,0,A45,2,A82,432.15,USD,432.15,USD,ACH,0
2026-01-16 11:46:00,2,A207,4,A204,439.33,USD,439.33,USD,ACH,0
2026-01-16 11:48:00,2,A12,2,A277,219.5,USD,219.5,USD,ACH,0
2026-01-16 11:48:00,3,A283,4,A289,271.02,USD,271.02,USD,ACH,0
2026-01-16 11:49:00,4,A254,1,A21,365.39,USD,365.39,USD,ACH,0
2026-01-16 11:50:00,4,A264,0,A275,1985.09,USD,1985.09,USD,ACH,0
2026-01-16 11:52:00,1,A6,4,A199,410.39,USD,410.39,USD,ACH,0
2026-01-16 11:55:00,1,A286,4,A189,573.85,USD,573.85,USD,ACH,0
2026-01-16 11:56:00,1,A286,4,A254,1304.1,USD,1304.1,USD,ACH,0
2026-01-16 12:00:00,1,A146,4,A139,3013.8,USD,3013.8,USD,Wire,0
2026-01-16 12:00:00,1,A226,4,A219,3212.05,USD,3212.05,USD,Wire,0
2026-01-16 12:01:00,3,A23,2,A62,244.19,USD,244.19,USD,ACH,0
2026-01-16 12:01:00,1,A166,4,A159,3075.47,USD,3075.47,USD,Wire,0
2026-01-16 12:01:00,2,A177,0,A75,373.51,USD,373.51,USD,ACH,0
2026-01-16 12:01:00,2,A187,2,A222,863.49,USD,863.49,USD,ACH,0
2026-01-16 12:01:00,4,A234,2,A87,249.52,USD,249.52,USD,ACH,0
2026-01-16 12:02:00,3,A48,1,A41,1461.94,USD,1461.94,USD,Wire,0
2026-01-16 12:02:00,1,A231,4,A224,1932.56,USD,1932.56,USD,Wire,0
2026-01-16 12:03:00,3,A3,4,A134,227.72,USD,227.72,USD,ACH,0
2026-01-16 12:03:00,0,A215,3,A208,2615.44,USD,2615.44,USD,Wire,0
2026-01-16 12:03:00,2,A252,0,A245,2467.51,USD,2467.51,USD,Wire,0
2026-01-16 12:04:00,2,A62,0,A55,2129.71,USD,2129.71,USD,Wire,0
2026-01-16 12:04:00,2,A132,4,A239,210.86,USD,210.86,USD,ACH,0
2026-01-16 12:04:00,0,A250,1,A21,254.18,USD,254.18,USD,ACH,0
2026-01-16 12:04:00,4,A4,2,A297,2682.46,USD,2682.46,USD,Wire,0
2026-01-16 12:05:00,0,A125,3,A118,2894.21,USD,2894.21,USD,Wire,0
2026-01-16 12:05:00,0,A265,3,A258,2884.79,USD,2884.79,USD,Wire,0
2026-01-16 12:05:00,2,A297,0,A290,1320.33,USD,1320.33,USD,Wire,0
2026-01-16 12:06:00,1,A216,4,A209,3074.15,USD,3074.15,USD,Wire,0
2026-01-16 12:06:00,3,A248,2,A182,490.06,USD,490.06,USD,ACH,0
2026-01-16 12:06:00,1,A276,4,A269,3045.81,USD,3045.81,USD,Wire,0
2026-01-16 12:07:00,0,A80,3,A73,1874.9,USD,1874.9,USD,Wire,0
2026-01-16 12:07:00,2,A197,0,A190,1051.89,USD,1051.89,USD,Wire,0
2026-01-16 12:08:00,3,A93,1,A86,2259.3,USD,2259.3,USD,Wire,0
2026-01-16 12:08:00,4,A234,2,A227,2696.38,USD,2696.38,USD,Wire,0
2026-01-16 12:08:00,1,A246,4,A239,3234.07,USD,3234.07,USD,Wire,0
2026-01-16 12:09:00,2,A132,0,A125,2192.39,USD,2192.39,USD,Wire,0
2026-01-16 12:09:00,1,A266,4,A259,2939.25,USD,2939.25,USD,Wire,0
2026-01-16 12:10:00,1,A26,4,A19,3216.21,USD,3216.21,USD,Wire,0
2026-01-16 12:10:00,0,A155,3,A148,3099.6,USD,3099.6,USD,Wire,0
2026-01-16 12:10:00,4,A164,2,A157,2443.46,USD,2443.46,USD,Wire,0
2026-01-16 12:10:00,0,A175,3,A168,2751.95,USD,2751.95,USD,Wire,0
2026-01-16 12:11:00,3,A88,1,A81,1226.6,USD,1226.6,USD,Wire,0
2026-01-16 12:11:00,4,A89,2,A82,1477.24,USD,1477.24,USD,Wire,0
2026-01-16 12:11:00,0,A100,3,A93,1696.3,USD,1696.3,USD,Wire,0
2026-01-16 12:11:00,1,A106,4,A99,3067.35,USD,3067.35,USD,Wire,0
2026-01-16 12:11:00,2,A217,4,A259,238.48,USD,238.48,USD,ACH,0
2026-01-16 12:12:00,0,A85,3,A13,369.9,USD,369.9,USD,ACH,0
2026-01-16 12:12:00,4,A134,3,A143,126.13,USD,126.13,USD,ACH,0
2026-01-16 12:13:00,3,A293,1,A286,2615.24,USD,2615.24,USD,Wire,0
2026-01-16 12:14:00,4,A184,2,A177,2455.13,USD,2455.13,USD,Wire,0
2026-01-16 12:14:00,3,A248,1,A241,1485.06,USD,1485.06,USD,Wire,0
2026-01-16 12:15:00,3,A63,4,A24,153.65,USD,153.65,USD,ACH,0
2026-01-16 12:15:00,4,A64,1,A246,325.89,USD,325.89,USD,ACH,0
2026-01-16 12:15:00,2,A92,0,A85,2120.13,USD,2120.13,USD,Wire,0
2026-01-16 12:15:00,3,A103,1,A96,2360.89,USD,2360.89,USD,Wire,0
2026-01-16 12:15:00,3,A253,1,A246,2623.39,USD,2623.39,USD,Wire,0
2026-01-16 12:15:00,2,A292,0,A285,2262.59,USD,2262.59,USD,Wire,0
2026-01-16 12:16:00,3,A68,4,A164,137.68,USD,137.68,USD,ACH,0
2026-01-16 12:16:00,1,A206,4,A199,2877.97,USD,2877.97,USD,Wire,0
2026-01-16 12:17:00,2,A272,0,A265,2292.05,USD,2292.05,USD,Wire,0
2026-01-16 12:18:00,0,A40,0,A75,280.81,USD,280.81,USD,ACH,0
2026-01-16 12:18:00,0,A115,3,A108,2652.13,USD,2652.13,USD,Wire,0
2026-01-16 12:18:00,3,A163,1,A156,2336.87,USD,2336.87,USD,Wire,0
2026-01-16 12:18:00,3,A193,1,A186,2626.88,USD,2626.88,USD,Wire,0
2026-01-16 12:18:00,0,A205,3,A198,2807.48,USD,2807.48,USD,Wire,0
2026-01-16 12:18:00,1,A261,0,A290,255.2,USD,255.2,USD,ACH,0
2026-01-16 12:20:00,2,A127,4,A14,1084.92,USD,1084.92,USD,ACH,0
2026-01-16 12:20:00,4,A139,2,A152,2948.66,USD,2948.66,USD,Wire,0
2026-01-16 12:20:00,4,A219,2,A232,3120.37,USD,3120.37,USD,Wire,0
2026-01-16 12:21:00,4,A159,2,A172,3004.77,USD,3004.77,USD,Wire,0
2026-01-16 12:22:00,1,A41,4,A54,1373.49,USD,1373.49,USD,Wire,0
2026-01-16 12:22:00,1,A56,0,A25,882.31,USD,882.31,USD,ACH,0
2026-01-16 12:22:00,3,A143,4,A214,632.24,USD,632.24,USD,ACH,0
2026-01-16 12:22:00,4,A224,2,A237,1762.46,USD,1762.46,USD,Wire,0
2026-01-16 12:23:00,4,A204,1,A21,565.85,USD,565.85,USD,ACH,0
2026-01-16 12:23:00,3,A208,1,A221,2514.2,USD,2514.2,USD,Wire,0
2026-01-16 12:23:00,0,A245,3,A258,2265.07,USD,2265.07,USD,Wire,0
2026-01-16 12:24:00,0,A55,3,A68,1974.02,USD,1974.02,USD,Wire,0
2026-01-16 12:24:00,2,A297,0,A10,2598.49,USD,2598.49,USD,Wire,0
2026-01-16 12:25:00,0,A25,2,A177,523.34,USD,523.34,USD,ACH,0
2026-01-16 12:25:00,3,A28,0,A285,507.91,USD,507.91,USD,ACH,0
2026-01-16 12:25:00,3,A118,1,A131,2817.55,USD,2817.55,USD,Wire,0
2026-01-16 12:25:00,1,A221,1,A31,294.38,USD,294.38,USD,ACH,0
2026-01-16 12:25:00,1,A256,0,A120,334.34,USD,334.34,USD,ACH,0
2026-01-16 12:25:00,3,A258,1,A271,2766.15,USD,2766.15,USD,Wire,0
2026-01-16 12:25:00,0,A290,3,A3,1244.79,USD,1244.79,USD,Wire,0
2026-01-16 12:26:00,4,A209,2,A222,2931.96,USD,2931.96,USD,Wire,0
2026-01-16 12:26:00,4,A269,2,A282,2882.43,USD,2882.43,USD,Wire,0
2026-01-16 12:27:00,3,A73,1,A86,1761.46,USD,1761.46,USD,Wire,0
2026-01-16 12:27:00,0,A190,3,A203,1039.18,USD,1039.18,USD,Wire,0
2026-01-16 12:28:00,1,A86,4,A99,2133.78,USD,2133.78,USD,Wire,0
2026-01-16 12:28:00,2,A227,0,A240,2536.53,USD,2536.53,USD,Wire,0
2026-01-16 12:28:00,4,A239,2,A252,3133.44,USD,3133.44,USD,Wire,0
2026-01-16 12:29:00,0,A125,3,A138,2144.43,USD,2144.43,USD,Wire,0
2026-01-16 12:29:00,1,A216,0,A65,1266.94,USD,1266.94,USD,ACH,0
2026-01-16 12:29:00,4,A259,2,A272,2892.23,USD,2892.23,USD,Wire,0
2026-01-16 12:30:00,4,A19,2,A32,3124.69,USD,3124.69,USD,Wire,0
2026-01-16 12:30:00,3,A148,1,A161,3050.15,USD,3050.15,USD,Wire,0
2026-01-16 12:30:00,4,A149,2,A127,401.39,USD,401.39,USD,ACH,0
2026-01-16 12:30:00,2,A157,0,A170,2202.51,USD,2202.51,USD,Wire,0
2026-01-16 12:30:00,3,A168,1,A181,2689.32,USD,2689.32,USD,Wire,0
2026-01-16 12:30:00,2,A247,0,A245,1114.99,USD,1114.99,USD,ACH,0
2026-01-16 12:30:00,3,A278,4,A214,387.22,USD,387.22,USD,ACH,0
2026-01-16 12:31:00,1,A81,4,A94,1179.97,USD,1179.97,USD,Wire,0
2026-01-16 12:31:00,2,A82,0,A95,1450.18,USD,1450.18,USD,Wire,0
2026-01-16 12:31:00,3,A93,1,A106,1533.42,USD,1533.42,USD,Wire,0
2026-01-16 12:31:00,4,A99,2,A112,2943.88,USD,2943.88,USD,Wire,0
2026-01-16 12:32:00,3,A88,4,A194,676.03,USD,676.03,USD,ACH,0
2026-01-16 12:33:00,1,A286,4,A299,2485.95,USD,2485.95,USD,Wire,0
2026-01-16 12:34:00,1,A121,1,A101,477.66,USD,477.66,USD,ACH,0
2026-01-16 12:34:00,2,A177,0,A190,2336.72,USD,2336.72,USD,Wire,0
2026-01-16 12:34:00,1,A241,4,A254,1469.64,USD,1469.64,USD,Wire,0
2026-01-16 12:35:00,0,A85,3,A98,2063.0,USD,2063.0,USD,Wire,0
2026-01-16 12:35:00,1,A96,4,A109,2334.87,USD,2334.87,USD,Wire,0
2026-01-16 12:35:00,1,A171,3,A88,150.3,USD,150.3,USD,ACH,0
2026-01-16 12:35:00,3,A243,1,A31,630.76,USD,630.76,USD,ACH,0
2026-01-16 12:35:00,1,A246,4,A259,2523.87,USD,2523.87,USD,Wire,0
2026-01-16 12:35:00,0,A285,3,A298,2162.98,USD,2162.98,USD,Wire,0
2026-01-16 12:36:00,4,A199,2,A212,2847.48,USD,2847.48,USD,Wire,0
2026-01-16 12:37:00,0,A265,3,A278,2185.56,USD,2185.56,USD,Wire,0
2026-01-16 12:38:00,3,A108,1,A121,2509.93,USD,2509.93,USD,Wire,0
2026-01-16 12:38:00,1,A156,4,A169,2133.51,USD,2133.51,USD,Wire,0
2026-01-16 12:38:00,1,A186,4,A199,2509.66,USD,2509.66,USD,Wire,0
2026-01-16 12:38:00,3,A198,1,A211,2618.67,USD,2618.67,USD,Wire,0
2026-01-16 12:39:00,1,A121,3,A278,59.18,USD,59.18,USD,ACH,1
2026-01-16 12:44:00,4,A279,2,A132,828.13,USD,828.13,USD,ACH,0
2026-01-16 12:48:00,4,A164,4,A269,250.64,USD,250.64,USD,ACH,0
2026-01-16 12:49:00,3,A133,0,A55,454.97,USD,454.97,USD,ACH,0
2026-01-16 12:49:00,4,A269,2,A222,981.93,USD,981.93,USD,ACH,0
2026-01-16 12:53:00,0,A60,2,A227,113.47,USD,113.47,USD,ACH,0
2026-01-16 12:53:00,1,A151,4,A289,148.28,USD,148.28,USD,ACH,0
2026-01-16 12:55:00,2,A227,4,A84,140.51,USD,140.51,USD,ACH,0
2026-01-16 12:57:00,3,A98,0,A210,402.3,USD,402.3,USD,ACH,0
2026-01-16 13:00:00,4,A224,4,A89,278.73,USD,278.73,USD,ACH,0
2026-01-16 13:00:00,1,A236,2,A117,789.01,USD,789.01,USD,ACH,0
2026-01-16 13:01:00,1,A11,2,A52,94.87,USD,94.87,USD,ACH,0
2026-01-16 13:02:00,0,A115,2,A52,648.16,USD,648.16,USD,ACH,0
2026-01-16 13:03:00,1,A241,0,A265,99.23,USD,99.23,USD,ACH,0
2026-01-16 13:05:00,3,A38,2,A192,1201.96,USD,1201.96,USD,ACH,0
2026-01-16 13:06:00,3,A178,1,A71,424.39,USD,424.39,USD,ACH,0
2026-01-16 13:07:00,0,A50,1,A151,202.31,USD,202.31,USD,ACH,1
2026-01-16 13:08:00,2,A207,3,A243,314.58,USD,314.58,USD,ACH,0
2026-01-16 13:09:00,4,A49,1,A241,926.03,USD,926.03,USD,ACH,0
2026-01-16 13:09:00,2,A117,4,A119,194.25,USD,194.25,USD,ACH,0
2026-01-16 13:11:00,4,A154,4,A214,727.94,USD,727.94,USD,ACH,1
2026-01-16 13:11:00,4,A194,2,A12,321.84,USD,321.84,USD,ACH,0
2026-01-16 13:12:00,3,A203,1,A281,173.95,USD,173.95,USD,ACH,0
2026-01-16 13:13:00,3,A13,0,A290,457.57,USD,457.57,USD,ACH,0
2026-01-16 13:14:00,3,A258,0,A100,3384.36,USD,3384.36,USD,ACH,0
2026-01-16 13:16:00,1,A186,1,A281,307.12,USD,307.12,USD,ACH,0
2026-01-16 13:16:00,4,A219,0,A100,73.84,USD,73.84,USD,ACH,0
2026-01-16 13:20:00,3,A228,2,A62,149.07,USD,149.07,USD,ACH,0
2026-01-16 13:20:00,0,A235,3,A113,904.32,USD,904.32,USD,ACH,0
2026-01-16 13:21:00,4,A289,4,A79,1100.78,USD,1100.78,USD,ACH,0
2026-01-16 13:24:00,3,A8,2,A207,2199.49,USD,2199.49,USD,ACH,0
2026-01-16 13:24:00,4,A204,2,A132,93.67,USD,93.67,USD,ACH,0
2026-01-16 13:24:00,4,A259,2,A222,1090.76,USD,1090.76,USD,ACH,1
2026-01-16 13:25:00,0,A100,1,A36,161.41,USD,161.41,USD,ACH,0
2026-01-16 13:26:00,1,A76,4,A199,160.46,USD,160.46,USD,ACH,0
2026-01-16 13:27:00,2,A32,2,A287,151.16,USD,151.16,USD,ACH,0
2026-01-16 13:29:00,1,A211,0,A135,256.29,USD,256.29,USD,ACH,0
2026-01-16 13:29:00,3,A273,1,A21,560.29,USD,560.29,USD,ACH,0
2026-01-16 13:31:00,0,A200,2,A72,53.59,USD,53.59,USD,ACH,0
2026-01-16 13:32:00,2,A7,3,A118,836.9,USD,836.9,USD,ACH,0
2026-01-16 13:32:00,2,A57,0,A265,611.94,USD,611.94,USD,ACH,0
2026-01-16 13:34:00,0,A65,1,A46,143.63,USD,143.63,USD,ACH,0
2026-01-16 13:43:00,3,A213,0,A65,185.09,USD,185.09,USD,ACH,0
2026-01-16 13:43:00,3,A253,1,A1,313.22,USD,313.22,USD,ACH,0
2026-01-16 13:44:00,0,A190,4,A139,139.4,USD,139.4,USD,ACH,0
2026-01-16 13:44:00,0,A245,0,A285,1568.83,USD,1568.83,USD,ACH,0
2026-01-16 13:46:00,4,A219,0,A295,662.57,USD,662.57,USD,ACH,1
2026-01-16 13:48:00,0,A235,4,A69,539.13,USD,539.13,USD,ACH,0
2026-01-16 13:49:00,3,A243,0,A295,519.4,USD,519.4,USD,ACH,0
2026-01-16 13:50:00,2,A282,1,A146,112.78,USD,112.78,USD,ACH,0
2026-01-16 13:51:00,4,A254,1,A86,480.42,USD,480.42,USD,ACH,0
2026-01-16 13:52:00,2,A52,4,A279,580.27,USD,580.27,USD,ACH,0
2026-01-16 13:53:00,1,A101,2,A67,520.84,USD,520.84,USD,ACH,0
2026-01-16 13:55:00,4,A124,1,A176,761.91,USD,761.91,USD,ACH,1
2026-01-16 13:56:00,2,A202,3,A78,282.41,USD,282.41,USD,ACH,0
2026-01-16 13:56:00,4,A229,2,A257,689.28,USD,689.28,USD,ACH,0
2026-01-16 13:58:00,2,A152,1,A41,459.71,USD,459.71,USD,ACH,0
2026-01-16 14:07:00,1,A141,2,A72,451.2,USD,451.2,USD,ACH,1
2026-01-16 14:08:00,0,A120,1,A126,80.82,USD,80.82,USD,ACH,0
2026-01-16 14:09:00,0,A55,2,A227,295.24,USD,295.24,USD,ACH,0
2026-01-16 14:10:00,1,A21,1,A186,45.2,USD,45.2,USD,ACH,0
2026-01-16 14:11:00,4,A44,1,A196,79.13,USD,79.13,USD,ACH,0
2026-01-16 14:11:00,3,A153,3,A73,173.52,USD,173.52,USD,ACH,0
2026-01-16 14:12:00,1,A146,1,A196,307.32,USD,307.32,USD,ACH,1
2026-01-16 14:15:00,2,A172,0,A175,324.08,USD,324.08,USD,ACH,0
2026-01-16 14:18:00,1,A106,1,A36,353.96,USD,353.96,USD,ACH,0
2026-01-16 14:20:00,0,A170,1,A246,333.59,USD,333.59,USD,ACH,0
2026-01-16 14:21:00,3,A108,4,A214,706.99,USD,706.99,USD,ACH,0
2026-01-16 14:21:00,3,A178,0,A155,275.2,USD,275.2,USD,ACH,0
2026-01-16 14:23:00,3,A113,4,A89,693.65,USD,693.65,USD,ACH,0
2026-01-16 14:24:00,4,A84,4,A59,306.19,USD,306.19,USD,ACH,0
2026-01-16 14:24:00,4,A199,2,A232,233.79,USD,233.79,USD,ACH,0
2026-01-16 14:25:00,0,A95,0,A280,165.77,USD,165.77,USD,ACH,0
2026-01-16 14:26:00,3,A168,2,A147,843.09,USD,843.09,USD,ACH,0
2026-01-16 14:27:00,3,A233,1,A66,396.59,USD,396.59,USD,ACH,0
2026-01-16 14:31:00,0,A35,3,A223,275.46,USD,275.46,USD,ACH,0
2026-01-16 14:37:00,1,A176,4,A179,259.66,USD,259.66,USD,ACH,0
2026-01-16 14:39:00,4,A19,2,A112,1184.97,USD,1184.97,USD,ACH,0
2026-01-16 14:39:00,4,A84,0,A215,594.14,USD,594.14,USD,ACH,0
2026-01-16 14:39:00,4,A119,0,A75,833.91,USD,833.91,USD,ACH,0
2026-01-16 14:40:00,4,A239,0,A255,633.2,USD,633.2,USD,ACH,0
2026-01-16 14:42:00,1,A46,4,A19,452.95,USD,452.95,USD,ACH,0
2026-01-16 14:42:00,1,A271,3,A298,287.45,USD,287.45,USD,ACH,0
2026-01-16 14:43:00,0,A0,0,A55,447.88,USD,447.88,USD,ACH,0
2026-01-16 14:44:00,0,A95,1,A96,258.66,USD,258.66,USD,ACH,0
2026-01-16 14:44:00,0,A150,3,A168,101.89,USD,101.89,USD,ACH,0
2026-01-16 14:45:00,1,A181,2,A167,330.47,USD,330.47,USD,ACH,1
2026-01-16 14:45:00,3,A218,1,A286,233.25,USD,233.25,USD,ACH,0
2026-01-16 14:46:00,4,A179,2,A102,854.05,USD,854.05,USD,ACH,0
2026-01-16 14:49:00,0,A225,1,A96,1066.97,USD,1066.97,USD,ACH,0
2026-01-16 14:49:00,3,A298,2,A97,1643.36,USD,1643.36,USD,ACH,0
2026-01-16 14:50:00,2,A37,4,A184,371.53,USD,371.53,USD,ACH,0
2026-01-16 14:52:00,2,A87,3,A63,455.37,USD,455.37,USD,ACH,0
2026-01-16 14:54:00,1,A31,3,A208,338.78,USD,338.78,USD,ACH,0
2026-01-16 14:54:00,3,A288,4,A264,995.13,USD,995.13,USD,ACH,0
2026-01-16 14:57:00,4,A209,4,A84,356.77,USD,356.77,USD,ACH,0
2026-01-16 14:58:00,0,A295,0,A150,868.2,USD,868.2,USD,ACH,0
2026-01-16 15:01:00,2,A67,1,A236,703.59,USD,703.59,USD,ACH,0
2026-01-16 15:01:00,0,A240,0,A60,231.23,USD,231.23,USD,ACH,0
2026-01-16 15:01:00,2,A257,0,A225,501.63,USD,501.63,USD,ACH,0
2026-01-16 15:02:00,0,A255,3,A268,487.24,USD,487.24,USD,ACH,0
2026-01-16 15:02:00,3,A288,0,A190,511.55,USD,511.55,USD,ACH,0
2026-01-16 15:03:00,1,A256,0,A115,1069.7,USD,1069.7,USD,ACH,0
2026-01-16 15:04:00,0,A165,4,A84,1615.57,USD,1615.57,USD,ACH,0
2026-01-16 15:05:00,4,A94,4,A84,148.59,USD,148.59,USD,ACH,0
2026-01-16 15:05:00,0,A205,4,A24,333.43,USD,333.43,USD,ACH,0
2026-01-16 15:06:00,4,A9,4,A224,251.59,USD,251.59,USD,ACH,0
2026-01-16 15:07:00,3,A193,3,A268,569.74,USD,569.74,USD,ACH,0
2026-01-16 15:07:00,4,A279,1,A1,964.49,USD,964.49,USD,ACH,0
2026-01-16 15:08:00,2,A152,3,A288,999.69,USD,999.69,USD,ACH,0
2026-01-16 15:08:00,0,A290,0,A260,185.04,USD,185.04,USD,ACH,0
2026-01-16 15:09:00,0,A265,1,A51,258.56,USD,258.56,USD,ACH,0
2026-01-16 15:09:00,2,A277,3,A103,177.49,USD,177.49,USD,ACH,0
2026-01-16 15:13:00,0,A55,0,A20,371.59,USD,371.59,USD,ACH,0
2026-01-16 15:14:00,1,A231,3,A178,66.63,USD,66.63,USD,ACH,0
2026-01-16 15:15:00,0,A115,3,A243,680.5,USD,680.5,USD,ACH,0
2026-01-16 15:17:00,0,A255,1,A141,647.1,USD,647.1,USD,ACH,0
2026-01-16 15:18:00,1,A231,1,A141,444.52,USD,444.52,USD,ACH,0
2026-01-16 15:19:00,4,A104,3,A138,149.57,USD,149.57,USD,ACH,0
2026-01-16 15:20:00,3,A18,2,A252,286.62,USD,286.62,USD,ACH,0
2026-01-16 15:20:00,3,A278,1,A36,698.23,USD,698.23,USD,ACH,0
2026-01-16 15:21:00,3,A198,3,A183,360.62,USD,360.62,USD,ACH,0
2026-01-16 15:27:00,4,A114,2,A52,340.84,USD,340.84,USD,ACH,0
2026-01-16 15:31:00,2,A42,4,A134,448.74,USD,448.74,USD,ACH,0
2026-01-16 15:33:00,2,A57,0,A210,136.79,USD,136.79,USD,ACH,0
2026-01-16 15:36:00,2,A157,0,A290,623.86,USD,623.86,USD,ACH,0
2026-01-16 15:36:00,2,A202,2,A242,560.76,USD,560.76,USD,ACH,0
2026-01-16 15:38:00,3,A88,1,A226,1216.24,USD,1216.24,USD,ACH,0
2026-01-16 15:42:00,3,A103,0,A55,241.41,USD,241.41,USD,ACH,0
2026-01-16 15:43:00,4,A299,1,A276,872.66,USD,872.66,USD,ACH,0
2026-01-16 15:44:00,4,A29,3,A193,527.54,USD,527.54,USD,ACH,0
2026-01-16 15:44:00,1,A291,4,A84,588.39,USD,588.39,USD,ACH,0
2026-01-16 15:46:00,1,A101,2,A197,196.59,USD,196.59,USD,ACH,0
2026-01-16 15:46:00,1,A196,1,A101,156.44,USD,156.44,USD,ACH,1
2026-01-16 15:46:00,2,A242,4,A169,478.95,USD,478.95,USD,ACH,0
2026-01-16 15:46:00,3,A263,4,A179,496.51,USD,496.51,USD,ACH,0
2026-01-16 15:47:00,0,A275,2,A62,355.7,USD,355.7,USD,ACH,0
2026-01-16 15:48:00,2,A272,3,A168,214.18,USD,214.18,USD,ACH,0
2026-01-16 15:49:00,0,A90,0,A280,183.3,USD,183.3,USD,ACH,0
2026-01-16 15:51:00,0,A125,4,A149,141.86,USD,141.86,USD,ACH,0
2026-01-16 15:52:00,4,A119,0,A230,891.52,USD,891.52,USD,ACH,0
2026-01-16 15:56:00,2,A147,3,A293,1028.13,USD,1028.13,USD,ACH,0
2026-01-16 15:59:00,4,A24,3,A208,537.39,USD,537.39,USD,ACH,0
2026-01-16 15:59:00,4,A129,2,A157,440.62,USD,440.62,USD,ACH,1
2026-01-16 16:01:00,0,A30,3,A103,114.17,USD,114.17,USD,ACH,0
2026-01-16 16:01:00,4,A74,4,A39,356.31,USD,356.31,USD,ACH,0
2026-01-16 16:06:00,0,A285,4,A249,820.24,USD,820.24,USD,ACH,0
2026-01-16 16:08:00,1,A91,1,A206,759.84,USD,759.84,USD,ACH,0
2026-01-16 16:09:00,1,A66,1,A281,258.11,USD,258.11,USD,ACH,0
2026-01-16 16:09:00,4,A94,4,A114,629.06,USD,629.06,USD,ACH,0
2026-01-16 16:10:00,0,A215,2,A277,234.62,USD,234.62,USD,ACH,0
2026-01-16 16:13:00,0,A140,3,A198,299.22,USD,299.22,USD,ACH,0
2026-01-16 16:13:00,0,A270,2,A297,448.21,USD,448.21,USD,ACH,0
2026-01-16 16:14:00,1,A296,2,A192,196.9,USD,196.9,USD,ACH,0
2026-01-16 16:16:00,1,A136,2,A257,1295.15,USD,1295.15,USD,ACH,0
2026-01-16 16:19:00,4,A229,1,A196,658.74,USD,658.74,USD,ACH,0
2026-01-16 16:20:00,1,A161,1,A56,136.69,USD,136.69,USD,ACH,0
2026-01-16 16:21:00,4,A249,0,A175,987.35,USD,987.35,USD,ACH,0
2026-01-16 16:22:00,0,A60,1,A131,107.64,USD,107.64,USD,ACH,0
2026-01-16 16:25:00,2,A267,1,A16,937.31,USD,937.31,USD,ACH,0
2026-01-16 16:26:00,2,A12,2,A37,119.46,USD,119.46,USD,ACH,0
2026-01-16 16:26:00,1,A26,0,A225,183.73,USD,183.73,USD,ACH,0
2026-01-16 16:26:00,4,A129,4,A249,1018.18,USD,1018.18,USD,ACH,0
2026-01-16 16:27:00,1,A96,2,A257,308.6,USD,308.6,USD,ACH,0
2026-01-16 16:29:00,4,A124,4,A164,240.21,USD,240.21,USD,ACH,0
2026-01-16 16:30:00,2,A77,4,A139,300.16,USD,300.16,USD,ACH,1
2026-01-16 16:33:00,1,A81,3,A288,369.78,USD,369.78,USD,ACH,0
2026-01-16 16:34:00,1,A21,0,A0,45.34,USD,45.34,USD,ACH,0
2026-01-16 16:36:00,2,A107,1,A26,1039.33,USD,1039.33,USD,ACH,0
2026-01-16 16:36:00,2,A212,2,A297,129.87,USD,129.87,USD,ACH,0
2026-01-16 16:37:00,3,A78,0,A100,175.86,USD,175.86,USD,ACH,0
2026-01-16 16:38:00,4,A34,2,A177,70.47,USD,70.47,USD,ACH,0
2026-01-16 16:40:00,0,A110,1,A51,583.18,USD,583.18,USD,ACH,0
2026-01-16 16:42:00,0,A25,0,A50,451.07,USD,451.07,USD,ACH,0
2026-01-16 16:46:00,4,A19,1,A296,154.25,USD,154.25,USD,ACH,1
2026-01-16 16:46:00,3,A238,1,A211,834.59,USD,834.59,USD,ACH,0
2026-01-16 16:48:00,2,A17,4,A154,533.28,USD,533.28,USD,ACH,0
2026-01-16 16:48:00,4,A169,2,A227,602.68,USD,602.68,USD,ACH,0
2026-01-16 16:49:00,0,A10,3,A183,344.2,USD,344.2,USD,ACH,0
2026-01-16 16:54:00,0,A155,2,A182,855.73,USD,855.73,USD,ACH,0
2026-01-16 16:55:00,1,A61,2,A62,714.53,USD,714.53,USD,ACH,0
2026-01-16 16:55:00,4,A184,0,A115,264.62,USD,264.62,USD,ACH,0
2026-01-16 16:55:00,1,A211,0,A190,744.64,USD,744.64,USD,ACH,0
2026-01-16 16:57:00,4,A159,2,A152,630.04,USD,630.04,USD,ACH,0
2026-01-16 16:57:00,4,A189,1,A16,1234.73,USD,1234.73,USD,ACH,0
2026-01-16 16:59:00,2,A92,1,A291,353.81,USD,353.81,USD,ACH,0
2026-01-16 17:01:00,0,A105,1,A86,96.88,USD,96.88,USD,ACH,0
2026-01-16 17:01:00,2,A232,2,A112,412.65,USD,412.65,USD,ACH,0
2026-01-16 17:03:00,0,A15,2,A182,771.2,USD,771.2,USD,ACH,0
2026-01-16 17:04:00,0,A5,4,A19,43.79,USD,43.79,USD,ACH,0
2026-01-16 17:04:00,4,A104,2,A47,367.44,USD,367.44,USD,ACH,1
2026-01-16 17:05:00,3,A128,3,A283,400.29,USD,400.29,USD,ACH,1
2026-01-16 17:07:00,4,A174,0,A105,85.86,USD,85.86,USD,ACH,0
2026-01-16 17:07:00,2,A222,1,A31,453.36,USD,453.36,USD,ACH,0
2026-01-16 17:09:00,4,A264,2,A267,143.07,USD,143.07,USD,ACH,0
2026-01-16 17:11:00,3,A58,0,A80,482.87,USD,482.87,USD,ACH,0
2026-01-16 17:11:00,4,A109,0,A170,1103.29,USD,1103.29,USD,ACH,0
2026-01-16 17:11:00,2,A247,3,A108,315.33,USD,315.33,USD,ACH,0
2026-01-16 17:15:00,3,A38,3,A268,295.87,USD,295.87,USD,ACH,0
2026-01-16 17:15:00,2,A47,2,A227,635.98,USD,635.98,USD,ACH,1
2026-01-16 17:16:00,3,A123,3,A148,674.33,USD,674.33,USD,ACH,0
2026-01-16 17:16:00,4,A144,4,A159,453.92,USD,453.92,USD,ACH,0
2026-01-16 17:23:00,1,A161,4,A149,428.81,USD,428.81,USD,ACH,0
2026-01-16 17:27:00,1,A131,4,A54,814.92,USD,814.92,USD,ACH,0
2026-01-16 17:27:00,3,A188,3,A48,116.12,USD,116.12,USD,ACH,0
2026-01-16 17:28:00,1,A41,2,A142,332.57,USD,332.57,USD,ACH,0
2026-01-16 17:29:00,2,A257,2,A47,1478.64,USD,1478.64,USD,ACH,0
2026-01-16 17:29:00,0,A285,0,A275,138.79,USD,138.79,USD,ACH,0
2026-01-16 17:31:00,4,A74,2,A232,920.3,USD,920.3,USD,ACH,0
2026-01-16 17:33:00,4,A54,4,A189,175.73,USD,175.73,USD,ACH,0
2026-01-16 17:33:00,2,A122,3,A273,750.08,USD,750.08,USD,ACH,0
2026-01-16 17:37:00,1,A111,2,A22,332.02,USD,332.02,USD,ACH,0
2026-01-16 17:42:00,1,A186,2,A112,1082.91,USD,1082.91,USD,ACH,0
2026-01-16 17:42:00,2,A252,0,A90,468.36,USD,468.36,USD,ACH,0
2026-01-16 17:46:00,0,A80,0,A70,236.07,USD,236.07,USD,ACH,0
2026-01-16 17:48:00,1,A16,1,A51,493.65,USD,493.65,USD,ACH,0
2026-01-16 17:50:00,2,A217,0,A120,941.87,USD,941.87,USD,ACH,0
2026-01-16 17:51:00,0,A10,2,A262,206.31,USD,206.31,USD,ACH,0
2026-01-16 17:52:00,0,A75,0,A135,295.95,USD,295.95,USD,ACH,0
2026-01-16 17:52:00,3,A83,2,A2,94.7,USD,94.7,USD,ACH,0
2026-01-16 17:52:00,3,A173,4,A9,448.36,USD,448.36,USD,ACH,0
2026-01-16 17:56:00,4,A189,1,A1,1769.98,USD,1769.98,USD,ACH,0
2026-01-16 17:57:00,0,A260,2,A102,112.56,USD,112.56,USD,ACH,0
2026-01-16 17:59:00,2,A27,4,A269,1141.51,USD,1141.51,USD,ACH,0
2026-01-16 17:59:00,0,A165,4,A39,267.66,USD,267.66,USD,ACH,0
2026-01-17 08:02:00,1,A46,2,A97,254.81,USD,254.81,USD,ACH,0
2026-01-17 08:02:00,1,A91,4,A174,78.15,USD,78.15,USD,ACH,0
2026-01-17 08:05:00,1,A146,2,A192,3533.53,USD,3533.53,USD,ACH,0
2026-01-17 08:06:00,1,A161,2,A77,516.17,USD,516.17,USD,ACH,0
2026-01-17 08:08:00,0,A45,2,A82,409.84,USD,409.84,USD,ACH,1
2026-01-17 08:09:00,0,A140,1,A96,165.1,USD,165.1,USD,ACH,0
2026-01-17 08:10:00,1,A281,2,A232,122.17,USD,122.17,USD,ACH,0
2026-01-17 08:11:00,4,A219,3,A243,415.8,USD,415.8,USD,ACH,1
2026-01-17 08:12:00,4,A89,1,A86,389.55,USD,389.55,USD,ACH,0
2026-01-17 08:15:00,0,A15,2,A177,600.17,USD,600.17,USD,ACH,0
2026-01-17 08:19:00,1,A251,0,A85,462.32,USD,462.32,USD,ACH,0
2026-01-17 08:19:00,4,A254,3,A43,330.13,USD,330.13,USD,ACH,0
2026-01-17 08:22:00,1,A171,4,A249,227.81,USD,227.81,USD,ACH,0
2026-01-17 08:23:00,2,A57,4,A169,1054.16,USD,1054.16,USD,ACH,0
2026-01-17 08:24:00,3,A73,4,A169,200.62,USD,200.62,USD,ACH,0
2026-01-17 08:25:00,0,A135,4,A174,745.05,USD,745.05,USD,ACH,0
2026-01-17 08:27:00,4,A54,2,A227,641.79,USD,641.79,USD,ACH,0
2026-01-17 08:27:00,0,A85,4,A69,233.95,USD,233.95,USD,ACH,0
2026-01-17 08:27:00,2,A152,2,A22,169.41,USD,169.41,USD,ACH,0
2026-01-17 08:28:00,1,A81,4,A224,609.94,USD,609.94,USD,ACH,0
2026-01-17 08:34:00,4,A4,4,A109,341.9,USD,341.9,USD,ACH,0
2026-01-17 08:36:00,4,A34,4,A79,383.12,USD,383.12,USD,ACH,0
2026-01-17 08:38:00,3,A288,3,A198,1251.85,USD,1251.85,USD,ACH,0
2026-01-17 08:39:00,4,A9,1,A146,1729.65,USD,1729.65,USD,ACH,0
2026-01-17 08:41:00,3,A78,1,A11,176.82,USD,176.82,USD,ACH,0
2026-01-17 08:42:00,1,A166,3,A3,479.15,USD,479.15,USD,ACH,0
2026-01-17 08:43:00,0,A215,0,A50,2924.75,USD,2924.75,USD,ACH,0
2026-01-17 08:45:00,2,A117,3,A73,386.77,USD,386.77,USD,ACH,0
2026-01-17 08:45:00,3,A118,1,A61,428.18,USD,428.18,USD,ACH,0
2026-01-17 08:46:00,2,A7,3,A138,277.1,USD,277.1,USD,ACH,0
2026-01-17 08:49:00,4,A234,4,A254,263.24,USD,263.24,USD,ACH,0
2026-01-17 08:51:00,1,A76,4,A199,456.68,USD,456.68,USD,ACH,0
2026-01-17 08:53:00,2,A222,3,A88,777.14,USD,777.14,USD,ACH,0
2026-01-17 08:54:00,1,A46,1,A266,332.6,USD,332.6,USD,ACH,0
2026-01-17 08:55:00,1,A151,4,A134,97.74,USD,97.74,USD,ACH,0
2026-01-17 08:55:00,4,A229,3,A193,208.54,USD,208.54,USD,ACH,0
2026-01-17 08:59:00,3,A218,2,A242,218.04,USD,218.04,USD,ACH,0
2026-01-17 09:01:00,2,A142,1,A1,1351.11,USD,1351.11,USD,ACH,0
2026-01-17 09:03:00,0,A225,2,A167,202.38,USD,202.38,USD,ACH,0
2026-01-17 09:04:00,3,A98,2,A92,1106.73,USD,1106.73,USD,ACH,0
2026-01-17 09:05:00,1,A71,2,A267,195.41,USD,195.41,USD,ACH,0
2026-01-17 09:05:00,4,A299,1,A176,1025.27,USD,1025.27,USD,ACH,0
2026-01-17 09:06:00,1,A241,2,A22,401.72,USD,401.72,USD,ACH,0
2026-01-17 09:10:00,0,A220,0,A80,333.69,USD,333.69,USD,ACH,0
2026-01-17 09:13:00,3,A3,1,A196,303.42,USD,303.42,USD,ACH,0
2026-01-17 09:14:00,0,A130,3,A143,1410.8,USD,1410.8,USD,ACH,0
2026-01-17 09:15:00,3,A253,2,A207,819.55,USD,819.55,USD,ACH,0
2026-01-17 09:15:00,4,A264,4,A49,229.03,USD,229.03,USD,ACH,1
2026-01-17 09:16:00,4,A174,0,A280,432.64,USD,432.64,USD,ACH,0
2026-01-17 09:19:00,0,A40,4,A219,126.9,USD,126.9,USD,ACH,0
2026-01-17 09:21:00,1,A281,4,A239,188.51,USD,188.51,USD,ACH,0
2026-01-17 09:22:00,3,A73,3,A183,479.7,USD,479.7,USD,ACH,0
2026-01-17 09:23:00,0,A5,0,A290,370.46,USD,370.46,USD,ACH,0
2026-01-17 09:23:00,2,A162,2,A252,184.36,USD,184.36,USD,ACH,0
2026-01-17 09:24:00,4,A169,2,A22,4526.33,USD,4526.33,USD,ACH,0
2026-01-17 09:24:00,0,A275,1,A211,298.51,USD,298.51,USD,ACH,0
2026-01-17 09:25:00,1,A96,3,A298,1098.07,USD,1098.07,USD,ACH,0
2026-01-17 09:29:00,1,A51,2,A222,935.48,USD,935.48,USD,ACH,0
2026-01-17 09:29:00,3,A233,3,A148,200.26,USD,200.26,USD,ACH,0
2026-01-17 09:30:00,4,A149,1,A21,134.26,USD,134.26,USD,ACH,0
2026-01-17 09:31:00,2,A22,0,A195,248.07,USD,248.07,USD,ACH,0
2026-01-17 09:32:00,1,A106,2,A62,723.59,USD,723.59,USD,ACH,0
2026-01-17 09:33:00,4,A264,1,A166,269.79,USD,269.79,USD,ACH,0
2026-01-17 09:34:00,3,A8,2,A297,284.83,USD,284.83,USD,ACH,0
2026-01-17 09:37:00,2,A37,4,A284,458.76,USD,458.76,USD,ACH,0
2026-01-17 09:37:00,4,A179,4,A114,2598.12,USD,2598.12,USD,ACH,0
2026-01-17 09:37:00,4,A189,2,A22,549.05,USD,549.05,USD,ACH,0
2026-01-17 09:38:00,1,A6,3,A173,263.01,USD,263.01,USD,ACH,0
2026-01-17 09:38:00,4,A74,4,A139,630.41,USD,630.41,USD,ACH,0
2026-01-17 09:39:00,3,A138,1,A156,1072.91,USD,1072.91,USD,ACH,0
2026-01-17 09:44:00,2,A57,0,A80,1007.72,USD,1007.72,USD,ACH,0
2026-01-17 09:44:00,3,A63,4,A294,120.74,USD,120.74,USD,ACH,0
2026-01-17 09:45:00,3,A208,0,A50,258.22,USD,258.22,USD,ACH,0
2026-01-17 09:45:00,4,A254,1,A126,289.85,USD,289.85,USD,ACH,0
2026-01-17 09:47:00,2,A252,0,A10,164.16,USD,164.16,USD,ACH,0
2026-01-17 09:47:00,0,A285,2,A182,660.74,USD,660.74,USD,ACH,0
2026-01-17 09:52:00,4,A294,0,A135,234.69,USD,234.69,USD,ACH,0
2026-01-17 09:53:00,4,A94,4,A259,142.16,USD,142.16,USD,ACH,0
2026-01-17 09:57:00,2,A187,4,A169,70.7,USD,70.7,USD,ACH,0
2026-01-17 09:57:00,2,A232,0,A280,144.35,USD,144.35,USD,ACH,0
2026-01-17 10:02:00,0,A160,4,A219,130.27,USD,130.27,USD,ACH,0
2026-01-17 10:04:00,1,A176,0,A100,290.52,USD,290.52,USD,ACH,0
2026-01-17 10:04:00,1,A236,4,A14,665.7,USD,665.7,USD,ACH,0
2026-01-17 10:05:00,2,A267,3,A168,580.46,USD,580.46,USD,ACH,0
2026-01-17 10:08:00,3,A13,1,A256,292.58,USD,292.58,USD,ACH,0
2026-01-17 10:08:00,4,A84,2,A112,85.62,USD,85.62,USD,ACH,0
2026-01-17 10:10:00,1,A136,3,A133,783.12,USD,783.12,USD,ACH,0
2026-01-17 10:12:00,3,A213,1,A206,339.39,USD,339.39,USD,ACH,0
2026-01-17 10:14:00,4,A114,0,A85,972.94,USD,972.94,USD,ACH,0
2026-01-17 10:14:00,4,A129,2,A177,124.46,USD,124.46,USD,ACH,0
2026-01-17 10:15:00,3,A263,3,A73,326.1,USD,326.1,USD,ACH,0
2026-01-17 10:19:00,3,A88,2,A22,1487.16,USD,1487.16,USD,ACH,0
2026-01-17 10:20:00,3,A43,2,A222,372.65,USD,372.65,USD,ACH,1
2026-01-17 10:20:00,0,A165,2,A182,480.74,USD,480.74,USD,ACH,0
2026-01-17 10:20:00,4,A274,1,A71,367.02,USD,367.02,USD,ACH,0
2026-01-17 10:22:00,1,A36,3,A188,333.38,USD,333.38,USD,ACH,0
2026-01-17 10:24:00,0,A30,2,A227,150.16,USD,150.16,USD,ACH,0
2026-01-17 10:27:00,3,A268,1,A161,232.05,USD,232.05,USD,ACH,0
2026-01-17 10:28:00,1,A41,0,A140,280.39,USD,280.39,USD,ACH,0
2026-01-17 10:28:00,4,A89,4,A184,1219.21,USD,1219.21,USD,ACH,0
2026-01-17 10:28:00,3,A158,4,A154,614.52,USD,614.52,USD,ACH,0
2026-01-17 10:30:00,2,A207,3,A98,932.02,USD,932.02,USD,ACH,0
2026-01-17 10:30:00,4,A239,0,A260,613.75,USD,613.75,USD,ACH,0
2026-01-17 10:30:00,4,A259,4,A289,818.36,USD,818.36,USD,ACH,0
2026-01-17 10:33:00,3,A108,4,A194,2344.58,USD,2344.58,USD,ACH,0
2026-01-17 10:33:00,0,A240,4,A289,920.23,USD,920.23,USD,ACH,0
2026-01-17 10:33:00,1,A296,2,A237,107.41,USD,107.41,USD,ACH,0
2026-01-17 10:35:00,1,A211,2,A232,328.52,USD,328.52,USD,ACH,0
2026-01-17 10:36:00,4,A69,4,A229,664.95,USD,664.95,USD,ACH,0
2026-01-17 10:36:00,3,A238,2,A2,455.81,USD,455.81,USD,ACH,0
2026-01-17 10:37:00,2,A72,2,A297,283.45,USD,283.45,USD,ACH,0
2026-01-17 10:37:00,4,A249,0,A260,394.97,USD,394.97,USD,ACH,0
2026-01-17 10:38:00,0,A95,2,A222,310.11,USD,310.11,USD,ACH,0
2026-01-17 10:38:00,0,A155,1,A76,421.56,USD,421.56,USD,ACH,0
2026-01-17 10:40:00,2,A82,4,A279,340.27,USD,340.27,USD,ACH,0
2026-01-17 10:42:00,2,A277,1,A286,297.38,USD,297.38,USD,ACH,0
2026-01-17 10:43:00,4,A289,3,A268,1441.1,USD,1441.1,USD,ACH,0
2026-01-17 10:44:00,3,A173,0,A135,256.89,USD,256.89,USD,ACH,0
2026-01-17 10:47:00,0,A220,1,A276,293.23,USD,293.23,USD,ACH,0
2026-01-17 10:49:00,3,A83,3,A23,503.56,USD,503.56,USD,ACH,0
2026-01-17 10:49:00,3,A213,4,A274,241.5,USD,241.5,USD,ACH,0
2026-01-17 10:51:00,4,A19,2,A12,337.82,USD,337.82,USD,ACH,0
2026-01-17 10:52:00,0,A100,2,A12,270.59,USD,270.59,USD,ACH,0
2026-01-17 10:52:00,2,A282,0,A5,343.98,USD,343.98,USD,ACH,0
2026-01-17 10:54:00,3,A28,2,A147,511.04,USD,511.04,USD,ACH,0
2026-01-17 10:56:00,4,A14,0,A75,211.82,USD,211.82,USD,ACH,0
2026-01-17 10:57:00,0,A5,3,A48,341.95,USD,341.95,USD,ACH,0
2026-01-17 10:57:00,3,A128,0,A110,190.79,USD,190.79,USD,ACH,0
2026-01-17 10:58:00,2,A167,1,A1,345.76,USD,345.76,USD,ACH,0
2026-01-17 10:58:00,1,A206,2,A117,1441.88,USD,1441.88,USD,ACH,0
2026-01-17 10:59:00,4,A164,1,A216,473.15,USD,473.15,USD,ACH,0
2026-01-17 10:59:00,0,A230,1,A36,515.22,USD,515.22,USD,ACH,0
2026-01-17 10:59:00,0,A250,2,A2,511.3,USD,511.3,USD,ACH,0
2026-01-17 11:00:00,0,A290,0,A245,79.06,USD,79.06,USD,ACH,0
2026-01-17 11:01:00,3,A268,1,A121,254.7,USD,254.7,USD,ACH,0
2026-01-17 11:04:00,4,A269,2,A152,1748.45,USD,1748.45,USD,ACH,0
2026-01-17 11:05:00,0,A260,1,A236,114.94,USD,114.94,USD,ACH,0
2026-01-17 11:06:00,4,A79,4,A134,331.54,USD,331.54,USD,ACH,0
2026-01-17 11:06:00,3,A163,3,A28,326.96,USD,326.96,USD,ACH,0
2026-01-17 11:07:00,3,A183,4,A4,259.08,USD,259.08,USD,ACH,0
2026-01-17 11:08:00,0,A75,3,A18,284.23,USD,284.23,USD,ACH,0
2026-01-17 11:08:00,1,A251,4,A64,449.13,USD,449.13,USD,ACH,0
2026-01-17 11:09:00,2,A192,3,A93,206.22,USD,206.22,USD,ACH,0
2026-01-17 11:10:00,3,A88,4,A49,296.1,USD,296.1,USD,ACH,0
2026-01-17 11:11:00,0,A75,3,A143,401.59,USD,401.59,USD,ACH,0
2026-01-17 11:11:00,3,A198,3,A123,811.29,USD,811.29,USD,ACH,0
2026-01-17 11:13:00,1,A156,2,A257,653.64,USD,653.64,USD,ACH,0
2026-01-17 11:13:00,2,A257,3,A153,715.35,USD,715.35,USD,ACH,0
2026-01-17 11:14:00,4,A39,2,A107,305.44,USD,305.44,USD,ACH,0
2026-01-17 11:14:00,1,A91,1,A116,432.47,USD,432.47,USD,ACH,0
2026-01-17 11:14:00,4,A154,4,A274,1297.49,USD,1297.49,USD,ACH,0
2026-01-17 11:15:00,3,A133,3,A143,512.91,USD,512.91,USD,ACH,0
2026-01-17 11:16:00,0,A80,1,A36,406.59,USD,406.59,USD,ACH,0
2026-01-17 11:16:00,1,A231,4,A29,316.05,USD,316.05,USD,ACH,0
2026-01-17 11:17:00,0,A160,0,A120,85.51,USD,85.51,USD,ACH,0
2026-01-17 11:17:00,0,A235,1,A186,118.36,USD,118.36,USD,ACH,0
2026-01-17 11:17:00,2,A242,1,A296,818.69,USD,818.69,USD,ACH,0
2026-01-17 11:18:00,1,A286,3,A13,602.64,USD,602.64,USD,ACH,0
2026-01-17 11:19:00,3,A28,3,A288,588.28,USD,588.28,USD,ACH,0
2026-01-17 11:19:00,2,A162,3,A88,1284.22,USD,1284.22,USD,ACH,0
2026-01-17 11:19:00,2,A177,3,A48,671.28,USD,671.28,USD,ACH,0
2026-01-17 11:19:00,4,A194,1,A161,371.19,USD,371.19,USD,ACH,0
2026-01-17 11:20:00,3,A113,3,A123,249.99,USD,249.99,USD,ACH,0
2026-01-17 11:24:00,0,A65,2,A262,232.63,USD,232.63,USD,ACH,0
2026-01-17 11:25:00,2,A92,1,A71,213.02,USD,213.02,USD,ACH,0
2026-01-17 11:26:00,1,A21,4,A229,1927.18,USD,1927.18,USD,ACH,0
2026-01-17 11:28:00,3,A3,3,A88,142.8,USD,142.8,USD,ACH,0
2026-01-17 11:31:00,2,A32,0,A115,156.07,USD,156.07,USD,ACH,0
2026-01-17 11:35:00,3,A53,1,A211,115.3,USD,115.3,USD,ACH,0
2026-01-17 11:35:00,3,A178,4,A254,169.52,USD,169.52,USD,ACH,0
2026-01-17 11:35:00,0,A295,3,A228,785.16,USD,785.16,USD,ACH,0
2026-01-17 11:36:00,3,A228,1,A256,939.24,USD,939.24,USD,ACH,0
2026-01-17 11:38:00,0,A175,4,A179,251.34,USD,251.34,USD,ACH,0
2026-01-17 11:39:00,2,A122,0,A295,190.24,USD,190.24,USD,ACH,0
2026-01-17 11:39:00,3,A188,2,A262,1096.37,USD,1096.37,USD,ACH,0
2026-01-17 11:40:00,1,A201,3,A8,893.66,USD,893.66,USD,ACH,0
2026-01-17 11:41:00,2,A237,4,A259,1356.87,USD,1356.87,USD,ACH,0
2026-01-17 11:44:00,3,A13,1,A11,270.84,USD,270.84,USD,ACH,0
2026-01-17 11:44:00,3,A133,2,A67,280.48,USD,280.48,USD,ACH,0
2026-01-17 11:47:00,4,A129,1,A121,594.13,USD,594.13,USD,ACH,0
2026-01-17 11:47:00,1,A141,1,A291,438.25,USD,438.25,USD,ACH,0
2026-01-17 11:48:00,3,A83,4,A254,450.59,USD,450.59,USD,ACH,1
2026-01-17 11:50:00,2,A12,2,A192,303.98,USD,303.98,USD,ACH,0
2026-01-17 11:50:00,3,A123,0,A135,666.21,USD,666.21,USD,ACH,0
2026-01-17 11:52:00,0,A185,4,A219,754.89,USD,754.89,USD,ACH,0
2026-01-17 11:54:00,0,A55,1,A126,833.08,USD,833.08,USD,ACH,0
2026-01-17 11:54:00,3,A118,0,A175,1687.61,USD,1687.61,USD,ACH,0
2026-01-17 11:55:00,2,A127,3,A218,234.79,USD,234.79,USD,ACH,0
2026-01-17 11:55:00,1,A181,3,A208,116.42,USD,116.42,USD,ACH,0
2026-01-17 11:56:00,2,A42,4,A254,35.04,USD,35.04,USD,ACH,0
2026-01-17 12:00:00,1,A46,4,A39,3219.85,USD,3219.85,USD,Wire,0
2026-01-17 12:00:00,2,A282,0,A275,2364.62,USD,2364.62,USD,Wire,0
2026-01-17 12:00:00,1,A286,4,A279,3166.34,USD,3166.34,USD,Wire,0
2026-01-17 12:02:00,1,A11,4,A4,1888.39,USD,1888.39,USD,Wire,0
2026-01-17 12:02:00,3,A58,2,A182,1842.45,USD,1842.45,USD,ACH,0
2026-01-17 12:02:00,4,A259,2,A252,1594.44,USD,1594.44,USD,Wire,0
2026-01-17 12:03:00,2,A267,1,A121,353.63,USD,353.63,USD,ACH,0
2026-01-17 12:04:00,4,A119,2,A112,1768.66,USD,1768.66,USD,Wire,0
2026-01-17 12:04:00,1,A116,2,A82,214.6,USD,214.6,USD,ACH,0
2026-01-17 12:05:00,0,A20,3,A13,1768.16,USD,1768.16,USD,Wire,0
2026-01-17 12:05:00,3,A218,1,A211,1652.9,USD,1652.9,USD,Wire,0
2026-01-17 12:05:00,2,A262,0,A255,2300.04,USD,2300.04,USD,Wire,0
2026-01-17 12:06:00,4,A219,2,A212,1672.25,USD,1672.25,USD,Wire,0
2026-01-17 12:07:00,3,A113,1,A106,2560.04,USD,2560.04,USD,Wire,0
2026-01-17 12:07:00,4,A134,2,A127,2646.04,USD,2646.04,USD,Wire,0
2026-01-17 12:07:00,3,A158,1,A151,1612.69,USD,1612.69,USD,Wire,0
2026-01-17 12:07:00,1,A226,4,A219,2971.83,USD,2971.83,USD,Wire,0
2026-01-17 12:07:00,0,A230,3,A223,2005.86,USD,2005.86,USD,Wire,0
2026-01-17 12:07:00,0,A235,4,A104,94.96,USD,94.96,USD,ACH,0
2026-01-17 12:08:00,2,A22,0,A15,2390.81,USD,2390.81,USD,Wire,0
2026-01-17 12:08:00,4,A124,2,A117,2756.02,USD,2756.02,USD,Wire,0
2026-01-17 12:10:00,0,A190,3,A183,1973.14,USD,1973.14,USD,Wire,0
2026-01-17 12:10:00,3,A243,3,A248,844.71,USD,844.71,USD,ACH,0
2026-01-17 12:10:00,3,A273,1,A266,2480.19,USD,2480.19,USD,Wire,0
2026-01-17 12:11:00,2,A87,0,A265,984.8,USD,984.8,USD,ACH,0
2026-01-17 12:12:00,4,A19,2,A12,1669.78,USD,1669.78,USD,Wire,0
2026-01-17 12:12:00,1,A111,4,A104,2144.2,USD,2144.2,USD,Wire,0
2026-01-17 12:12:00,0,A255,1,A61,341.9,USD,341.9,USD,ACH,0
2026-01-17 12:12:00,1,A271,4,A264,2094.24,USD,2094.24,USD,Wire,0
2026-01-17 12:13:00,3,A83,1,A76,2556.41,USD,2556.41,USD,Wire,0
2026-01-17 12:14:00,1,A296,4,A289,3099.28,USD,3099.28,USD,Wire,0
2026-01-17 12:15:00,1,A16,4,A9,3007.94,USD,3007.94,USD,Wire,0
2026-01-17 12:16:00,3,A18,1,A201,2019.36,USD,2019.36,USD,ACH,0
2026-01-17 12:16:00,0,A65,3,A58,3061.54,USD,3061.54,USD,Wire,0
2026-01-17 12:16:00,3,A93,1,A86,2328.1,USD,2328.1,USD,Wire,0
2026-01-17 12:16:00,4,A139,2,A297,344.92,USD,344.92,USD,ACH,0
2026-01-17 12:17:00,0,A45,3,A38,2979.52,USD,2979.52,USD,Wire,0
2026-01-17 12:18:00,1,A6,1,A266,165.58,USD,165.58,USD,ACH,0
2026-01-17 12:18:00,3,A48,3,A213,1076.38,USD,1076.38,USD,ACH,0
2026-01-17 12:18:00,1,A151,4,A119,148.42,USD,148.42,USD,ACH,0
2026-01-17 12:19:00,0,A60,3,A283,242.15,USD,242.15,USD,ACH,0
2026-01-17 12:19:00,0,A125,3,A118,2853.45,USD,2853.45,USD,Wire,0
2026-01-17 12:19:00,4,A129,2,A122,1685.33,USD,1685.33,USD,Wire,0
2026-01-17 12:19:00,4,A204,3,A13,647.64,USD,647.64,USD,ACH,0
2026-01-17 12:19:00,3,A233,1,A226,2250.25,USD,2250.25,USD,Wire,0
2026-01-17 12:20:00,4,A39,2,A52,3178.0,USD,3178.0,USD,Wire,0
2026-01-17 12:20:00,0,A275,3,A288,2234.82,USD,2234.82,USD,Wire,0
2026-01-17 12:20:00,4,A279,2,A292,3032.84,USD,3032.84,USD,Wire,0
2026-01-17 12:21:00,4,A199,2,A212,393.63,USD,393.63,USD,ACH,0
2026-01-17 12:22:00,4,A4,2,A17,1866.58,USD,1866.58,USD,Wire,0
2026-01-17 12:22:00,2,A252,0,A265,1511.63,USD,1511.63,USD,Wire,0
2026-01-17 12:23:00,4,A44,3,A193,612.78,USD,612.78,USD,ACH,0
2026-01-17 12:24:00,2,A112,0,A125,1648.94,USD,1648.94,USD,Wire,0
2026-01-17 12:25:00,3,A13,1,A26,1630.89,USD,1630.89,USD,Wire,0
2026-01-17 12:25:00,3,A38,4,A189,395.77,USD,395.77,USD,ACH,0
2026-01-17 12:25:00,1,A191,2,A242,146.39,USD,146.39,USD,ACH,0
2026-01-17 12:25:00,1,A211,4,A224,1514.32,USD,1514.32,USD,Wire,0
2026-01-17 12:25:00,0,A255,3,A268,2122.05,USD,2122.05,USD,Wire,0
2026-01-17 12:26:00,2,A212,0,A225,1584.78,USD,1584.78,USD,Wire,0
2026-01-17 12:27:00,1,A106,4,A119,2432.16,USD,2432.16,USD,Wire,0
2026-01-17 12:27:00,2,A127,0,A140,2559.94,USD,2559.94,USD,Wire,0
2026-01-17 12:27:00,1,A151,4,A164,1497.53,USD,1497.53,USD,Wire,0
2026-01-17 12:27:00,4,A219,2,A232,2722.97,USD,2722.97,USD,Wire,0
2026-01-17 12:27:00,3,A223,1,A236,1897.38,USD,1897.38,USD,Wire,0
2026-01-17 12:27:00,1,A226,3,A143,505.67,USD,505.67,USD,ACH,0
2026-01-17 12:28:00,0,A15,3,A28,2252.73,USD,2252.73,USD,Wire,0
2026-01-17 12:28:00,2,A117,0,A130,2676.56,USD,2676.56,USD,Wire,0
2026-01-17 12:30:00,3,A183,1,A196,1915.6,USD,1915.6,USD,Wire,0
2026-01-17 12:30:00,0,A195,1,A96,1007.02,USD,1007.02,USD,ACH,0
2026-01-17 12:30:00,1,A266,4,A279,2242.67,USD,2242.67,USD,Wire,0
2026-01-17 12:32:00,2,A12,0,A25,1616.08,USD,1616.08,USD,Wire,0
2026-01-17 12:32:00,4,A104,2,A117,2029.1,USD,2029.1,USD,Wire,0
2026-01-17 12:32:00,4,A264,2,A277,2056.56,USD,2056.56,USD,Wire,0
2026-01-17 12:33:00,1,A76,4,A89,2520.53,USD,2520.53,USD,Wire,0
2026-01-17 12:34:00,4,A289,2,A2,2993.17,USD,2993.17,USD,Wire,0
2026-01-17 12:35:00,4,A9,2,A22,2948.22,USD,2948.22,USD,Wire,0
2026-01-17 12:36:00,3,A58,1,A71,2997.07,USD,2997.07,USD,Wire,0
2026-01-17 12:36:00,1,A86,4,A99,2164.79,USD,2164.79,USD,Wire,0
2026-01-17 12:36:00,2,A102,3,A188,195.95,USD,195.95,USD,ACH,0
2026-01-17 12:37:00,3,A38,1,A51,2927.97,USD,2927.97,USD,Wire,0
2026-01-17 12:37:00,3,A153,1,A266,472.12,USD,472.12,USD,ACH,0
2026-01-17 12:37:00,1,A286,3,A143,225.33,USD,225.33,USD,ACH,0
2026-01-17 12:39:00,3,A118,1,A131,2695.87,USD,2695.87,USD,Wire,0
2026-01-17 12:39:00,2,A122,0,A135,1548.43,USD,1548.43,USD,Wire,0
2026-01-17 12:39:00,1,A226,4,A239,2155.74,USD,2155.74,USD,Wire,0
2026-01-17 12:41:00,3,A103,0,A155,1545.4,USD,1545.4,USD,ACH,0
2026-01-17 12:45:00,2,A107,1,A106,1585.08,USD,1585.08,USD,ACH,0
2026-01-17 12:49:00,0,A105,1,A241,904.11,USD,904.11,USD,ACH,0
2026-01-17 12:49:00,1,A271,1,A66,120.13,USD,120.13,USD,ACH,0
2026-01-17 12:52:00,2,A172,0,A175,161.86,USD,161.86,USD,ACH,0
2026-01-17 12:52:00,3,A293,1,A281,243.4,USD,243.4,USD,ACH,0
2026-01-17 12:53:00,1,A106,1,A236,159.95,USD,159.95,USD,ACH,0
2026-01-17 12:57:00,0,A85,1,A231,149.86,USD,149.86,USD,ACH,0
2026-01-17 12:59:00,4,A79,3,A243,315.37,USD,315.37,USD,ACH,0
2026-01-17 13:00:00,2,A252,1,A216,162.94,USD,162.94,USD,ACH,0
2026-01-17 13:01:00,0,A265,0,A95,338.75,USD,338.75,USD,ACH,0
2026-01-17 13:02:00,1,A166,3,A283,547.24,USD,547.24,USD,ACH,0
2026-01-17 13:04:00,1,A26,4,A234,155.63,USD,155.63,USD,ACH,0
2026-01-17 13:04:00,4,A159,2,A62,716.93,USD,716.93,USD,ACH,0
2026-01-17 13:11:00,4,A59,3,A143,1273.23,USD,1273.23,USD,ACH,0
2026-01-17 13:12:00,3,A258,3,A218,165.33,USD,165.33,USD,ACH,0
2026-01-17 13:16:00,1,A1,1,A151,363.31,USD,363.31,USD,ACH,0
2026-01-17 13:16:00,1,A31,2,A17,138.8,USD,138.8,USD,ACH,0
2026-01-17 13:16:00,1,A221,3,A128,206.04,USD,206.04,USD,ACH,0
2026-01-17 13:19:00,2,A67,3,A288,1945.7,USD,1945.7,USD,ACH,0
2026-01-17 13:20:00,4,A244,1,A201,201.45,USD,201.45,USD,ACH,0
2026-01-17 13:23:00,0,A70,3,A248,290.58,USD,290.58,USD,ACH,0
2026-01-17 13:25:00,4,A274,4,A209,282.46,USD,282.46,USD,ACH,0
2026-01-17 13:27:00,1,A126,0,A20,290.83,USD,290.83,USD,ACH,0
2026-01-17 13:28:00,1,A141,0,A175,925.66,USD,925.66,USD,ACH,0
2026-01-17 13:33:00,0,A90,0,A95,625.16,USD,625.16,USD,ACH,0
2026-01-17 13:35:00,0,A280,2,A287,254.3,USD,254.3,USD,ACH,0
2026-01-17 13:35:00,2,A292,3,A193,411.81,USD,411.81,USD,ACH,0
2026-01-17 13:37:00,3,A298,0,A195,1090.66,USD,1090.66,USD,ACH,0
2026-01-17 13:40:00,0,A65,2,A17,321.02,USD,321.02,USD,ACH,0
2026-01-17 13:41:00,3,A278,4,A94,1261.79,USD,1261.79,USD,ACH,0
2026-01-17 13:42:00,0,A155,1,A216,413.63,USD,413.63,USD,ACH,0
2026-01-17 13:43:00,2,A67,2,A102,712.28,USD,712.28,USD,ACH,0
2026-01-17 13:43:00,3,A223,0,A170,240.16,USD,240.16,USD,ACH,0
2026-01-17 13:44:00,1,A101,2,A157,282.96,USD,282.96,USD,ACH,0
2026-01-17 13:44:00,4,A244,4,A149,642.27,USD,642.27,USD,ACH,0
2026-01-17 13:46:00,3,A123,1,A181,268.61,USD,268.61,USD,ACH,0
2026-01-17 13:48:00,4,A74,1,A201,180.81,USD,180.81,USD,ACH,0
2026-01-17 13:48:00,2,A107,3,A118,257.58,USD,257.58,USD,ACH,0
2026-01-17 13:53:00,2,A92,0,A200,70.99,USD,70.99,USD,ACH,0
2026-01-17 13:53:00,4,A149,2,A162,274.65,USD,274.65,USD,ACH,0
2026-01-17 13:53:00,4,A279,2,A262,731.08,USD,731.08,USD,ACH,0
2026-01-17 13:54:00,3,A33,3,A113,225.61,USD,225.61,USD,ACH,0
2026-01-17 13:54:00,4,A204,4,A229,1198.09,USD,1198.09,USD,ACH,0
2026-01-17 13:54:00,4,A279,4,A4,279.75,USD,279.75,USD,ACH,0
2026-01-17 13:55:00,2,A157,0,A140,1827.71,USD,1827.71,USD,ACH,0
2026-01-17 13:55:00,2,A202,2,A7,230.85,USD,230.85,USD,ACH,0
2026-01-17 13:58:00,2,A147,4,A224,563.98,USD,563.98,USD,ACH,0
2026-01-17 13:58:00,4,A209,0,A145,238.91,USD,238.91,USD,ACH,1
2026-01-17 13:59:00,1,A236,4,A289,142.11,USD,142.11,USD,ACH,0
2026-01-17 14:02:00,1,A31,4,A174,184.24,USD,184.24,USD,ACH,0
2026-01-17 14:02:00,0,A110,1,A241,386.15,USD,386.15,USD,ACH,0
2026-01-17 14:02:00,2,A247,3,A248,246.0,USD,246.0,USD,ACH,0
2026-01-17 14:05:00,2,A212,1,A111,785.92,USD,785.92,USD,ACH,0
2026-01-17 14:06:00,1,A186,2,A32,271.7,USD,271.7,USD,ACH,0
2026-01-17 14:06:00,4,A299,2,A297,811.03,USD,811.03,USD,ACH,0
2026-01-17 14:07:00,0,A210,0,A185,448.55,USD,448.55,USD,ACH,0
2026-01-17 14:09:00,3,A203,1,A256,391.15,USD,391.15,USD,ACH,0
2026-01-17 14:10:00,2,A37,2,A97,258.71,USD,258.71,USD,ACH,0
2026-01-17 14:10:00,1,A196,4,A69,1802.78,USD,1802.78,USD,ACH,0
2026-01-17 14:12:00,1,A126,4,A234,656.93,USD,656.93,USD,ACH,0
2026-01-17 14:13:00,1,A66,1,A6,994.88,USD,994.88,USD,ACH,0
2026-01-17 14:13:00,2,A77,1,A221,698.2,USD,698.2,USD,ACH,0
2026-01-17 14:13:00,0,A180,2,A147,573.0,USD,573.0,USD,ACH,0
2026-01-17 14:18:00,0,A190,4,A9,412.17,USD,412.17,USD,ACH,0
2026-01-17 14:18:00,1,A256,3,A133,327.01,USD,327.01,USD,ACH,0
2026-01-17 14:19:00,3,A168,0,A250,190.28,USD,190.28,USD,ACH,0
2026-01-17 14:20:00,1,A221,4,A149,208.13,USD,208.13,USD,ACH,0
2026-01-17 14:23:00,4,A29,4,A194,278.95,USD,278.95,USD,ACH,0
2026-01-17 14:23:00,2,A277,3,A293,1322.21,USD,1322.21,USD,ACH,0
2026-01-17 14:24:00,2,A62,4,A109,241.1,USD,241.1,USD,ACH,0
2026-01-17 14:24:00,0,A270,0,A215,594.41,USD,594.41,USD,ACH,0
2026-01-17 14:26:00,0,A35,0,A250,885.14,USD,885.14,USD,ACH,0
2026-01-17 14:27:00,3,A8,2,A212,553.42,USD,553.42,USD,ACH,0
2026-01-17 14:27:00,2,A287,2,A162,244.7,USD,244.7,USD,ACH,0
2026-01-17 14:30:00,4,A99,2,A192,1848.35,USD,1848.35,USD,ACH,0
2026-01-17 14:33:00,0,A40,0,A250,405.61,USD,405.61,USD,ACH,0
2026-01-17 14:34:00,4,A124,1,A221,92.89,USD,92.89,USD,ACH,1
2026-01-17 14:36:00,4,A119,1,A256,789.79,USD,789.79,USD,ACH,0
2026-01-17 14:36:00,0,A245,3,A268,198.17,USD,198.17,USD,ACH,0
2026-01-17 14:39:00,0,A115,4,A64,615.84,USD,615.84,USD,ACH,0
2026-01-17 14:42:00,1,A201,1,A196,247.71,USD,247.71,USD,ACH,0
2026-01-17 14:44:00,3,A278,3,A148,315.72,USD,315.72,USD,ACH,0
2026-01-17 14:45:00,2,A47,2,A217,550.27,USD,550.27,USD,ACH,0
2026-01-17 14:46:00,3,A93,3,A53,408.28,USD,408.28,USD,ACH,1
2026-01-17 14:46:00,0,A120,1,A1,92.92,USD,92.92,USD,ACH,0
2026-01-17 14:47:00,2,A197,3,A278,478.42,USD,478.42,USD,ACH,0
2026-01-17 14:49:00,2,A272,4,A224,632.29,USD,632.29,USD,ACH,0
2026-01-17 14:50:00,0,A35,2,A297,155.32,USD,155.32,USD,ACH,0
2026-01-17 14:50:00,0,A125,1,A271,235.1,USD,235.1,USD,ACH,0
2026-01-17 14:52:00,1,A61,3,A128,225.68,USD,225.68,USD,ACH,0
2026-01-17 14:53:00,3,A143,4,A224,365.36,USD,365.36,USD,ACH,0
2026-01-17 14:53:00,4,A144,4,A84,573.37,USD,573.37,USD,ACH,0
2026-01-17 14:53:00,1,A291,3,A148,134.19,USD,134.19,USD,ACH,0
2026-01-17 14:54:00,3,A153,3,A113,177.73,USD,177.73,USD,ACH,0
2026-01-17 14:54:00,2,A262,0,A255,372.07,USD,372.07,USD,ACH,0
2026-01-17 14:57:00,0,A275,0,A250,186.27,USD,186.27,USD,ACH,0
2026-01-17 15:00:00,2,A22,0,A40,764.45,USD,764.45,USD,ACH,0
2026-01-17 15:00:00,3,A98,1,A36,1413.03,USD,1413.03,USD,ACH,0
2026-01-17 15:01:00,2,A27,2,A272,380.46,USD,380.46,USD,ACH,0
2026-01-17 15:01:00,4,A109,1,A221,648.9,USD,648.9,USD,ACH,0
2026-01-17 15:03:00,1,A186,3,A13,186.45,USD,186.45,USD,ACH,0
2026-01-17 15:03:00,4,A249,3,A188,393.29,USD,393.29,USD,ACH,0
2026-01-17 15:08:00,2,A77,4,A119,705.28,USD,705.28,USD,ACH,0
2026-01-17 15:09:00,1,A216,0,A70,263.23,USD,263.23,USD,ACH,0
2026-01-17 15:10:00,1,A1,1,A146,123.58,USD,123.58,USD,ACH,0
2026-01-17 15:12:00,0,A105,0,A75,178.31,USD,178.31,USD,ACH,0
2026-01-17 15:13:00,2,A17,2,A37,470.49,USD,470.49,USD,ACH,0
2026-01-17 15:14:00,4,A179,4,A194,483.14,USD,483.14,USD,ACH,0
2026-01-17 15:14:00,2,A232,4,A94,167.04,USD,167.04,USD,ACH,0
2026-01-17 15:14:00,4,A289,0,A135,265.18,USD,265.18,USD,ACH,0
2026-01-17 15:17:00,4,A234,3,A293,163.0,USD,163.0,USD,ACH,0
2026-01-17 15:18:00,3,A108,1,A171,393.91,USD,393.91,USD,ACH,1
2026-01-17 15:19:00,3,A138,1,A211,1578.8,USD,1578.8,USD,ACH,0
2026-01-17 15:20:00,1,A16,2,A22,990.2,USD,990.2,USD,ACH,0
2026-01-17 15:20:00,0,A70,1,A81,94.92,USD,94.92,USD,ACH,0
2026-01-17 15:22:00,4,A99,3,A108,1052.78,USD,1052.78,USD,ACH,1
2026-01-17 15:22:00,3,A198,3,A133,963.94,USD,963.94,USD,ACH,0
2026-01-17 15:25:00,2,A102,1,A256,954.42,USD,954.42,USD,ACH,0
2026-01-17 15:28:00,4,A64,3,A298,431.66,USD,431.66,USD,ACH,0
2026-01-17 15:28:00,4,A214,2,A102,821.92,USD,821.92,USD,ACH,0
2026-01-17 15:31:00,3,A248,3,A203,247.86,USD,247.86,USD,ACH,0
2026-01-17 15:35:00,0,A150,4,A119,268.4,USD,268.4,USD,ACH,0
2026-01-17 15:35:00,4,A284,3,A33,785.47,USD,785.47,USD,ACH,0
2026-01-17 15:36:00,3,A233,1,A231,686.74,USD,686.74,USD,ACH,0
2026-01-17 15:39:00,0,A205,1,A56,595.77,USD,595.77,USD,ACH,0
2026-01-17 15:42:00,2,A187,0,A125,171.02,USD,171.02,USD,ACH,0
2026-01-17 15:43:00,4,A24,3,A153,438.15,USD,438.15,USD,ACH,0
2026-01-17 15:44:00,1,A36,0,A110,433.48,USD,433.48,USD,ACH,1
2026-01-17 15:44:00,0,A145,4,A119,144.06,USD,144.06,USD,ACH,0
2026-01-17 15:45:00,2,A217,4,A129,572.99,USD,572.99,USD,ACH,0
2026-01-17 15:45:00,2,A242,3,A143,329.34,USD,329.34,USD,ACH,0
2026-01-17 15:46:00,4,A154,1,A16,234.42,USD,234.42,USD,ACH,0
2026-01-17 15:49:00,1,A276,0,A130,435.98,USD,435.98,USD,ACH,0
2026-01-17 15:50:00,1,A121,3,A33,225.14,USD,225.14,USD,ACH,0
2026-01-17 15:52:00,2,A207,3,A158,391.24,USD,391.24,USD,ACH,0
2026-01-17 15:54:00,2,A197,4,A109,170.64,USD,170.64,USD,ACH,0
2026-01-17 15:55:00,2,A297,0,A80,1078.45,USD,1078.45,USD,ACH,0
2026-01-17 15:56:00,3,A38,3,A63,697.38,USD,697.38,USD,ACH,0
2026-01-17 15:56:00,2,A52,4,A119,207.74,USD,207.74,USD,ACH,0
2026-01-17 15:57:00,2,A152,2,A42,100.44,USD,100.44,USD,ACH,0
2026-01-17 15:59:00,2,A2,2,A227,599.56,USD,599.56,USD,ACH,0
2026-01-17 16:00:00,3,A18,4,A159,378.29,USD,378.29,USD,ACH,0
2026-01-17 16:01:00,2,A157,2,A162,353.81,USD,353.81,USD,ACH,0
2026-01-17 16:03:00,0,A30,2,A72,380.93,USD,380.93,USD,ACH,0
2026-01-17 16:03:00,1,A56,4,A184,215.34,USD,215.34,USD,ACH,0
2026-01-17 16:04:00,2,A112,4,A139,105.04,USD,105.04,USD,ACH,0
2026-01-17 16:04:00,3,A273,0,A120,456.7,USD,456.7,USD,ACH,0
2026-01-17 16:07:00,0,A10,3,A143,123.78,USD,123.78,USD,ACH,0
2026-01-17 16:07:00,0,A225,0,A220,433.4,USD,433.4,USD,ACH,0
2026-01-17 16:10:00,3,A148,0,A60,1005.99,USD,1005.99,USD,ACH,1
2026-01-17 16:12:00,2,A32,1,A296,423.96,USD,423.96,USD,ACH,0
2026-01-17 16:12:00,2,A52,4,A209,638.21,USD,638.21,USD,ACH,0
2026-01-17 16:12:00,1,A86,0,A90,318.88,USD,318.88,USD,ACH,0
2026-01-17 16:13:00,1,A96,1,A176,109.91,USD,109.91,USD,ACH,0
2026-01-17 16:17:00,4,A19,1,A186,650.72,USD,650.72,USD,ACH,0
2026-01-17 16:18:00,1,A11,3,A63,115.89,USD,115.89,USD,ACH,0
2026-01-17 16:18:00,2,A47,3,A78,538.96,USD,538.96,USD,ACH,0
2026-01-17 16:24:00,2,A2,3,A203,229.24,USD,229.24,USD,ACH,0
2026-01-17 16:25:00,4,A59,4,A209,438.2,USD,438.2,USD,ACH,0
2026-01-17 16:27:00,0,A125,3,A163,67.59,USD,67.59,USD,ACH,1
2026-01-17 16:27:00,2,A212,2,A97,572.61,USD,572.61,USD,ACH,0
2026-01-17 16:27:00,1,A256,3,A38,480.81,USD,480.81,USD,ACH,0
2026-01-17 16:28:00,1,A26,1,A286,308.32,USD,308.32,USD,ACH,0
2026-01-17 16:30:00,3,A258,4,A259,258.01,USD,258.01,USD,ACH,1
2026-01-17 16:31:00,4,A119,4,A274,234.31,USD,234.31,USD,ACH,0
2026-01-17 16:31:00,3,A288,3,A213,1118.98,USD,1118.98,USD,ACH,0
2026-01-17 16:32:00,3,A148,1,A226,681.37,USD,681.37,USD,ACH,1
2026-01-17 16:36:00,0,A110,0,A155,43.83,USD,43.83,USD,ACH,0
2026-01-17 16:36:00,3,A248,3,A238,647.83,USD,647.83,USD,ACH,1
2026-01-17 16:37:00,3,A103,3,A208,91.53,USD,91.53,USD,ACH,0
2026-01-17 16:38:00,2,A137,2,A157,1526.77,USD,1526.77,USD,ACH,0
2026-01-17 16:43:00,3,A23,1,A41,588.55,USD,588.55,USD,ACH,0
2026-01-17 16:45:00,4,A184,4,A149,220.83,USD,220.83,USD,ACH,0
2026-01-17 16:46:00,3,A238,3,A13,353.9,USD,353.9,USD,ACH,0
2026-01-17 16:46:00,1,A261,2,A222,171.83,USD,171.83,USD,ACH,0
2026-01-17 16:48:00,2,A27,4,A259,360.76,USD,360.76,USD,ACH,0
2026-01-17 16:49:00,0,A50,2,A222,104.09,USD,104.09,USD,ACH,0
2026-01-17 16:50:00,3,A298,4,A54,1915.29,USD,1915.29,USD,ACH,0
2026-01-17 16:51:00,3,A33,3,A118,630.18,USD,630.18,USD,ACH,0
2026-01-17 16:53:00,2,A132,0,A255,141.81,USD,141.81,USD,ACH,0
2026-01-17 16:57:00,1,A226,4,A124,477.65,USD,477.65,USD,ACH,0
2026-01-17 16:59:00,0,A25,0,A270,409.53,USD,409.53,USD,ACH,0
2026-01-17 16:59:00,3,A68,0,A20,345.25,USD,345.25,USD,ACH,0
2026-01-17 16:59:00,4,A239,1,A91,532.89,USD,532.89,USD,ACH,0
2026-01-17 17:00:00,4,A209,0,A150,1859.45,USD,1859.45,USD,ACH,0
2026-01-17 17:02:00,4,A184,1,A21,419.84,USD,419.84,USD,ACH,0
2026-01-17 17:03:00,4,A104,1,A186,376.08,USD,376.08,USD,ACH,0
2026-01-17 17:05:00,2,A97,0,A115,256.47,USD,256.47,USD,ACH,0
2026-01-17 17:06:00,0,A200,4,A134,321.47,USD,321.47,USD,ACH,0
2026-01-17 17:06:00,1,A266,1,A186,616.09,USD,616.09,USD,ACH,0
2026-01-17 17:09:00,0,A190,3,A188,220.38,USD,220.38,USD,ACH,1
2026-01-17 17:11:00,3,A183,4,A49,172.73,USD,172.73,USD,ACH,0
2026-01-17 17:12:00,0,A0,1,A46,90.79,USD,90.79,USD,ACH,0
2026-01-17 17:12:00,3,A193,3,A43,258.38,USD,258.38,USD,ACH,0
2026-01-17 17:13:00,2,A137,0,A105,603.73,USD,603.73,USD,ACH,0
2026-01-17 17:13:00,4,A194,1,A196,1004.86,USD,1004.86,USD,ACH,0
2026-01-17 17:14:00,0,A20,0,A90,91.87,USD,91.87,USD,ACH,0
2026-01-17 17:14:00,0,A205,4,A289,816.37,USD,816.37,USD,ACH,0
2026-01-17 17:16:00,2,A182,2,A42,272.95,USD,272.95,USD,ACH,0
2026-01-17 17:17:00,3,A173,2,A2,366.48,USD,366.48,USD,ACH,0
2026-01-17 17:18:00,4,A134,4,A174,132.09,USD,132.09,USD,ACH,0
2026-01-17 17:18:00,1,A246,3,A243,1066.94,USD,1066.94,USD,ACH,0
2026-01-17 17:19:00,2,A237,2,A22,264.2,USD,264.2,USD,ACH,0
2026-01-17 17:21:00,1,A191,1,A221,326.44,USD,326.44,USD,ACH,0
2026-01-17 17:21:00,2,A227,2,A187,116.32,USD,116.32,USD,ACH,0
2026-01-17 17:24:00,1,A16,3,A138,389.22,USD,389.22,USD,ACH,0
2026-01-17 17:25:00,1,A206,4,A274,667.32,USD,667.32,USD,ACH,0
2026-01-17 17:26:00,0,A170,4,A119,565.78,USD,565.78,USD,ACH,0
2026-01-17 17:31:00,4,A39,4,A179,510.68,USD,510.68,USD,ACH,0
2026-01-17 17:31:00,2,A297,3,A143,105.38,USD,105.38,USD,ACH,0
2026-01-17 17:32:00,3,A283,0,A115,1401.8,USD,1401.8,USD,ACH,0
2026-01-17 17:36:00,1,A111,4,A244,254.16,USD,254.16,USD,ACH,0
2026-01-17 17:38:00,0,A25,0,A0,407.46,USD,407.46,USD,ACH,0
2026-01-17 17:39:00,4,A224,0,A195,280.79,USD,280.79,USD,ACH,0
2026-01-17 17:40:00,1,A131,3,A283,286.46,USD,286.46,USD,ACH,0
2026-01-17 17:40:00,2,A247,0,A265,390.44,USD,390.44,USD,ACH,0
2026-01-17 17:41:00,1,A156,4,A189,784.87,USD,784.87,USD,ACH,0
2026-01-17 17:42:00,3,A43,2,A77,136.71,USD,136.71,USD,ACH,0
2026-01-17 17:43:00,3,A143,3,A8,284.93,USD,284.93,USD,ACH,0
2026-01-17 17:46:00,4,A44,4,A184,357.2,USD,357.2,USD,ACH,0
2026-01-17 17:46:00,4,A49,4,A159,348.52,USD,348.52,USD,ACH,0
2026-01-17 17:48:00,4,A139,1,A276,173.07,USD,173.07,USD,ACH,0
2026-01-17 17:50:00,2,A227,0,A175,1097.25,USD,1097.25,USD,ACH,0
2026-01-17 17:53:00,4,A49,0,A260,1026.96,USD,1026.96,USD,ACH,0
2026-01-17 17:53:00,0,A130,2,A197,313.73,USD,313.73,USD,ACH,0
2026-01-17 17:53:00,2,A217,4,A174,439.98,USD,439.98,USD,ACH,0
2026-01-17 17:56:00,4,A229,3,A143,436.08,USD,436.08,USD,ACH,0
2026-01-17 17:59:00,2,A17,0,A265,265.78,USD,265.78,USD,ACH,0
2026-01-18 08:00:00,2,A207,1,A121,319.81,USD,319.81,USD,ACH,1
2026-01-18 08:03:00,1,A71,4,A224,170.16,USD,170.16,USD,ACH,0
2026-01-18 08:04:00,3,A53,2,A37,76.99,USD,76.99,USD,ACH,0
2026-01-18 08:04:00,0,A125,4,A279,788.5,USD,788.5,USD,ACH,0
2026-01-18 08:05:00,3,A248,2,A172,1474.65,USD,1474.65,USD,ACH,0
2026-01-18 08:06:00,1,A81,0,A75,195.69,USD,195.69,USD,ACH,0
2026-01-18 08:10:00,4,A269,1,A186,752.55,USD,752.55,USD,ACH,0
2026-01-18 08:11:00,3,A198,1,A146,368.34,USD,368.34,USD,ACH,0
2026-01-18 08:13:00,3,A158,1,A1,269.09,USD,269.09,USD,ACH,0
2026-01-18 08:13:00,4,A204,1,A26,318.37,USD,318.37,USD,ACH,0
2026-01-18 08:16:00,4,A89,4,A84,376.92,USD,376.92,USD,ACH,0
2026-01-18 08:17:00,4,A9,0,A265,1216.54,USD,1216.54,USD,ACH,0
2026-01-18 08:17:00,4,A154,0,A180,537.12,USD,537.12,USD,ACH,0
2026-01-18 08:17:00,4,A254,4,A99,825.21,USD,825.21,USD,ACH,0
2026-01-18 08:19:00,4,A149,2,A72,434.48,USD,434.48,USD,ACH,0
2026-01-18 08:19:00,3,A193,4,A134,278.54,USD,278.54,USD,ACH,0
2026-01-18 08:21:00,4,A174,2,A242,657.0,USD,657.0,USD,ACH,0
2026-01-18 08:21:00,3,A253,1,A76,1404.58,USD,1404.58,USD,ACH,0
2026-01-18 08:22:00,4,A264,4,A74,232.53,USD,232.53,USD,ACH,0
2026-01-18 08:23:00,3,A93,1,A231,196.43,USD,196.43,USD,ACH,0
2026-01-18 08:23:00,0,A100,1,A136,443.17,USD,443.17,USD,ACH,0
2026-01-18 08:24:00,4,A279,3,A193,1732.35,USD,1732.35,USD,ACH,0
2026-01-18 08:25:00,1,A126,0,A15,464.56,USD,464.56,USD,ACH,0
2026-01-18 08:25:00,3,A183,0,A50,358.11,USD,358.11,USD,ACH,0
2026-01-18 08:26:00,0,A0,4,A144,622.36,USD,622.36,USD,ACH,0
2026-01-18 08:27:00,4,A254,2,A287,645.84,USD,645.84,USD,ACH,0
2026-01-18 08:28:00,2,A287,0,A30,1576.92,USD,1576.92,USD,ACH,0
2026-01-18 08:31:00,2,A27,2,A272,1806.45,USD,1806.45,USD,ACH,0
2026-01-18 08:31:00,4,A299,3,A93,1216.79,USD,1216.79,USD,ACH,0
2026-01-18 08:34:00,1,A11,0,A90,230.74,USD,230.74,USD,ACH,0
2026-01-18 08:34:00,0,A30,0,A80,111.88,USD,111.88,USD,ACH,0
2026-01-18 08:35:00,0,A260,3,A13,286.2,USD,286.2,USD,ACH,0
2026-01-18 08:36:00,0,A70,1,A66,325.03,USD,325.03,USD,ACH,0
2026-01-18 08:37:00,2,A107,4,A284,355.5,USD,355.5,USD,ACH,0
2026-01-18 08:38:00,4,A84,2,A42,1211.76,USD,1211.76,USD,ACH,0
2026-01-18 08:42:00,4,A9,1,A251,851.89,USD,851.89,USD,ACH,0
2026-01-18 08:44:00,0,A245,2,A202,110.1,USD,110.1,USD,ACH,0
2026-01-18 08:45:00,3,A8,2,A82,315.08,USD,315.08,USD,ACH,0
2026-01-18 08:47:00,0,A35,4,A39,851.13,USD,851.13,USD,ACH,0
2026-01-18 08:48:00,3,A173,1,A6,284.04,USD,284.04,USD,ACH,0
2026-01-18 08:49:00,2,A137,2,A87,893.05,USD,893.05,USD,ACH,0
2026-01-18 08:54:00,2,A42,0,A100,452.44,USD,452.44,USD,ACH,0
2026-01-18 08:54:00,1,A96,1,A1,243.04,USD,243.04,USD,ACH,0
2026-01-18 08:55:00,2,A12,4,A199,342.91,USD,342.91,USD,ACH,0
2026-01-18 08:56:00,0,A90,1,A71,89.01,USD,89.01,USD,ACH,0
2026-01-18 08:57:00,2,A212,0,A30,313.61,USD,313.61,USD,ACH,1
2026-01-18 08:59:00,4,A194,0,A265,1458.65,USD,1458.65,USD,ACH,0
2026-01-18 09:01:00,1,A61,2,A227,279.84,USD,279.84,USD,ACH,0
2026-01-18 09:01:00,3,A98,4,A144,545.45,USD,545.45,USD,ACH,0
2026-01-18 09:05:00,0,A110,3,A238,95.28,USD,95.28,USD,ACH,0
2026-01-18 09:06:00,2,A122,3,A238,341.84,USD,341.84,USD,ACH,0
2026-01-18 09:06:00,0,A165,0,A145,856.07,USD,856.07,USD,ACH,0
2026-01-18 09:08:00,1,A66,2,A122,503.51,USD,503.51,USD,ACH,0
2026-01-18 09:08:00,3,A103,0,A160,494.7,USD,494.7,USD,ACH,0
2026-01-18 09:08:00,0,A245,0,A10,1230.23,USD,1230.23,USD,ACH,0
2026-01-18 09:09:00,3,A258,0,A40,663.59,USD,663.59,USD,ACH,0
2026-01-18 09:10:00,3,A3,1,A11,113.51,USD,113.51,USD,ACH,0
2026-01-18 09:10:00,0,A20,1,A161,289.34,USD,289.34,USD,ACH,0
2026-01-18 09:12:00,0,A170,0,A285,308.73,USD,308.73,USD,ACH,0
2026-01-18 09:14:00,3,A253,2,A237,284.87,USD,284.87,USD,ACH,0
2026-01-18 09:19:00,4,A274,3,A293,331.92,USD,331.92,USD,ACH,0
2026-01-18 09:21:00,3,A123,4,A89,303.37,USD,303.37,USD,ACH,0
2026-01-18 09:23:00,3,A3,3,A238,603.57,USD,603.57,USD,ACH,0
2026-01-18 09:24:00,4,A29,0,A250,589.22,USD,589.22,USD,ACH,0
2026-01-18 09:25:00,4,A244,4,A94,944.92,USD,944.92,USD,ACH,0
2026-01-18 09:27:00,2,A92,3,A193,174.93,USD,174.93,USD,ACH,0
2026-01-18 09:27:00,4,A124,3,A73,819.14,USD,819.14,USD,ACH,0
2026-01-18 09:29:00,0,A75,1,A151,236.13,USD,236.13,USD,ACH,0
2026-01-18 09:31:00,0,A60,1,A136,386.91,USD,386.91,USD,ACH,0
2026-01-18 09:31:00,4,A244,2,A92,161.48,USD,161.48,USD,ACH,0
2026-01-18 09:34:00,1,A56,1,A81,1259.14,USD,1259.14,USD,ACH,0
2026-01-18 09:35:00,1,A256,0,A240,429.02,USD,429.02,USD,ACH,0
2026-01-18 09:35:00,4,A289,1,A121,780.03,USD,780.03,USD,ACH,1
2026-01-18 09:38:00,2,A142,1,A126,643.73,USD,643.73,USD,ACH,0
2026-01-18 09:39:00,3,A18,2,A57,271.62,USD,271.62,USD,ACH,0
2026-01-18 09:40:00,0,A105,4,A29,1032.22,USD,1032.22,USD,ACH,0
2026-01-18 09:41:00,0,A185,4,A284,3485.4,USD,3485.4,USD,ACH,0
2026-01-18 09:45:00,4,A24,3,A63,354.63,USD,354.63,USD,ACH,0
2026-01-18 09:46:00,3,A28,0,A65,227.18,USD,227.18,USD,ACH,0
2026-01-18 09:48:00,0,A160,3,A118,337.94,USD,337.94,USD,ACH,0
2026-01-18 09:50:00,2,A117,4,A289,350.63,USD,350.63,USD,ACH,0
2026-01-18 09:50:00,4,A224,1,A186,1053.8,USD,1053.8,USD,ACH,0
2026-01-18 09:52:00,0,A85,2,A267,421.11,USD,421.11,USD,ACH,0
2026-01-18 09:52:00,1,A186,1,A151,665.2,USD,665.2,USD,ACH,0
2026-01-18 09:54:00,0,A60,0,A115,1281.66,USD,1281.66,USD,ACH,0
2026-01-18 09:54:00,1,A91,1,A56,312.17,USD,312.17,USD,ACH,0
2026-01-18 09:54:00,2,A132,4,A219,510.09,USD,510.09,USD,ACH,0
2026-01-18 09:54:00,0,A135,0,A100,218.27,USD,218.27,USD,ACH,0
2026-01-18 09:55:00,3,A168,1,A201,1167.62,USD,1167.62,USD,ACH,0
2026-01-18 09:56:00,4,A4,4,A154,583.35,USD,583.35,USD,ACH,1
2026-01-18 09:56:00,2,A222,0,A165,243.72,USD,243.72,USD,ACH,0
2026-01-18 09:56:00,2,A227,2,A97,156.0,USD,156.0,USD,ACH,0
2026-01-18 09:56:00,3,A293,2,A97,1150.2,USD,1150.2,USD,ACH,0
2026-01-18 09:57:00,4,A214,0,A160,528.85,USD,528.85,USD,ACH,0
2026-01-18 09:58:00,2,A257,1,A156,532.41,USD,532.41,USD,ACH,0
2026-01-18 10:04:00,1,A241,4,A64,424.58,USD,424.58,USD,ACH,0
2026-01-18 10:04:00,1,A266,2,A57,455.09,USD,455.09,USD,ACH,0
2026-01-18 10:05:00,4,A179,0,A220,112.53,USD,112.53,USD,ACH,0
2026-01-18 10:10:00,2,A262,3,A93,592.33,USD,592.33,USD,ACH,0
2026-01-18 10:10:00,4,A279,2,A287,1802.5,USD,1802.5,USD,ACH,0
2026-01-18 10:11:00,1,A21,2,A117,191.72,USD,191.72,USD,ACH,0
2026-01-18 10:11:00,4,A74,2,A242,1149.01,USD,1149.01,USD,ACH,0
2026-01-18 10:12:00,3,A128,1,A141,142.47,USD,142.47,USD,ACH,0
2026-01-18 10:14:00,1,A196,0,A135,816.14,USD,816.14,USD,ACH,0
2026-01-18 10:15:00,1,A16,0,A130,504.04,USD,504.04,USD,ACH,0
2026-01-18 10:15:00,0,A45,0,A40,654.48,USD,654.48,USD,ACH,0
2026-01-18 10:16:00,4,A14,0,A0,511.65,USD,511.65,USD,ACH,0
2026-01-18 10:19:00,2,A152,3,A288,292.46,USD,292.46,USD,ACH,0
2026-01-18 10:20:00,1,A46,2,A197,248.5,USD,248.5,USD,ACH,0
2026-01-18 10:20:00,3,A78,0,A265,739.12,USD,739.12,USD,ACH,0
2026-01-18 10:20:00,3,A113,3,A198,615.49,USD,615.49,USD,ACH,0
2026-01-18 10:20:00,3,A153,4,A219,1056.5,USD,1056.5,USD,ACH,0
2026-01-18 10:21:00,2,A52,1,A206,148.18,USD,148.18,USD,ACH,0
2026-01-18 10:22:00,1,A131,4,A214,589.87,USD,589.87,USD,ACH,0
2026-01-18 10:23:00,0,A65,1,A211,171.49,USD,171.49,USD,ACH,0
2026-01-18 10:23:00,4,A94,4,A44,650.3,USD,650.3,USD,ACH,0
2026-01-18 10:23:00,2,A102,1,A6,413.19,USD,413.19,USD,ACH,0
2026-01-18 10:23:00,1,A236,0,A65,246.85,USD,246.85,USD,ACH,0
2026-01-18 10:24:00,1,A106,0,A145,1890.96,USD,1890.96,USD,ACH,0
2026-01-18 10:24:00,2,A247,2,A22,989.51,USD,989.51,USD,ACH,0
2026-01-18 10:25:00,0,A240,1,A76,296.93,USD,296.93,USD,ACH,0
2026-01-18 10:25:00,0,A250,4,A114,220.62,USD,220.62,USD,ACH,0
2026-01-18 10:26:00,2,A217,1,A271,936.78,USD,936.78,USD,ACH,0
2026-01-18 10:28:00,2,A102,4,A139,240.27,USD,240.27,USD,ACH,0
2026-01-18 10:28:00,3,A293,2,A222,138.45,USD,138.45,USD,ACH,0
2026-01-18 10:29:00,2,A187,4,A154,486.61,USD,486.61,USD,ACH,0
2026-01-18 10:30:00,1,A186,0,A185,596.11,USD,596.11,USD,ACH,0
2026-01-18 10:38:00,2,A27,2,A22,404.65,USD,404.65,USD,ACH,0
2026-01-18 10:38:00,0,A200,2,A257,248.47,USD,248.47,USD,ACH,0
2026-01-18 10:38:00,4,A239,3,A163,156.6,USD,156.6,USD,ACH,0
2026-01-18 10:39:00,3,A138,1,A161,869.34,USD,869.34,USD,ACH,0
2026-01-18 10:40:00,0,A65,2,A127,439.3,USD,439.3,USD,ACH,0
2026-01-18 10:43:00,0,A210,2,A247,83.29,USD,83.29,USD,ACH,0
2026-01-18 10:46:00,1,A146,2,A87,81.94,USD,81.94,USD,ACH,0
2026-01-18 10:49:00,0,A260,1,A206,351.95,USD,351.95,USD,ACH,0
2026-01-18 10:50:00,3,A273,4,A104,526.1,USD,526.1,USD,ACH,0
2026-01-18 10:51:00,1,A1,1,A111,493.17,USD,493.17,USD,ACH,0
2026-01-18 10:51:00,2,A17,2,A117,239.09,USD,239.09,USD,ACH,0
2026-01-18 10:51:00,3,A148,3,A83,538.06,USD,538.06,USD,ACH,0
2026-01-18 10:51:00,3,A208,4,A194,563.84,USD,563.84,USD,ACH,0
2026-01-18 10:51:00,2,A222,4,A254,411.26,USD,411.26,USD,ACH,0
2026-01-18 10:52:00,2,A262,2,A42,241.67,USD,241.67,USD,ACH,0
2026-01-18 10:56:00,2,A2,4,A39,114.77,USD,114.77,USD,ACH,0
2026-01-18 10:56:00,1,A86,0,A105,211.12,USD,211.12,USD,ACH,0
2026-01-18 10:56:00,1,A251,4,A194,229.33,USD,229.33,USD,ACH,0
2026-01-18 11:01:00,1,A261,0,A60,788.91,USD,788.91,USD,ACH,0
2026-01-18 11:03:00,2,A32,3,A118,290.47,USD,290.47,USD,ACH,0
2026-01-18 11:05:00,0,A190,1,A281,685.97,USD,685.97,USD,ACH,0
2026-01-18 11:07:00,2,A212,2,A92,121.27,USD,121.27,USD,ACH,0
2026-01-18 11:08:00,2,A237,2,A182,584.17,USD,584.17,USD,ACH,0
2026-01-18 11:08:00,2,A252,4,A79,467.15,USD,467.15,USD,ACH,0
2026-01-18 11:09:00,2,A112,1,A201,180.89,USD,180.89,USD,ACH,1
2026-01-18 11:09:00,0,A295,4,A134,199.24,USD,199.24,USD,ACH,0
2026-01-18 11:12:00,4,A89,0,A185,1283.96,USD,1283.96,USD,ACH,0
2026-01-18 11:12:00,0,A285,3,A88,281.6,USD,281.6,USD,ACH,0
2026-01-18 11:16:00,3,A38,3,A153,381.47,USD,381.47,USD,ACH,0
2026-01-18 11:19:00,0,A15,0,A170,131.53,USD,131.53,USD,ACH,0
2026-01-18 11:19:00,4,A284,0,A95,1212.05,USD,1212.05,USD,ACH,0
2026-01-18 11:20:00,2,A77,1,A11,481.49,USD,481.49,USD,ACH,0
2026-01-18 11:22:00,1,A231,0,A220,151.64,USD,151.64,USD,ACH,0
2026-01-18 11:24:00,3,A298,4,A274,646.48,USD,646.48,USD,ACH,0
2026-01-18 11:27:00,1,A11,4,A64,902.34,USD,902.34,USD,ACH,0
2026-01-18 11:27:00,1,A86,0,A210,516.5,USD,516.5,USD,ACH,1
2026-01-18 11:27:00,3,A283,3,A8,210.04,USD,210.04,USD,ACH,0
2026-01-18 11:29:00,1,A201,4,A89,382.41,USD,382.41,USD,ACH,0
2026-01-18 11:30:00,4,A224,4,A274,379.15,USD,379.15,USD,ACH,0
2026-01-18 11:34:00,1,A31,2,A27,437.42,USD,437.42,USD,ACH,0
2026-01-18 11:34:00,0,A90,1,A111,240.76,USD,240.76,USD,ACH,0
2026-01-18 11:34:00,0,A130,3,A153,127.01,USD,127.01,USD,ACH,0
2026-01-18 11:41:00,0,A275,1,A181,940.59,USD,940.59,USD,ACH,0
2026-01-18 11:41:00,1,A276,2,A267,269.52,USD,269.52,USD,ACH,0
2026-01-18 11:47:00,3,A23,1,A6,572.71,USD,572.71,USD,ACH,0
2026-01-18 11:48:00,0,A290,3,A43,128.75,USD,128.75,USD,ACH,0
2026-01-18 11:58:00,1,A36,0,A70,539.09,USD,539.09,USD,ACH,0
2026-01-18 11:59:00,2,A172,4,A229,434.82,USD,434.82,USD,ACH,0
2026-01-18 12:00:00,2,A52,4,A189,243.56,USD,243.56,USD,ACH,0
2026-01-18 12:00:00,3,A108,1,A101,1662.11,USD,1662.11,USD,Wire,0
2026-01-18 12:00:00,2,A147,0,A30,1305.57,USD,1305.57,USD,ACH,0
2026-01-18 12:00:00,2,A182,0,A175,2336.82,USD,2336.82,USD,Wire,0
2026-01-18 12:00:00,1,A221,4,A214,2014.0,USD,2014.0,USD,Wire,0
2026-01-18 12:01:00,3,A188,1,A181,1287.83,USD,1287.83,USD,Wire,0
2026-01-18 12:02:00,1,A16,4,A9,3277.82,USD,3277.82,USD,Wire,0
2026-01-18 12:02:00,2,A57,0,A20,303.86,USD,303.86,USD,ACH,0
2026-01-18 12:02:00,0,A120,3,A113,2096.91,USD,2096.91,USD,Wire,0
2026-01-18 12:02:00,2,A162,3,A83,67.34,USD,67.34,USD,ACH,0
2026-01-18 12:02:00,4,A189,0,A35,827.0,USD,827.0,USD,ACH,0
2026-01-18 12:02:00,0,A215,3,A208,2894.44,USD,2894.44,USD,Wire,0
2026-01-18 12:02:00,3,A283,1,A276,2235.84,USD,2235.84,USD,Wire,0
2026-01-18 12:02:00,1,A296,3,A253,791.62,USD,791.62,USD,ACH,0
2026-01-18 12:03:00,0,A175,3,A168,2787.44,USD,2787.44,USD,Wire,0
2026-01-18 12:03:00,0,A210,2,A47,794.31,USD,794.31,USD,ACH,0
2026-01-18 12:03:00,2,A222,0,A215,2329.71,USD,2329.71,USD,Wire,0
2026-01-18 12:03:00,3,A293,1,A286,2613.11,USD,2613.11,USD,Wire,0
2026-01-18 12:04:00,4,A279,2,A272,1688.41,USD,1688.41,USD,Wire,0
2026-01-18 12:05:00,0,A295,3,A288,2799.64,USD,2799.64,USD,Wire,0
2026-01-18 12:06:00,2,A67,1,A21,343.04,USD,343.04,USD,ACH,0
2026-01-18 12:06:00,1,A71,3,A123,404.2,USD,404.2,USD,ACH,0
2026-01-18 12:06:00,4,A124,2,A117,2617.09,USD,2617.09,USD,Wire,0
2026-01-18 12:07:00,0,A80,3,A73,1745.87,USD,1745.87,USD,Wire,0
2026-01-18 12:07:00,3,A83,1,A76,2680.11,USD,2680.11,USD,Wire,0
2026-01-18 12:07:00,1,A161,4,A154,2118.58,USD,2118.58,USD,Wire,0
2026-01-18 12:07:00,3,A223,1,A216,2665.77,USD,2665.77,USD,Wire,0
2026-01-18 12:08:00,2,A92,0,A85,2088.71,USD,2088.71,USD,Wire,0
2026-01-18 12:08:00,3,A143,1,A136,2577.57,USD,2577.57,USD,Wire,0
2026-01-18 12:08:00,4,A144,3,A93,175.15,USD,175.15,USD,ACH,0
2026-01-18 12:08:00,4,A199,0,A60,985.79,USD,985.79,USD,ACH,0
2026-01-18 12:08:00,2,A242,0,A85,87.23,USD,87.23,USD,ACH,0
2026-01-18 12:08:00,3,A288,4,A179,233.32,USD,233.32,USD,ACH,0
2026-01-18 12:09:00,4,A34,0,A55,864.08,USD,864.08,USD,ACH,0
2026-01-18 12:09:00,2,A147,2,A47,1350.03,USD,1350.03,USD,ACH,0
2026-01-18 12:09:00,0,A240,3,A233,1887.3,USD,1887.3,USD,Wire,0
2026-01-18 12:10:00,1,A106,4,A99,3172.3,USD,3172.3,USD,Wire,0
2026-01-18 12:10:00,1,A126,4,A119,3163.17,USD,3163.17,USD,Wire,0
2026-01-18 12:10:00,0,A240,3,A58,303.73,USD,303.73,USD,ACH,0
2026-01-18 12:10:00,1,A291,4,A284,1968.62,USD,1968.62,USD,Wire,0
2026-01-18 12:11:00,0,A75,4,A189,185.22,USD,185.22,USD,ACH,0
2026-01-18 12:11:00,3,A168,1,A161,1217.94,USD,1217.94,USD,Wire,0
2026-01-18 12:12:00,1,A171,1,A266,112.02,USD,112.02,USD,ACH,0
2026-01-18 12:12:00,1,A216,2,A227,351.14,USD,351.14,USD,ACH,0
2026-01-18 12:13:00,0,A55,3,A48,2883.48,USD,2883.48,USD,Wire,0
2026-01-18 12:13:00,0,A280,0,A135,164.92,USD,164.92,USD,ACH,0
2026-01-18 12:14:00,0,A290,3,A283,1737.48,USD,1737.48,USD,Wire,0
2026-01-18 12:15:00,4,A79,2,A107,642.58,USD,642.58,USD,ACH,0
2026-01-18 12:15:00,0,A230,0,A285,223.35,USD,223.35,USD,ACH,0
2026-01-18 12:15:00,0,A270,2,A32,145.3,USD,145.3,USD,ACH,0
2026-01-18 12:15:00,0,A285,3,A278,2621.63,USD,2621.63,USD,Wire,0
2026-01-18 12:16:00,4,A14,2,A7,2729.14,USD,2729.14,USD,Wire,0
2026-01-18 12:16:00,2,A37,3,A273,558.59,USD,558.59,USD,ACH,0
2026-01-18 12:16:00,1,A56,4,A49,3074.38,USD,3074.38,USD,Wire,0
2026-01-18 12:16:00,2,A162,0,A155,2021.02,USD,2021.02,USD,Wire,0
2026-01-18 12:18:00,3,A23,1,A16,2441.64,USD,2441.64,USD,Wire,0
2026-01-18 12:18:00,2,A37,0,A30,1043.33,USD,1043.33,USD,Wire,0
2026-01-18 12:18:00,4,A44,2,A37,2579.32,USD,2579.32,USD,Wire,0
2026-01-18 12:18:00,1,A146,4,A139,3057.46,USD,3057.46,USD,Wire,0
2026-01-18 12:18:00,3,A153,1,A146,2265.39,USD,2265.39,USD,Wire,0
2026-01-18 12:18:00,1,A286,4,A279,3190.82,USD,3190.82,USD,Wire,0
2026-01-18 12:19:00,1,A46,4,A39,3217.56,USD,3217.56,USD,Wire,0
2026-01-18 12:19:00,0,A80,1,A141,383.28,USD,383.28,USD,ACH,0
2026-01-18 12:19:00,2,A102,0,A95,2067.85,USD,2067.85,USD,Wire,0
2026-01-18 12:19:00,3,A113,1,A106,2354.27,USD,2354.27,USD,Wire,0
2026-01-18 12:19:00,1,A226,4,A219,3226.04,USD,3226.04,USD,Wire,0
2026-01-18 12:19:00,3,A3,1,A296,2488.41,USD,2488.41,USD,Wire,0
2026-01-18 12:20:00,1,A101,4,A114,1521.1,USD,1521.1,USD,Wire,0
2026-01-18 12:20:00,0,A175,3,A188,2197.43,USD,2197.43,USD,Wire,0
2026-01-18 12:20:00,4,A214,2,A227,1981.09,USD,1981.09,USD,Wire,0
2026-01-18 12:20:00,1,A281,0,A235,243.22,USD,243.22,USD,ACH,0
2026-01-18 12:21:00,1,A181,4,A194,1235.28,USD,1235.28,USD,Wire,0
2026-01-18 12:22:00,4,A9,2,A22,3092.65,USD,3092.65,USD,Wire,0
2026-01-18 12:22:00,3,A113,1,A126,2010.57,USD,2010.57,USD,Wire,0
2026-01-18 12:22:00,4,A129,0,A110,627.34,USD,627.34,USD,ACH,0
2026-01-18 12:22:00,4,A184,1,A126,2175.36,USD,2175.36,USD,ACH,0
2026-01-18 12:22:00,3,A208,1,A221,2675.13,USD,2675.13,USD,Wire,0
2026-01-18 12:22:00,1,A276,4,A289,2107.63,USD,2107.63,USD,Wire,0
2026-01-18 12:23:00,3,A168,1,A181,2645.44,USD,2645.44,USD,Wire,0
2026-01-18 12:23:00,0,A215,3,A228,2248.78,USD,2248.78,USD,Wire,0
2026-01-18 12:23:00,1,A286,4,A299,2363.23,USD,2363.23,USD,Wire,0
2026-01-18 12:24:00,0,A10,1,A31,395.04,USD,395.04,USD,ACH,0
2026-01-18 12:24:00,2,A72,0,A55,331.64,USD,331.64,USD,ACH,0
2026-01-18 12:24:00,2,A272,0,A285,1642.28,USD,1642.28,USD,Wire,0
2026-01-18 12:25:00,0,A160,4,A199,282.61,USD,282.61,USD,ACH,0
2026-01-18 12:25:00,3,A288,1,A1,2706.91,USD,2706.91,USD,Wire,0
2026-01-18 12:26:00,2,A117,0,A130,2565.16,USD,2565.16,USD,Wire,0
2026-01-18 12:27:00,3,A73,1,A86,1578.42,USD,1578.42,USD,Wire,0
2026-01-18 12:27:00,1,A76,4,A89,2448.05,USD,2448.05,USD,Wire,0
2026-01-18 12:27:00,4,A154,2,A167,2056.72,USD,2056.72,USD,Wire,0
2026-01-18 12:27:00,1,A216,1,A291,364.53,USD,364.53,USD,ACH,0
2026-01-18 12:27:00,1,A216,4,A229,2418.13,USD,2418.13,USD,Wire,0
2026-01-18 12:28:00,0,A85,3,A98,2052.56,USD,2052.56,USD,Wire,0
2026-01-18 12:28:00,1,A136,4,A149,2423.61,USD,2423.61,USD,Wire,0
2026-01-18 12:29:00,3,A233,1,A246,1705.25,USD,1705.25,USD,Wire,0
2026-01-18 12:30:00,4,A99,2,A112,2880.83,USD,2880.83,USD,Wire,0
2026-01-18 12:30:00,3,A118,1,A166,3178.38,USD,3178.38,USD,ACH,0
2026-01-18 12:30:00,4,A119,2,A132,2994.24,USD,2994.24,USD,Wire,0
2026-01-18 12:30:00,4,A284,2,A297,1777.02,USD,1777.02,USD,Wire,0
2026-01-18 12:31:00,1,A41,0,A215,536.69,USD,536.69,USD,ACH,0
2026-01-18 12:31:00,1,A161,4,A174,1194.99,USD,1194.99,USD,Wire,0
2026-01-18 12:33:00,3,A13,3,A113,397.58,USD,397.58,USD,ACH,0
2026-01-18 12:33:00,3,A48,1,A61,2686.15,USD,2686.15,USD,Wire,0
2026-01-18 12:34:00,3,A143,3,A68,572.7,USD,572.7,USD,ACH,0
2026-01-18 12:34:00,1,A276,3,A103,1015.63,USD,1015.63,USD,ACH,0
2026-01-18 12:34:00,0,A280,4,A244,473.66,USD,473.66,USD,ACH,0
2026-01-18 12:34:00,3,A283,1,A296,1632.16,USD,1632.16,USD,Wire,0
2026-01-18 12:35:00,3,A278,1,A291,2386.92,USD,2386.92,USD,Wire,0
2026-01-18 12:36:00,2,A7,0,A20,2456.84,USD,2456.84,USD,Wire,0
2026-01-18 12:36:00,4,A49,2,A62,2842.48,USD,2842.48,USD,Wire,0
2026-01-18 12:36:00,0,A155,3,A168,1835.29,USD,1835.29,USD,Wire,0
2026-01-18 12:36:00,4,A159,3,A168,616.47,USD,616.47,USD,ACH,0
2026-01-18 12:38:00,1,A16,4,A29,2281.99,USD,2281.99,USD,Wire,0
2026-01-18 12:38:00,0,A30,3,A43,1005.61,USD,1005.61,USD,Wire,0
2026-01-18 12:38:00,2,A37,0,A50,2386.66,USD,2386.66,USD,Wire,0
2026-01-18 12:38:00,4,A139,2,A152,2781.39,USD,2781.39,USD,Wire,0
2026-01-18 12:38:00,1,A146,4,A159,2091.22,USD,2091.22,USD,Wire,0
2026-01-18 12:38:00,4,A279,2,A292,3152.92,USD,3152.92,USD,Wire,0
2026-01-18 12:39:00,4,A39,2,A52,3123.42,USD,3123.42,USD,Wire,0
2026-01-18 12:39:00,0,A95,3,A108,1983.22,USD,1983.22,USD,Wire,0
2026-01-18 12:39:00,1,A106,4,A119,2183.78,USD,2183.78,USD,Wire,0
2026-01-18 12:39:00,4,A219,2,A232,3158.4,USD,3158.4,USD,Wire,0
2026-01-18 12:39:00,1,A286,1,A236,226.5,USD,226.5,USD,ACH,0
2026-01-18 12:39:00,1,A296,4,A9,2371.85,USD,2371.85,USD,Wire,0
2026-01-18 12:43:00,0,A40,2,A262,887.33,USD,887.33,USD,ACH,0
2026-01-18 12:43:00,3,A138,0,A225,318.54,USD,318.54,USD,ACH,0
2026-01-18 12:43:00,0,A295,1,A6,431.96,USD,431.96,USD,ACH,0
2026-01-18 12:44:00,0,A150,3,A253,78.84,USD,78.84,USD,ACH,0
2026-01-18 12:44:00,0,A225,3,A63,641.24,USD,641.24,USD,ACH,0
2026-01-18 12:46:00,4,A149,4,A294,498.0,USD,498.0,USD,ACH,0
2026-01-18 12:46:00,4,A159,4,A229,318.99,USD,318.99,USD,ACH,0
2026-01-18 12:48:00,2,A192,2,A137,483.44,USD,483.44,USD,ACH,0
2026-01-18 12:49:00,3,A43,4,A289,929.02,USD,929.02,USD,ACH,0
2026-01-18 12:52:00,4,A139,1,A81,2087.03,USD,2087.03,USD,ACH,0
2026-01-18 12:52:00,1,A221,1,A51,763.99,USD,763.99,USD,ACH,0
2026-01-18 12:53:00,1,A116,0,A290,452.76,USD,452.76,USD,ACH,0
2026-01-18 12:58:00,4,A109,2,A252,157.25,USD,157.25,USD,ACH,0
2026-01-18 12:59:00,4,A174,4,A19,338.91,USD,338.91,USD,ACH,0
2026-01-18 13:01:00,4,A74,0,A120,356.08,USD,356.08,USD,ACH,0
2026-01-18 13:01:00,4,A194,3,A278,269.97,USD,269.97,USD,ACH,0
2026-01-18 13:02:00,4,A169,1,A1,1196.62,USD,1196.62,USD,ACH,0
2026-01-18 13:04:00,4,A24,1,A56,370.53,USD,370.53,USD,ACH,0
2026-01-18 13:06:00,2,A97,3,A123,582.06,USD,582.06,USD,ACH,0
2026-01-18 13:11:00,1,A211,0,A80,465.44,USD,465.44,USD,ACH,1
2026-01-18 13:12:00,1,A166,4,A244,480.23,USD,480.23,USD,ACH,0
2026-01-18 13:13:00,1,A161,3,A73,379.49,USD,379.49,USD,ACH,0
2026-01-18 13:14:00,1,A206,2,A217,576.28,USD,576.28,USD,ACH,0
2026-01-18 13:17:00,2,A162,1,A271,646.07,USD,646.07,USD,ACH,0
2026-01-18 13:17:00,2,A292,3,A93,286.31,USD,286.31,USD,ACH,0
2026-01-18 13:17:00,4,A294,4,A164,740.94,USD,740.94,USD,ACH,0
2026-01-18 13:24:00,2,A62,4,A89,130.24,USD,130.24,USD,ACH,0
2026-01-18 13:25:00,1,A226,0,A295,428.52,USD,428.52,USD,ACH,0
2026-01-18 13:29:00,1,A76,2,A57,399.67,USD,399.67,USD,ACH,1
2026-01-18 13:29:00,4,A239,4,A254,348.92,USD,348.92,USD,ACH,0
2026-01-18 13:32:00,4,A64,0,A205,197.95,USD,197.95,USD,ACH,0
2026-01-18 13:32:00,0,A190,4,A264,400.73,USD,400.73,USD,ACH,0
2026-01-18 13:38:00,0,A10,4,A214,541.11,USD,541.11,USD,ACH,0
2026-01-18 13:39:00,1,A191,1,A76,332.43,USD,332.43,USD,ACH,0
2026-01-18 13:40:00,3,A218,1,A31,325.63,USD,325.63,USD,ACH,0
2026-01-18 13:43:00,4,A44,0,A90,514.56,USD,514.56,USD,ACH,0
2026-01-18 13:47:00,1,A116,3,A163,508.51,USD,508.51,USD,ACH,0
2026-01-18 13:48:00,4,A219,2,A57,443.35,USD,443.35,USD,ACH,0
2026-01-18 13:48:00,0,A275,1,A176,411.39,USD,411.39,USD,ACH,0
2026-01-18 13:49:00,2,A177,4,A279,525.94,USD,525.94,USD,ACH,0
2026-01-18 13:50:00,3,A38,3,A298,438.64,USD,438.64,USD,ACH,0
2026-01-18 13:51:00,3,A213,2,A277,134.07,USD,134.07,USD,ACH,0
2026-01-18 13:55:00,0,A115,1,A256,106.98,USD,106.98,USD,ACH,0
2026-01-18 13:55:00,2,A287,4,A254,290.87,USD,290.87,USD,ACH,0
2026-01-18 13:56:00,1,A111,4,A159,435.32,USD,435.32,USD,ACH,0
2026-01-18 13:56:00,3,A263,4,A39,123.68,USD,123.68,USD,ACH,0
2026-01-18 13:57:00,0,A5,1,A286,273.2,USD,273.2,USD,ACH,0
2026-01-18 13:57:00,2,A157,2,A97,412.57,USD,412.57,USD,ACH,0
2026-01-18 13:57:00,3,A228,4,A134,1279.95,USD,1279.95,USD,ACH,0
2026-01-18 13:57:00,0,A235,1,A231,212.91,USD,212.91,USD,ACH,0
2026-01-18 13:58:00,0,A165,4,A39,722.97,USD,722.97,USD,ACH,0
2026-01-18 14:01:00,2,A87,0,A235,421.67,USD,421.67,USD,ACH,0
2026-01-18 14:05:00,1,A16,1,A236,1206.07,USD,1206.07,USD,ACH,0
2026-01-18 14:09:00,0,A95,3,A88,246.72,USD,246.72,USD,ACH,0
2026-01-18 14:11:00,4,A229,3,A83,3052.15,USD,3052.15,USD,ACH,0
2026-01-18 14:11:00,0,A270,1,A236,716.83,USD,716.83,USD,ACH,0
2026-01-18 14:12:00,2,A202,2,A147,366.27,USD,366.27,USD,ACH,0
2026-01-18 14:13:00,1,A156,4,A179,437.23,USD,437.23,USD,ACH,0
2026-01-18 14:14:00,3,A58,1,A91,372.86,USD,372.86,USD,ACH,0
2026-01-18 14:16:00,3,A143,4,A119,180.45,USD,180.45,USD,ACH,0
2026-01-18 14:16:00,3,A243,1,A121,211.71,USD,211.71,USD,ACH,0
2026-01-18 14:16:00,2,A272,3,A118,3218.08,USD,3218.08,USD,ACH,0
2026-01-18 14:18:00,0,A215,1,A246,427.95,USD,427.95,USD,ACH,0
2026-01-18 14:19:00,0,A155,2,A42,336.3,USD,336.3,USD,ACH,0
2026-01-18 14:24:00,3,A88,2,A152,1098.65,USD,1098.65,USD,ACH,0
2026-01-18 14:25:00,3,A133,4,A154,74.51,USD,74.51,USD,ACH,0
2026-01-18 14:27:00,2,A22,2,A37,805.64,USD,805.64,USD,ACH,0
2026-01-18 14:27:00,2,A92,1,A6,305.75,USD,305.75,USD,ACH,0
2026-01-18 14:27:00,0,A145,3,A173,627.82,USD,627.82,USD,ACH,0
2026-01-18 14:28:00,2,A127,4,A34,316.8,USD,316.8,USD,ACH,0
2026-01-18 14:28:00,4,A294,2,A92,383.16,USD,383.16,USD,ACH,0
2026-01-18 14:31:00,3,A98,0,A215,496.65,USD,496.65,USD,ACH,0
2026-01-18 14:32:00,3,A63,4,A294,371.27,USD,371.27,USD,ACH,0
2026-01-18 14:37:00,1,A56,2,A87,287.76,USD,287.76,USD,ACH,0
2026-01-18 14:38:00,2,A282,2,A92,96.55,USD,96.55,USD,ACH,0
2026-01-18 14:39:00,0,A0,4,A94,1167.42,USD,1167.42,USD,ACH,0
2026-01-18 14:40:00,0,A5,1,A6,593.68,USD,593.68,USD,ACH,0
2026-01-18 14:40:00,0,A205,1,A271,436.69,USD,436.69,USD,ACH,0
2026-01-18 14:41:00,2,A257,1,A61,227.49,USD,227.49,USD,ACH,0
2026-01-18 14:43:00,2,A297,1,A211,451.59,USD,451.59,USD,ACH,0
2026-01-18 14:44:00,3,A23,0,A275,1057.79,USD,1057.79,USD,ACH,0
2026-01-18 14:44:00,1,A291,1,A231,176.4,USD,176.4,USD,ACH,0
2026-01-18 14:46:00,0,A50,2,A107,304.53,USD,304.53,USD,ACH,0
2026-01-18 14:46:00,2,A207,3,A148,288.08,USD,288.08,USD,ACH,0
2026-01-18 14:47:00,4,A69,4,A204,374.62,USD,374.62,USD,ACH,0
2026-01-18 14:49:00,1,A256,1,A176,216.43,USD,216.43,USD,ACH,0
2026-01-18 14:51:00,4,A214,1,A111,325.79,USD,325.79,USD,ACH,0
2026-01-18 14:51:00,2,A277,1,A171,328.79,USD,328.79,USD,ACH,0
2026-01-18 14:52:00,4,A59,1,A276,2087.2,USD,2087.2,USD,ACH,0
2026-01-18 14:52:00,1,A151,0,A75,208.62,USD,208.62,USD,ACH,0
2026-01-18 14:55:00,3,A88,0,A5,199.26,USD,199.26,USD,ACH,0
2026-01-18 14:55:00,4,A234,0,A70,593.65,USD,593.65,USD,ACH,0
2026-01-18 14:58:00,1,A136,2,A172,383.72,USD,383.72,USD,ACH,0
2026-01-18 14:58:00,0,A175,1,A1,471.64,USD,471.64,USD,ACH,0
2026-01-18 14:59:00,2,A97,1,A36,931.22,USD,931.22,USD,ACH,0
2026-01-18 15:01:00,3,A113,4,A299,170.92,USD,170.92,USD,ACH,0
2026-01-18 15:02:00,2,A67,4,A189,482.56,USD,482.56,USD,ACH,0
2026-01-18 15:02:00,3,A108,0,A75,311.11,USD,311.11,USD,ACH,0
2026-01-18 15:03:00,1,A26,0,A210,750.46,USD,750.46,USD,ACH,0
2026-01-18 15:03:00,4,A29,2,A122,127.05,USD,127.05,USD,ACH,0
2026-01-18 15:03:00,4,A44,4,A54,1905.3,USD,1905.3,USD,ACH,0
2026-01-18 15:03:00,4,A109,4,A189,383.62,USD,383.62,USD,ACH,0
2026-01-18 15:03:00,4,A114,2,A257,612.11,USD,612.11,USD,ACH,0
2026-01-18 15:03:00,1,A246,1,A296,446.73,USD,446.73,USD,ACH,0
2026-01-18 15:05:00,1,A201,0,A240,683.09,USD,683.09,USD,ACH,0
2026-01-18 15:06:00,4,A39,2,A92,789.76,USD,789.76,USD,ACH,0
2026-01-18 15:07:00,1,A191,4,A279,379.52,USD,379.52,USD,ACH,0
2026-01-18 15:08:00,3,A93,1,A186,796.4,USD,796.4,USD,ACH,0
2026-01-18 15:08:00,0,A265,0,A90,865.54,USD,865.54,USD,ACH,0
2026-01-18 15:10:00,4,A189,3,A118,669.8,USD,669.8,USD,ACH,0
2026-01-18 15:11:00,3,A168,2,A152,462.08,USD,462.08,USD,ACH,0
2026-01-18 15:12:00,1,A101,3,A208,161.13,USD,161.13,USD,ACH,0
2026-01-18 15:12:00,2,A127,1,A101,547.37,USD,547.37,USD,ACH,0
2026-01-18 15:12:00,3,A178,0,A85,1782.85,USD,1782.85,USD,ACH,0
2026-01-18 15:13:00,4,A64,0,A170,269.52,USD,269.52,USD,ACH,0
2026-01-18 15:13:00,4,A134,0,A130,759.35,USD,759.35,USD,ACH,0
2026-01-18 15:13:00,3,A258,3,A238,264.09,USD,264.09,USD,ACH,0
2026-01-18 15:14:00,4,A19,1,A101,532.85,USD,532.85,USD,ACH,0
2026-01-18 15:15:00,3,A233,0,A175,438.48,USD,438.48,USD,ACH,0
2026-01-18 15:16:00,0,A110,4,A244,428.18,USD,428.18,USD,ACH,0
2026-01-18 15:16:00,4,A209,4,A199,172.54,USD,172.54,USD,ACH,0
2026-01-18 15:17:00,3,A203,0,A120,1289.07,USD,1289.07,USD,ACH,0
2026-01-18 15:19:00,2,A7,2,A252,627.68,USD,627.68,USD,ACH,0
2026-01-18 15:21:00,2,A247,4,A279,626.45,USD,626.45,USD,ACH,0
2026-01-18 15:22:00,0,A115,0,A230,364.16,USD,364.16,USD,ACH,0
2026-01-18 15:23:00,0,A85,4,A179,257.04,USD,257.04,USD,ACH,0
2026-01-18 15:23:00,4,A259,4,A199,446.11,USD,446.11,USD,ACH,0
2026-01-18 15:24:00,2,A157,4,A74,394.71,USD,394.71,USD,ACH,0
2026-01-18 15:26:00,2,A232,1,A6,837.69,USD,837.69,USD,ACH,0
2026-01-18 15:26:00,2,A297,3,A168,646.05,USD,646.05,USD,ACH,0
2026-01-18 15:29:00,3,A73,3,A63,246.42,USD,246.42,USD,ACH,0
2026-01-18 15:34:00,1,A161,1,A26,171.21,USD,171.21,USD,ACH,0
2026-01-18 15:35:00,4,A104,2,A252,2168.36,USD,2168.36,USD,ACH,0
2026-01-18 15:35:00,1,A211,2,A282,1048.24,USD,1048.24,USD,ACH,1
2026-01-18 15:37:00,2,A167,0,A230,443.32,USD,443.32,USD,ACH,0
2026-01-18 15:37:00,2,A267,2,A227,1023.75,USD,1023.75,USD,ACH,0
2026-01-18 15:40:00,1,A141,4,A209,58.86,USD,58.86,USD,ACH,0
2026-01-18 15:41:00,1,A151,4,A164,291.75,USD,291.75,USD,ACH,0
2026-01-18 15:42:00,1,A271,3,A203,270.57,USD,270.57,USD,ACH,0
2026-01-18 15:45:00,3,A68,3,A168,439.73,USD,439.73,USD,ACH,0
2026-01-18 15:47:00,0,A35,1,A271,427.0,USD,427.0,USD,ACH,0
2026-01-18 15:47:00,3,A103,1,A151,391.89,USD,391.89,USD,ACH,0
2026-01-18 15:48:00,4,A69,3,A223,1381.48,USD,1381.48,USD,ACH,0
2026-01-18 15:49:00,4,A134,3,A258,372.37,USD,372.37,USD,ACH,0
2026-01-18 15:50:00,4,A49,2,A292,286.75,USD,286.75,USD,ACH,0
2026-01-18 15:50:00,4,A249,3,A173,988.81,USD,988.81,USD,ACH,0
2026-01-18 15:51:00,2,A177,0,A180,150.27,USD,150.27,USD,ACH,0
2026-01-18 15:52:00,3,A33,4,A299,164.0,USD,164.0,USD,ACH,0
2026-01-18 15:56:00,0,A55,0,A230,1301.25,USD,1301.25,USD,ACH,0
2026-01-18 15:58:00,2,A47,4,A199,208.23,USD,208.23,USD,ACH,0
2026-01-18 15:58:00,2,A182,3,A118,153.62,USD,153.62,USD,ACH,0
2026-01-18 16:00:00,0,A25,2,A257,594.12,USD,594.12,USD,ACH,0
2026-01-18 16:03:00,0,A140,3,A203,157.99,USD,157.99,USD,ACH,0
2026-01-18 16:05:00,4,A234,2,A202,191.45,USD,191.45,USD,ACH,0
2026-01-18 16:05:00,4,A289,0,A250,378.26,USD,378.26,USD,ACH,0
2026-01-18 16:06:00,0,A145,4,A204,179.31,USD,179.31,USD,ACH,0
2026-01-18 16:06:00,3,A158,3,A13,399.8,USD,399.8,USD,ACH,0
2026-01-18 16:06:00,0,A175,2,A27,247.45,USD,247.45,USD,ACH,0
2026-01-18 16:07:00,1,A181,4,A154,177.19,USD,177.19,USD,ACH,0
2026-01-18 16:09:00,1,A176,0,A65,332.67,USD,332.67,USD,ACH,0
2026-01-18 16:11:00,2,A2,4,A214,199.36,USD,199.36,USD,ACH,0
2026-01-18 16:11:00,0,A125,3,A43,167.63,USD,167.63,USD,ACH,0
2026-01-18 16:11:00,0,A265,3,A293,562.65,USD,562.65,USD,ACH,0
2026-01-18 16:12:00,3,A128,1,A26,1006.83,USD,1006.83,USD,ACH,0
2026-01-18 16:14:00,1,A41,4,A264,225.59,USD,225.59,USD,ACH,0
2026-01-18 16:16:00,1,A51,0,A135,164.92,USD,164.92,USD,ACH,0
2026-01-18 16:17:00,2,A272,2,A112,452.07,USD,452.07,USD,ACH,0
2026-01-18 16:19:00,0,A20,3,A148,339.84,USD,339.84,USD,ACH,0
2026-01-18 16:20:00,3,A178,2,A7,279.83,USD,279.83,USD,ACH,0
2026-01-18 16:20:00,2,A197,0,A160,825.0,USD,825.0,USD,ACH,0
2026-01-18 16:21:00,3,A163,1,A186,620.81,USD,620.81,USD,ACH,0
2026-01-18 16:26:00,2,A112,0,A100,225.26,USD,225.26,USD,ACH,0
2026-01-18 16:27:00,1,A176,4,A299,4865.83,USD,4865.83,USD,ACH,0
2026-01-18 16:27:00,3,A223,0,A0,167.6,USD,167.6,USD,ACH,0
2026-01-18 16:28:00,2,A77,3,A113,447.77,USD,447.77,USD,ACH,0
2026-01-18 16:29:00,2,A17,0,A20,138.47,USD,138.47,USD,ACH,0
2026-01-18 16:29:00,1,A296,2,A62,351.11,USD,351.11,USD,ACH,0
2026-01-18 16:32:00,4,A79,1,A81,217.83,USD,217.83,USD,ACH,0
2026-01-18 16:32:00,4,A229,3,A233,668.95,USD,668.95,USD,ACH,0
2026-01-18 16:33:00,4,A49,4,A4,1672.9,USD,1672.9,USD,ACH,0
2026-01-18 16:33:00,1,A241,3,A148,1126.58,USD,1126.58,USD,ACH,0
2026-01-18 16:34:00,3,A218,3,A128,438.18,USD,438.18,USD,ACH,0
2026-01-18 16:35:00,1,A126,1,A181,536.02,USD,536.02,USD,ACH,0
2026-01-18 16:35:00,2,A137,4,A109,610.89,USD,610.89,USD,ACH,0
2026-01-18 16:36:00,4,A179,4,A284,560.42,USD,560.42,USD,ACH,0
2026-01-18 16:37:00,4,A99,2,A232,452.99,USD,452.99,USD,ACH,0
2026-01-18 16:39:00,0,A255,2,A2,265.26,USD,265.26,USD,ACH,0
2026-01-18 16:40:00,3,A238,4,A29,250.7,USD,250.7,USD,ACH,0
2026-01-18 16:41:00,1,A141,4,A119,111.7,USD,111.7,USD,ACH,0
2026-01-18 16:42:00,4,A119,0,A170,251.48,USD,251.48,USD,ACH,0
2026-01-18 16:44:00,3,A278,4,A9,3063.21,USD,3063.21,USD,ACH,0
2026-01-18 16:44:00,3,A288,1,A231,601.37,USD,601.37,USD,ACH,0
2026-01-18 16:45:00,0,A25,0,A140,75.1,USD,75.1,USD,ACH,0
2026-01-18 16:46:00,4,A54,0,A45,97.49,USD,97.49,USD,ACH,0
2026-01-18 16:50:00,3,A58,0,A120,592.36,USD,592.36,USD,ACH,0
2026-01-18 16:51:00,3,A268,0,A65,661.98,USD,661.98,USD,ACH,0
2026-01-18 16:51:00,2,A292,1,A46,488.01,USD,488.01,USD,ACH,0
2026-01-18 16:56:00,4,A94,0,A220,191.93,USD,191.93,USD,ACH,0
2026-01-18 16:57:00,4,A124,4,A119,309.46,USD,309.46,USD,ACH,0
2026-01-18 17:00:00,0,A45,4,A79,106.21,USD,106.21,USD,ACH,0
2026-01-18 17:01:00,3,A18,0,A50,260.35,USD,260.35,USD,ACH,0
2026-01-18 17:04:00,4,A249,3,A88,1366.88,USD,1366.88,USD,ACH,0
2026-01-18 17:06:00,4,A99,1,A241,355.69,USD,355.69,USD,ACH,0
2026-01-18 17:11:00,1,A6,3,A178,174.14,USD,174.14,USD,ACH,0
2026-01-18 17:13:00,1,A221,2,A52,297.33,USD,297.33,USD,ACH,0
2026-01-18 17:14:00,3,A233,2,A97,158.75,USD,158.75,USD,ACH,0
2026-01-18 17:16:00,0,A180,2,A297,117.56,USD,117.56,USD,ACH,0
2026-01-18 17:17:00,0,A120,2,A127,725.26,USD,725.26,USD,ACH,0
2026-01-18 17:18:00,2,A152,1,A266,191.8,USD,191.8,USD,ACH,0
2026-01-18 17:18:00,4,A184,0,A255,324.28,USD,324.28,USD,ACH,0
2026-01-18 17:19:00,1,A136,3,A213,93.37,USD,93.37,USD,ACH,0
2026-01-18 17:20:00,3,A248,1,A91,1450.52,USD,1450.52,USD,ACH,0
2026-01-18 17:21:00,2,A82,1,A186,310.14,USD,310.14,USD,ACH,0
2026-01-18 17:24:00,3,A83,1,A176,229.95,USD,229.95,USD,ACH,0
2026-01-18 17:25:00,3,A118,4,A169,782.67,USD,782.67,USD,ACH,0
2026-01-18 17:25:00,1,A131,3,A133,443.11,USD,443.11,USD,ACH,0
2026-01-18 17:29:00,1,A121,1,A141,459.28,USD,459.28,USD,ACH,0
2026-01-18 17:33:00,3,A298,1,A251,820.05,USD,820.05,USD,ACH,0
2026-01-18 17:35:00,3,A48,2,A22,148.76,USD,148.76,USD,ACH,0
2026-01-18 17:36:00,3,A78,4,A244,411.8,USD,411.8,USD,ACH,0
2026-01-18 17:41:00,1,A146,1,A51,607.49,USD,607.49,USD,ACH,0
2026-01-18 17:42:00,0,A220,2,A172,287.42,USD,287.42,USD,ACH,0
2026-01-18 17:46:00,1,A231,1,A151,344.06,USD,344.06,USD,ACH,0
2026-01-18 17:47:00,3,A188,1,A251,612.75,USD,612.75,USD,ACH,0
2026-01-18 17:49:00,4,A164,3,A53,213.43,USD,213.43,USD,ACH,0
2026-01-18 17:50:00,0,A195,3,A238,594.66,USD,594.66,USD,ACH,0
2026-01-18 17:50:00,4,A259,2,A187,1435.68,USD,1435.68,USD,ACH,0
2026-01-18 17:51:00,3,A183,0,A10,576.01,USD,576.01,USD,ACH,0
2026-01-18 17:52:00,4,A129,2,A242,502.59,USD,502.59,USD,ACH,0
2026-01-18 17:54:00,2,A182,4,A264,339.12,USD,339.12,USD,ACH,0
2026-01-18 17:55:00,4,A19,0,A115,718.96,USD,718.96,USD,ACH,0
2026-01-18 17:55:00,0,A80,1,A106,405.79,USD,405.79,USD,ACH,0
2026-01-18 17:59:00,3,A48,2,A217,441.89,USD,441.89,USD,ACH,0
